{
"type": "FeatureCollection",
"name": "edmonds_precincts",
"crs": { "type": "name", "properties": { "name": "urn:ogc:def:crs:OGC:1.3:CRS84" } },
"features": [
{ "type": "Feature", "properties": { "precinct": "8910", "name": "NRV Mtlk Terr Well Site" }, "geometry": { "type": "Polygon", "coordinates": [ [ [ -122.332692508807, 47.778027793016797 ], [ -122.332682258579993, 47.7779018818905 ], [ -122.332829418101994, 47.777856248162699 ], [ -122.333001331006997, 47.777857760092502 ], [ -122.332999156471729, 47.777861931077965 ], [ -122.332844098346001, 47.777860120953598 ], [ -122.332734861796993, 47.7779289241969 ], [ -122.332732398222007, 47.778024862094099 ], [ -122.332913112898225, 47.778026971627199 ], [ -122.332909794485005, 47.778033336689901 ], [ -122.332692508807, 47.778027793016797 ] ] ] } },
{ "type": "Feature", "properties": { "precinct": "1564", "name": "Edmonds 50" }, "geometry": { "type": "Polygon", "coordinates": [ [ [ -122.355868743974, 47.7813759562627 ], [ -122.355881768188993, 47.780797561811497 ], [ -122.355892196661998, 47.780321342303601 ], [ -122.355903196138996, 47.779847258021398 ], [ -122.355913825745006, 47.779360581469902 ], [ -122.355924455152007, 47.778873904900301 ], [ -122.355935300620999, 47.778394595000599 ], [ -122.355945861034002, 47.777940224163501 ], [ -122.355949324826867, 47.777773453412891 ], [ -122.355964503406, 47.777773407963799 ], [ -122.357303364638994, 47.777773784262202 ], [ -122.361332820932006, 47.7777748202762 ], [ -122.361461480914997, 47.777774851387697 ], [ -122.361884941731105, 47.777774951687221 ], [ -122.362451578236005, 47.778148716810101 ], [ -122.363487185675993, 47.7788313965358 ], [ -122.364654038525998, 47.7796009073448 ], [ -122.365239034490997, 47.7799867083572 ], [ -122.365344674358994, 47.780119992650498 ], [ -122.365993346438998, 47.7809393732921 ], [ -122.365197976987005, 47.780938137801201 ], [ -122.363422130833996, 47.7809353892997 ], [ -122.362065915667003, 47.780935992581298 ], [ -122.361991277298998, 47.780957128841699 ], [ -122.361935946649993, 47.7809949722214 ], [ -122.361902565429006, 47.781070138761002 ], [ -122.361901373433, 47.781426530524101 ], [ -122.361291620553004, 47.781425609752802 ], [ -122.359936331032003, 47.7814235186394 ], [ -122.358177249576002, 47.781420721450303 ], [ -122.355867917652006, 47.7814170972608 ], [ -122.355868743974, 47.7813759562627 ] ] ] } },
{ "type": "Feature", "properties": { "precinct": "1511", "name": "Edmonds 41" }, "geometry": { "type": "Polygon", "coordinates": [ [ [ -122.348585377541994, 47.781332673088002 ], [ -122.348223375935007, 47.780969450127202 ], [ -122.348036876443004, 47.780782298115497 ], [ -122.347894387959002, 47.780639462972402 ], [ -122.347614980323996, 47.7803703402883 ], [ -122.347373580934999, 47.7801488695779 ], [ -122.347177350413006, 47.779993978239297 ], [ -122.346849383597004, 47.779750862016698 ], [ -122.346583039224001, 47.779597927483202 ], [ -122.346480430925993, 47.779549417136899 ], [ -122.346170555168996, 47.779403314500499 ], [ -122.34619698393, 47.779298253988102 ], [ -122.346235526116999, 47.779085495201201 ], [ -122.346267232043999, 47.778795280250598 ], [ -122.346266976514002, 47.778437880949802 ], [ -122.346248226979, 47.778161188207797 ], [ -122.346226055049002, 47.777958916461799 ], [ -122.346212652786207, 47.777802240385292 ], [ -122.346516994778, 47.777801352795102 ], [ -122.346855796439996, 47.777800364378201 ], [ -122.347812406138004, 47.777797567474799 ], [ -122.348566264319999, 47.777795357862203 ], [ -122.349095150173, 47.777793804309702 ], [ -122.350911167633001, 47.7777884523354 ], [ -122.351506961450994, 47.777786690812398 ], [ -122.352354867193995, 47.7777841769581 ], [ -122.353604540231998, 47.777780462227398 ], [ -122.354818388282993, 47.777776839766901 ], [ -122.355949324826867, 47.777773453412891 ], [ -122.355945861034002, 47.777940224163501 ], [ -122.355935300620999, 47.778394595000599 ], [ -122.355924455152007, 47.778873904900301 ], [ -122.355913825745006, 47.779360581469902 ], [ -122.355903196138996, 47.779847258021398 ], [ -122.355892196661998, 47.780321342303601 ], [ -122.355881768188993, 47.780797561811497 ], [ -122.355868743974, 47.7813759562627 ], [ -122.355867917652006, 47.7814170972608 ], [ -122.354737521827005, 47.781419142676 ], [ -122.352917597035997, 47.781422387445197 ], [ -122.350753418490001, 47.781426239160602 ], [ -122.348693990325003, 47.781429857754603 ], [ -122.348585377541994, 47.781332673088002 ] ] ] } },
{ "type": "Feature", "properties": { "precinct": "1514", "name": "Edmonds 44" }, "geometry": { "type": "Polygon", "coordinates": [ [ [ -122.366416657770003, 47.784215362018301 ], [ -122.366433826752001, 47.784108022331097 ], [ -122.366468091022, 47.783890857416303 ], [ -122.366587430896999, 47.783265875797198 ], [ -122.366581920488002, 47.782615064377097 ], [ -122.366571907582994, 47.782035520988899 ], [ -122.366553955601006, 47.7819099716612 ], [ -122.366497138439001, 47.781691031472803 ], [ -122.366439297409997, 47.781540655158203 ], [ -122.366375611156997, 47.781433372078801 ], [ -122.365993346438998, 47.7809393732921 ], [ -122.365344674358994, 47.780119992650498 ], [ -122.365239034490997, 47.7799867083572 ], [ -122.364654038525998, 47.7796009073448 ], [ -122.363487185675993, 47.7788313965358 ], [ -122.362451578236005, 47.778148716810101 ], [ -122.361884941731105, 47.777774951687221 ], [ -122.361891240806997, 47.777774953179197 ], [ -122.362065761439993, 47.777774993845703 ], [ -122.362945841243999, 47.777775195549403 ], [ -122.363291548611997, 47.777775273093503 ], [ -122.363637254647998, 47.777775349608703 ], [ -122.363982962018994, 47.777775425059303 ], [ -122.364417331748001, 47.777775518503603 ], [ -122.364824046539994, 47.777775604378199 ], [ -122.365212767795995, 47.777775684672697 ], [ -122.365456796139, 47.777775734678301 ], [ -122.365700824482005, 47.777775784162301 ], [ -122.365944852826004, 47.7777758331247 ], [ -122.366406473083998, 47.777775923779402 ], [ -122.366437383185996, 47.777775929677198 ], [ -122.366619796858004, 47.7777759653315 ], [ -122.366701137416996, 47.777775981085398 ], [ -122.366823144582995, 47.777776918659299 ], [ -122.369277894334999, 47.777795755707402 ], [ -122.369400120519003, 47.777796692079797 ], [ -122.370030617376003, 47.777801521509097 ], [ -122.370132289652005, 47.777802299271201 ], [ -122.370902882278997, 47.777808196592098 ], [ -122.371350240232999, 47.777811616991798 ], [ -122.372083736371863, 47.777817222263131 ], [ -122.372089389593, 47.778723309567702 ], [ -122.37209086547, 47.778944449736102 ], [ -122.372095321245993, 47.779591676866701 ], [ -122.372099441627, 47.780244735260901 ], [ -122.372103315556998, 47.780906623017202 ], [ -122.372107596307998, 47.781547940184197 ], [ -122.372111704321995, 47.782183431979902 ], [ -122.372116170755007, 47.782848139132497 ], [ -122.372120505004006, 47.783559804950002 ], [ -122.372124455909002, 47.784138573901501 ], [ -122.372130459700998, 47.785112165404698 ], [ -122.371252094580996, 47.785109776914297 ], [ -122.369479600386995, 47.785104933580698 ], [ -122.366277918240996, 47.785096039428502 ], [ -122.366416657770003, 47.784215362018301 ] ] ] } },
{ "type": "Feature", "properties": { "precinct": "1500", "name": "Edmonds 40" }, "geometry": { "type": "Polygon", "coordinates": [ [ [ -122.340351965118998, 47.787724503174204 ], [ -122.340907279354994, 47.786952585259201 ], [ -122.341416047381998, 47.786242031136098 ], [ -122.341944347500998, 47.785504138409699 ], [ -122.342231708569997, 47.785102838197098 ], [ -122.343023867355001, 47.783961122191897 ], [ -122.343475061953001, 47.783266314751998 ], [ -122.344178470881999, 47.7823792269363 ], [ -122.344950144756993, 47.781462267820501 ], [ -122.345279425371999, 47.781035211659699 ], [ -122.345513648777995, 47.780731689532203 ], [ -122.345645510926005, 47.7805103253122 ], [ -122.34586896898, 47.780134196751497 ], [ -122.345917237585994, 47.780045641659001 ], [ -122.346063364656004, 47.779703269321701 ], [ -122.346170555168996, 47.779403314500499 ], [ -122.346480430925993, 47.779549417136899 ], [ -122.346583039224001, 47.779597927483202 ], [ -122.346849383597004, 47.779750862016698 ], [ -122.347177350413006, 47.779993978239297 ], [ -122.347373580934999, 47.7801488695779 ], [ -122.347614980323996, 47.7803703402883 ], [ -122.347894387959002, 47.780639462972402 ], [ -122.348036876443004, 47.780782298115497 ], [ -122.348223375935007, 47.780969450127202 ], [ -122.348585377541994, 47.781332673088002 ], [ -122.348693990325003, 47.781429857754603 ], [ -122.348758905195993, 47.781493432928102 ], [ -122.348911893153996, 47.781629959075097 ], [ -122.349149905638996, 47.781822080687398 ], [ -122.349283991077996, 47.781920725809599 ], [ -122.349383163477, 47.781990615266899 ], [ -122.349573926613004, 47.782114557236099 ], [ -122.349916557472, 47.782319083242797 ], [ -122.350442245973994, 47.782609948780603 ], [ -122.350968264062004, 47.782877071522002 ], [ -122.351939398948005, 47.783409302231298 ], [ -122.352389974339005, 47.783704585661198 ], [ -122.352634610557004, 47.783878960099202 ], [ -122.352893155128996, 47.784163515150802 ], [ -122.353085011214006, 47.784393602886901 ], [ -122.353226496250997, 47.7846228189727 ], [ -122.353326120128003, 47.784985321734901 ], [ -122.353360445617994, 47.785150070904002 ], [ -122.353196690657995, 47.785150194449599 ], [ -122.353113286221998, 47.785150190098101 ], [ -122.352732886471998, 47.785150369157201 ], [ -122.352628632746999, 47.785150470988299 ], [ -122.352483185276995, 47.785150521713398 ], [ -122.352170423095998, 47.7851506553259 ], [ -122.352016839262006, 47.785150727333601 ], [ -122.351653730102001, 47.785150930087497 ], [ -122.351660566706997, 47.785332325399501 ], [ -122.351666816518005, 47.785493677226597 ], [ -122.351670571797001, 47.7855871978566 ], [ -122.351680408977998, 47.785836332165701 ], [ -122.351690068188006, 47.786079384811799 ], [ -122.351694004118997, 47.786179072523602 ], [ -122.351698762685004, 47.786306855638898 ], [ -122.351707093588999, 47.7865219059602 ], [ -122.351714484072005, 47.786704835811697 ], [ -122.351720694115002, 47.786864818055001 ], [ -122.351733788936997, 47.7872078223293 ], [ -122.351742009776999, 47.787419103858902 ], [ -122.351720186763998, 47.787420679611202 ], [ -122.351703402463997, 47.787420645530702 ], [ -122.351616946581998, 47.787420766979302 ], [ -122.351494888549993, 47.787420847182503 ], [ -122.351167871502994, 47.787420996482801 ], [ -122.350840858289004, 47.787421230257898 ], [ -122.350812886971994, 47.787421259269003 ], [ -122.350523508118002, 47.787421506517802 ], [ -122.350206156751995, 47.787421695549398 ], [ -122.350060705409007, 47.787421828618001 ], [ -122.349888298162, 47.787421975898802 ], [ -122.349774376845005, 47.787422032548399 ], [ -122.349570949314995, 47.787422249493702 ], [ -122.349502291975995, 47.787422303904002 ], [ -122.349253596607994, 47.787422435895799 ], [ -122.349206807441007, 47.787422457069603 ], [ -122.348935739368002, 47.787422714475198 ], [ -122.348618386655005, 47.787422899112102 ], [ -122.34830103777, 47.787423168278401 ], [ -122.347983685079001, 47.787423352050602 ], [ -122.347666336187999, 47.787423619453101 ], [ -122.347385095335, 47.787423836275302 ], [ -122.347106903471001, 47.787424011980796 ], [ -122.346364386179999, 47.787424599774504 ], [ -122.346282976664995, 47.787423364778498 ], [ -122.346244817599, 47.787422842170002 ], [ -122.34617560813669, 47.787421781340477 ], [ -122.346172740512003, 47.787212611064497 ], [ -122.346169593572995, 47.786983120792598 ], [ -122.346154597334504, 47.786983085287609 ], [ -122.346154521355004, 47.786977521473297 ], [ -122.345639801204996, 47.786976286182799 ], [ -122.345600690701247, 47.786976188093163 ], [ -122.345602613134005, 47.786948907416999 ], [ -122.345587114358736, 47.786948927114395 ], [ -122.345587472806002, 47.786943303542003 ], [ -122.345268094489995, 47.786943677559897 ], [ -122.345122138582994, 47.786943896499402 ], [ -122.344938038940995, 47.786944105682203 ], [ -122.344938334532003, 47.786971693490102 ], [ -122.344490838385994, 47.786973589625603 ], [ -122.344389134241993, 47.786973993788898 ], [ -122.344262449076922, 47.786974518310359 ], [ -122.344262123603997, 47.786950663124998 ], [ -122.344247481083983, 47.786950682765251 ], [ -122.344247413538994, 47.786945021023101 ], [ -122.343875656761995, 47.786945570598299 ], [ -122.343579164470995, 47.786945893494597 ], [ -122.343479493882, 47.786946269049999 ], [ -122.342906893180995, 47.786948357153697 ], [ -122.342907691075993, 47.786975766487302 ], [ -122.342864465996001, 47.786975909768998 ], [ -122.342785644078006, 47.786976180897199 ], [ -122.342683430170993, 47.7869765893807 ], [ -122.342336615178993, 47.786977831566503 ], [ -122.342230841426996, 47.7869782012312 ], [ -122.342233017371996, 47.7871054185212 ], [ -122.342234313472005, 47.787184919038303 ], [ -122.342235928592999, 47.787275383290002 ], [ -122.342237541233999, 47.787365762111698 ], [ -122.342238648003999, 47.787456233980002 ], [ -122.342240263140994, 47.787546698229797 ], [ -122.342241878283005, 47.787637162479001 ], [ -122.342243493431994, 47.787727626727502 ], [ -122.342245108585999, 47.787818090975399 ], [ -122.342246723772007, 47.787908556121899 ], [ -122.342248338936997, 47.787999020368503 ], [ -122.342249954107999, 47.788089484614503 ], [ -122.342251060888998, 47.788179955578499 ], [ -122.342254241380999, 47.7883416917131 ], [ -122.342260415628004, 47.788711179297799 ], [ -122.342033587752994, 47.788711434704503 ], [ -122.341687758014004, 47.788711976250603 ], [ -122.341600283153994, 47.788712103547702 ], [ -122.341502126879007, 47.788712200042497 ], [ -122.341132901896003, 47.788712792540998 ], [ -122.340889804026006, 47.788713175065901 ], [ -122.339859432170002, 47.7887147786223 ], [ -122.339639219782001, 47.7887151129096 ], [ -122.340351965118998, 47.787724503174204 ] ] ] } },
{ "type": "Feature", "properties": { "precinct": "1513", "name": "Edmonds 43" }, "geometry": { "type": "Polygon", "coordinates": [ [ [ -122.372124455909002, 47.784138573901501 ], [ -122.372120505004006, 47.783559804950002 ], [ -122.372116170755007, 47.782848139132497 ], [ -122.372111704321995, 47.782183431979902 ], [ -122.372107596307998, 47.781547940184197 ], [ -122.372103315556998, 47.780906623017202 ], [ -122.372099441627, 47.780244735260901 ], [ -122.372095321245993, 47.779591676866701 ], [ -122.37209086547, 47.778944449736102 ], [ -122.372089389593, 47.778723309567702 ], [ -122.372083736371863, 47.777817222263131 ], [ -122.372098744018999, 47.777817336949397 ], [ -122.372159754370003, 47.7778178027786 ], [ -122.374303791879996, 47.777834158083799 ], [ -122.376888309194001, 47.777853819992401 ], [ -122.377190929139999, 47.777856117631799 ], [ -122.377481604896474, 47.777858324703836 ], [ -122.377481943993004, 47.777933370133702 ], [ -122.377483781417993, 47.778336678702701 ], [ -122.377485522822994, 47.778719681639402 ], [ -122.377486560137996, 47.778925318687101 ], [ -122.377487594917, 47.779130870303099 ], [ -122.377488605031999, 47.779318513693802 ], [ -122.377489434929004, 47.779483024224298 ], [ -122.377489318518997, 47.7795132734188 ], [ -122.377490264803996, 47.779647533853598 ], [ -122.377490512261005, 47.7797070838526 ], [ -122.377491092141994, 47.779811958052299 ], [ -122.377491197702, 47.779900901159301 ], [ -122.377491922027005, 47.779976467677599 ], [ -122.377492391459995, 47.780094711587701 ], [ -122.377492751944999, 47.780140978200201 ], [ -122.377493076912998, 47.780288528888903 ], [ -122.377493581842003, 47.7803054878216 ], [ -122.377493900885, 47.780469918887903 ], [ -122.377494270686995, 47.780482339311803 ], [ -122.377494730817006, 47.7806344294046 ], [ -122.377494956152006, 47.780676156607498 ], [ -122.377495560726999, 47.780798939020002 ], [ -122.377496152486003, 47.780870052453601 ], [ -122.377496390643003, 47.7809634486335 ], [ -122.377497401743, 47.781185281697702 ], [ -122.377498933919995, 47.781407535925197 ], [ -122.377498840561998, 47.781489797604102 ], [ -122.377499122836994, 47.7815163574951 ], [ -122.377499430602001, 47.781543773470901 ], [ -122.377500716346006, 47.781791909231004 ], [ -122.377502169677996, 47.782113990728597 ], [ -122.377503292227999, 47.782356644658698 ], [ -122.377504414762001, 47.782599297685202 ], [ -122.377505657179, 47.782845976643301 ], [ -122.377506172449998, 47.782914520013598 ], [ -122.377506179408996, 47.782983071158498 ], [ -122.377507424388, 47.7832298355383 ], [ -122.377508974643007, 47.783503931355902 ], [ -122.377509889725999, 47.783705456967098 ], [ -122.377510304729995, 47.783787711756403 ], [ -122.377510934203002, 47.783979645079299 ], [ -122.377511466515998, 47.784065839474799 ], [ -122.377512072005004, 47.784171570624601 ], [ -122.377513207272003, 47.7843634107385 ], [ -122.377514767080001, 47.784706142198601 ], [ -122.377516611849998, 47.785126759882097 ], [ -122.377516686736996, 47.785163433294898 ], [ -122.377516718272005, 47.785198650824498 ], [ -122.377516680938001, 47.785231555486902 ], [ -122.377515920034, 47.785598824605103 ], [ -122.377515079359, 47.786031732177001 ], [ -122.377514668255998, 47.786188718877497 ], [ -122.377514113103999, 47.786579977798603 ], [ -122.377513952957003, 47.786830788674202 ], [ -122.377513632526004, 47.786854186479303 ], [ -122.377513149373002, 47.787128308826397 ], [ -122.377513024492998, 47.787175352946299 ], [ -122.377512465663997, 47.787429854906598 ], [ -122.377512183077997, 47.787676554402999 ], [ -122.377511894565004, 47.787940134265 ], [ -122.377511702453006, 47.787950762161898 ], [ -122.377511219306001, 47.788224885385702 ], [ -122.377510215396001, 47.788703551961099 ], [ -122.377510407627, 47.788744165869801 ], [ -122.377508987441004, 47.7893796473329 ], [ -122.377508971658003, 47.789549910493498 ], [ -122.377508576495998, 47.7896391166977 ], [ -122.376207654946001, 47.790548629265203 ], [ -122.374826661086004, 47.790545602526798 ], [ -122.374826208334994, 47.789640658012303 ], [ -122.372144073878999, 47.789632877990897 ], [ -122.372143781831994, 47.789503064742 ], [ -122.372141673691004, 47.788729331284898 ], [ -122.372139771128005, 47.788116773487197 ], [ -122.372137571357001, 47.7874427817572 ], [ -122.372135343786994, 47.786733573365403 ], [ -122.372133436401, 47.786069431046897 ], [ -122.372130459700998, 47.785112165404698 ], [ -122.372124455909002, 47.784138573901501 ] ] ] } },
{ "type": "Feature", "properties": { "precinct": "1173", "name": "Woodway 1" }, "geometry": { "type": "Polygon", "coordinates": [ [ [ -122.377505803649996, 47.791390617975097 ], [ -122.377506426758998, 47.790916240591997 ], [ -122.377506500612, 47.7908674825186 ], [ -122.377507293717002, 47.790552483166501 ], [ -122.377508576495998, 47.7896391166977 ], [ -122.377508971658003, 47.789549910493498 ], [ -122.377508987441004, 47.7893796473329 ], [ -122.377510407627, 47.788744165869801 ], [ -122.377510215396001, 47.788703551961099 ], [ -122.377511219306001, 47.788224885385702 ], [ -122.377511702453006, 47.787950762161898 ], [ -122.377511894565004, 47.787940134265 ], [ -122.377512183077997, 47.787676554402999 ], [ -122.377512465663997, 47.787429854906598 ], [ -122.377513024492998, 47.787175352946299 ], [ -122.377513149373002, 47.787128308826397 ], [ -122.377513632526004, 47.786854186479303 ], [ -122.377513952957003, 47.786830788674202 ], [ -122.377514113103999, 47.786579977798603 ], [ -122.377514668255998, 47.786188718877497 ], [ -122.377515079359, 47.786031732177001 ], [ -122.377515920034, 47.785598824605103 ], [ -122.377516680938001, 47.785231555486902 ], [ -122.377516718272005, 47.785198650824498 ], [ -122.377516686736996, 47.785163433294898 ], [ -122.377516611849998, 47.785126759882097 ], [ -122.377514767080001, 47.784706142198601 ], [ -122.377513207272003, 47.7843634107385 ], [ -122.377512072005004, 47.784171570624601 ], [ -122.377511466515998, 47.784065839474799 ], [ -122.377510934203002, 47.783979645079299 ], [ -122.377510304729995, 47.783787711756403 ], [ -122.377509889725999, 47.783705456967098 ], [ -122.377508974643007, 47.783503931355902 ], [ -122.377507424388, 47.7832298355383 ], [ -122.377506179408996, 47.782983071158498 ], [ -122.377506172449998, 47.782914520013598 ], [ -122.377505657179, 47.782845976643301 ], [ -122.377504414762001, 47.782599297685202 ], [ -122.377503292227999, 47.782356644658698 ], [ -122.377502169677996, 47.782113990728597 ], [ -122.377500716346006, 47.781791909231004 ], [ -122.377499430602001, 47.781543773470901 ], [ -122.377499122836994, 47.7815163574951 ], [ -122.377498840561998, 47.781489797604102 ], [ -122.377498933919995, 47.781407535925197 ], [ -122.377497401743, 47.781185281697702 ], [ -122.377496390643003, 47.7809634486335 ], [ -122.377496152486003, 47.780870052453601 ], [ -122.377495560726999, 47.780798939020002 ], [ -122.377494956152006, 47.780676156607498 ], [ -122.377494730817006, 47.7806344294046 ], [ -122.377494270686995, 47.780482339311803 ], [ -122.377493900885, 47.780469918887903 ], [ -122.377493581842003, 47.7803054878216 ], [ -122.377493076912998, 47.780288528888903 ], [ -122.377492751944999, 47.780140978200201 ], [ -122.377492391459995, 47.780094711587701 ], [ -122.377491922027005, 47.779976467677599 ], [ -122.377491197702, 47.779900901159301 ], [ -122.377491092141994, 47.779811958052299 ], [ -122.377490512261005, 47.7797070838526 ], [ -122.377490264803996, 47.779647533853598 ], [ -122.377489318518997, 47.7795132734188 ], [ -122.377489434929004, 47.779483024224298 ], [ -122.377488605031999, 47.779318513693802 ], [ -122.377487594917, 47.779130870303099 ], [ -122.377486560137996, 47.778925318687101 ], [ -122.377485522822994, 47.778719681639402 ], [ -122.377483781417993, 47.778336678702701 ], [ -122.377481943993004, 47.777933370133702 ], [ -122.377481604896474, 47.777858324703836 ], [ -122.377496359174998, 47.777858436731599 ], [ -122.377496750911007, 47.777939015898603 ], [ -122.377498710264007, 47.778342337234101 ], [ -122.377500570387994, 47.778725290006903 ], [ -122.377501568206995, 47.778930898812497 ], [ -122.377502567421004, 47.779136509395499 ], [ -122.377503479097001, 47.779324162224498 ], [ -122.377504277626002, 47.779488648898798 ], [ -122.377504425142007, 47.779518886428399 ], [ -122.377505077520993, 47.779653136452303 ], [ -122.377505366966005, 47.779712706577698 ], [ -122.377505876059004, 47.779817623122597 ], [ -122.377506308823996, 47.779906527623403 ], [ -122.377506675964, 47.779982110672201 ], [ -122.377507249328005, 47.7801003477853 ], [ -122.377507474512996, 47.780146597338501 ], [ -122.377508191201002, 47.780294168825499 ], [ -122.377508273066994, 47.780311084002903 ], [ -122.377509072986996, 47.780475571546603 ], [ -122.377509133079997, 47.780487989863097 ], [ -122.377509871551993, 47.780640058206998 ], [ -122.377510074940005, 47.780681809998597 ], [ -122.377510670147998, 47.780804545764703 ], [ -122.377511015498996, 47.780875631048701 ], [ -122.377511470056007, 47.780969032403199 ], [ -122.377512547576003, 47.7811908978668 ], [ -122.377513627197999, 47.781413147432197 ], [ -122.377514027187999, 47.781495391647297 ], [ -122.377514156470994, 47.781522012983501 ], [ -122.377514289410001, 47.781549429526102 ], [ -122.377515494091, 47.7817975304119 ], [ -122.377517059471998, 47.7821196517936 ], [ -122.377518238407006, 47.782362269889397 ], [ -122.37751941738, 47.782604888880101 ], [ -122.377520615994001, 47.782851618822399 ], [ -122.377520948118004, 47.7829201520791 ], [ -122.377521281818005, 47.782988693410701 ], [ -122.377522480476998, 47.783235424245198 ], [ -122.377523812042, 47.7835095698155 ], [ -122.377524791994006, 47.783711120649002 ], [ -122.377525190685006, 47.783793364868203 ], [ -122.377526123584005, 47.783985266209598 ], [ -122.377526542400005, 47.7840714585464 ], [ -122.377527056489996, 47.7841771675483 ], [ -122.377527988094997, 47.784369069801599 ], [ -122.377529653280007, 47.784711751276099 ], [ -122.377531696318002, 47.785132344710298 ], [ -122.377531632083006, 47.785169097373398 ], [ -122.377531568701002, 47.785204264910803 ], [ -122.377531511171995, 47.785237163550903 ], [ -122.377530858219998, 47.7856044240324 ], [ -122.377530089434003, 47.786037321659897 ], [ -122.377529810979993, 47.786194368648097 ], [ -122.377529115472996, 47.786585617794302 ], [ -122.377528670426003, 47.786836407347799 ], [ -122.377528629110998, 47.786859764495098 ], [ -122.377528141409996, 47.7871339112085 ], [ -122.377528058259003, 47.787181011442001 ], [ -122.377527606369, 47.787435471487598 ], [ -122.377527167300997, 47.787682203700797 ], [ -122.377526699458997, 47.787945766211202 ], [ -122.377526680919004, 47.787956350379098 ], [ -122.377526194504995, 47.788230496152501 ], [ -122.377525343285001, 47.788709175982802 ], [ -122.377525271883002, 47.788749812351 ], [ -122.377524143117, 47.789385257522 ], [ -122.377523840722006, 47.7895555326647 ], [ -122.377523681452999, 47.789644769868701 ], [ -122.377522059415, 47.7905580780034 ], [ -122.377521499062993, 47.790873135398797 ], [ -122.377521413074007, 47.790921844160302 ], [ -122.377520616227841, 47.791370521358836 ], [ -122.377505803649996, 47.791390617975097 ] ] ] } },
{ "type": "Feature", "properties": { "precinct": "1563", "name": "Edmonds 49" }, "geometry": { "type": "Polygon", "coordinates": [ [ [ -122.355797321324999, 47.784572884841097 ], [ -122.355807642803995, 47.784110291447497 ], [ -122.355818135481002, 47.783636213185098 ], [ -122.355828827037996, 47.783151593369702 ], [ -122.355839565742997, 47.782685908705403 ], [ -122.355850380110994, 47.782205485671 ], [ -122.355860990203993, 47.781735433297101 ], [ -122.355867917652006, 47.7814170972608 ], [ -122.358177249576002, 47.781420721450303 ], [ -122.359936331032003, 47.7814235186394 ], [ -122.361291620553004, 47.781425609752802 ], [ -122.361901373433, 47.781426530524101 ], [ -122.361902565429006, 47.781070138761002 ], [ -122.361935946649993, 47.7809949722214 ], [ -122.361991277298998, 47.780957128841699 ], [ -122.362065915667003, 47.780935992581298 ], [ -122.363422130833996, 47.7809353892997 ], [ -122.365197976987005, 47.780938137801201 ], [ -122.365993346438998, 47.7809393732921 ], [ -122.366375611156997, 47.781433372078801 ], [ -122.366439297409997, 47.781540655158203 ], [ -122.366497138439001, 47.781691031472803 ], [ -122.366553955601006, 47.7819099716612 ], [ -122.366571907582994, 47.782035520988899 ], [ -122.366581920488002, 47.782615064377097 ], [ -122.366587430896999, 47.783265875797198 ], [ -122.366468091022, 47.783890857416303 ], [ -122.366433826752001, 47.784108022331097 ], [ -122.366416657770003, 47.784215362018301 ], [ -122.366277918240996, 47.785096039428502 ], [ -122.366182772117995, 47.785713927066297 ], [ -122.366175741643005, 47.785820188683701 ], [ -122.366179012290999, 47.785999660631397 ], [ -122.366197788815001, 47.786153132641701 ], [ -122.366237970862997, 47.786325339467403 ], [ -122.366266189949002, 47.786419731585703 ], [ -122.366396129492003, 47.786720722061503 ], [ -122.366460536378995, 47.7868521589671 ], [ -122.366638523898004, 47.787212828107499 ], [ -122.366762669370004, 47.787455285657202 ], [ -122.366765446336998, 47.787798692580097 ], [ -122.366765923626005, 47.787857717541797 ], [ -122.366765025098999, 47.788015617993999 ], [ -122.366770016675005, 47.788357308395597 ], [ -122.366772434454006, 47.788714251122002 ], [ -122.364717052002007, 47.788709960870897 ], [ -122.364066005409995, 47.788708665707503 ], [ -122.362766351036001, 47.788701487664298 ], [ -122.362694919730998, 47.788701062670597 ], [ -122.361578254425993, 47.7886944561061 ], [ -122.361448309465999, 47.788693686294401 ], [ -122.361448286781993, 47.7886929165347 ], [ -122.361422720291998, 47.787825328106699 ], [ -122.361407030983997, 47.787292903453903 ], [ -122.361393674121004, 47.786839622854203 ], [ -122.359475643004998, 47.786833829152101 ], [ -122.358564692827997, 47.786831092733799 ], [ -122.358541039716997, 47.786286263608801 ], [ -122.358518500578, 47.785779293900298 ], [ -122.358506185988006, 47.785498917128699 ], [ -122.358487590913001, 47.785074154695003 ], [ -122.356281255116002, 47.785067788877598 ], [ -122.355786382361003, 47.7850664202861 ], [ -122.355797321324999, 47.784572884841097 ] ] ] } },
{ "type": "Feature", "properties": { "precinct": "1577", "name": "Edmonds 52" }, "geometry": { "type": "Polygon", "coordinates": [ [ [ -122.332834835506816, 47.792334672739912 ], [ -122.332835386818999, 47.7922579383251 ], [ -122.332820475534987, 47.792257761154659 ], [ -122.332820520300999, 47.7922523120655 ], [ -122.332646000154995, 47.792250233439297 ], [ -122.332479619976993, 47.792248219502298 ], [ -122.332332577724998, 47.792246550599103 ], [ -122.332019659972005, 47.792242774813602 ], [ -122.331775434568002, 47.792239896865397 ], [ -122.331470659290005, 47.792236269111498 ], [ -122.331399426174002, 47.792235404467 ], [ -122.331345077770607, 47.792234764059302 ], [ -122.331412188854003, 47.792111478365101 ], [ -122.331510261570003, 47.791931314384897 ], [ -122.331608332269994, 47.7917511503355 ], [ -122.331706403623002, 47.791570986181803 ], [ -122.331804474294998, 47.791390821941498 ], [ -122.331902542950004, 47.791210657632099 ], [ -122.332000783094003, 47.791030491875802 ], [ -122.332099013215, 47.790850326155102 ], [ -122.332197234619997, 47.7906701595534 ], [ -122.332295458038004, 47.790489993728897 ], [ -122.332393603973998, 47.790309849516497 ], [ -122.332439792651996, 47.790225067556101 ], [ -122.332476482329994, 47.790155864516898 ], [ -122.332490516044999, 47.790129392154697 ], [ -122.332493252880994, 47.790124228502101 ], [ -122.332576262624997, 47.789967651746899 ], [ -122.332637840524001, 47.789844946505099 ], [ -122.332754746150002, 47.789590976425998 ], [ -122.332822728085006, 47.789448097104298 ], [ -122.332921820601996, 47.789182737920598 ], [ -122.333007076480001, 47.788915323061502 ], [ -122.333065248582997, 47.788699767773203 ], [ -122.333081043771998, 47.7886402055871 ], [ -122.333138606421002, 47.788369030577698 ], [ -122.333167402531004, 47.788199739791303 ], [ -122.333169476329005, 47.788171011705501 ], [ -122.333173329912, 47.788117651676998 ], [ -122.333198462948005, 47.7879275490643 ], [ -122.333257613393997, 47.787465337382699 ], [ -122.333308774130003, 47.786267487974101 ], [ -122.333316383346002, 47.786089332805602 ], [ -122.333324209919994, 47.785906095634203 ], [ -122.333332168327004, 47.785719757603601 ], [ -122.333316787050251, 47.785719602660855 ], [ -122.333317017374995, 47.785714122000499 ], [ -122.332395735112996, 47.785704885194001 ], [ -122.332394207525994, 47.785704819788698 ], [ -122.331996324870261, 47.785699912560048 ], [ -122.331535535873996, 47.784684242062497 ], [ -122.331179798435002, 47.783900098085702 ], [ -122.331481659659005, 47.783741941454799 ], [ -122.331821326257995, 47.783401595548803 ], [ -122.331903228936994, 47.7829431619611 ], [ -122.331825237862006, 47.782484945119798 ], [ -122.33166026552, 47.7820892792341 ], [ -122.331422707474999, 47.781811632416598 ], [ -122.330737526345999, 47.781495434893699 ], [ -122.330734129780282, 47.781495205319047 ], [ -122.330722389936994, 47.781489790051502 ], [ -122.329981040703998, 47.781439701392003 ], [ -122.329450122426607, 47.781403819653526 ], [ -122.329422971194006, 47.781363879159002 ], [ -122.327747640536003, 47.7788993781515 ], [ -122.327542582185004, 47.778662415308098 ], [ -122.327003654452, 47.778039626992602 ], [ -122.327098634847005, 47.777931036781503 ], [ -122.327122787484001, 47.777903421488404 ], [ -122.327241963825003, 47.7777671658055 ], [ -122.327243672397003, 47.7776849290439 ], [ -122.327514509477993, 47.777688103491997 ], [ -122.327652135570005, 47.777689716903403 ], [ -122.329951422617, 47.777716639273898 ], [ -122.333368713339993, 47.777756568272899 ], [ -122.335336151725997, 47.777779509221503 ], [ -122.336683751219994, 47.777782449370797 ], [ -122.336734037371997, 47.777782558984399 ], [ -122.338031350866004, 47.777785373613703 ], [ -122.338663342035943, 47.777786739656264 ], [ -122.338715890293997, 47.779597229925699 ], [ -122.338735265531, 47.780912958939901 ], [ -122.338440332700003, 47.781070998962903 ], [ -122.338072421131997, 47.781272672734602 ], [ -122.338075192616998, 47.7818764740624 ], [ -122.338090858615004, 47.782977263058399 ], [ -122.338095179687997, 47.783266400136299 ], [ -122.338108185287993, 47.784170314809003 ], [ -122.338114315537993, 47.784591900640002 ], [ -122.338121223645004, 47.785075342700701 ], [ -122.338787938538005, 47.785075036654398 ], [ -122.338792770417996, 47.785311555577302 ], [ -122.338803808541996, 47.785884485942297 ], [ -122.338814495194001, 47.786462819428301 ], [ -122.338823055391003, 47.7868978258293 ], [ -122.336983474801997, 47.786896104749097 ], [ -122.335444643299994, 47.786900507445601 ], [ -122.335454441403002, 47.787607469215097 ], [ -122.335463136871994, 47.788188570631497 ], [ -122.335470438075006, 47.788721533845603 ], [ -122.335479394708003, 47.789329195187598 ], [ -122.335487579857997, 47.789910217785803 ], [ -122.335490836638996, 47.790110426023901 ], [ -122.335496904389004, 47.790548121505502 ], [ -122.335512108309004, 47.791599645316602 ], [ -122.335520959476995, 47.792221188757203 ], [ -122.335523136793, 47.792366570623798 ], [ -122.335520632815999, 47.792366540592603 ], [ -122.332834835506816, 47.792334672739912 ] ], [ [ -122.332913112898225, 47.778026971627199 ], [ -122.332922625820004, 47.7780270826742 ], [ -122.332956058671002, 47.778027472917799 ], [ -122.332968000988004, 47.778006152026997 ], [ -122.333048454367002, 47.777862506573904 ], [ -122.332999156471729, 47.777861931077965 ], [ -122.333001331006997, 47.777857760092502 ], [ -122.332829418101994, 47.777856248162699 ], [ -122.332682258579993, 47.7779018818905 ], [ -122.332692508807, 47.778027793016797 ], [ -122.332909794485005, 47.778033336689901 ], [ -122.332913112898225, 47.778026971627199 ] ] ] } },
{ "type": "Feature", "properties": { "precinct": "1525", "name": "Edmonds 47" }, "geometry": { "type": "Polygon", "coordinates": [ [ [ -122.355856670399007, 47.789400589759303 ], [ -122.355858592182003, 47.789448720004003 ], [ -122.355864893681996, 47.789594048173399 ], [ -122.355871696074999, 47.789739112375102 ], [ -122.355873620392998, 47.789787328047403 ], [ -122.35587525230919, 47.789827299598258 ], [ -122.355861649630981, 47.789815051321654 ], [ -122.355797828760998, 47.789717732239303 ], [ -122.355678002676413, 47.78960794896593 ], [ -122.355662456969995, 47.789584200181501 ], [ -122.355632631020001, 47.789556654295097 ], [ -122.355609363900996, 47.789535167061601 ], [ -122.355589495540002, 47.789516818214601 ], [ -122.355572103868994, 47.7895007564276 ], [ -122.355570514942997, 47.789499288764098 ], [ -122.355567769306006, 47.7894967524973 ], [ -122.355565711132996, 47.789494852082299 ], [ -122.355535307663004, 47.7894667741079 ], [ -122.355479279858997, 47.789415029961397 ], [ -122.355458296025006, 47.789395649722103 ], [ -122.355426506813998, 47.789366291163198 ], [ -122.355415713778996, 47.789356324376598 ], [ -122.355291732392004, 47.789241821813 ], [ -122.355223192796004, 47.7891785206657 ], [ -122.355200303347004, 47.789157381863703 ], [ -122.355118276257002, 47.789081625470502 ], [ -122.355096200513003, 47.7890612368695 ], [ -122.354968128981994, 47.7889429561654 ], [ -122.354941894546002, 47.788918726767399 ], [ -122.354861487272004, 47.788844465346301 ], [ -122.354859647333996, 47.788842767120897 ], [ -122.354847004895007, 47.788831090488998 ], [ -122.354841609836001, 47.7888261075001 ], [ -122.354834539452, 47.788819577024597 ], [ -122.354792176309005, 47.788780452748199 ], [ -122.354769446378995, 47.788759461072701 ], [ -122.354762566743005, 47.788753107072601 ], [ -122.354739226204998, 47.788731549579602 ], [ -122.354703713985003, 47.788698751768102 ], [ -122.354697700157004, 47.788693197671797 ], [ -122.354690745062996, 47.788686773604198 ], [ -122.354659000661997, 47.788657456526003 ], [ -122.354638839369997, 47.7886388370448 ], [ -122.354636198112999, 47.788636397422799 ], [ -122.354596988252993, 47.788600183567503 ], [ -122.354590096307007, 47.788593818026598 ], [ -122.354579395502995, 47.7885839353984 ], [ -122.354572599606001, 47.788577658537399 ], [ -122.354544131813, 47.788551366326502 ], [ -122.354540044429996, 47.788547592063502 ], [ -122.354523794976004, 47.788532584537002 ], [ -122.354432076191003, 47.788447874381703 ], [ -122.354402486213999, 47.788420546348299 ], [ -122.354384542331999, 47.788403973572798 ], [ -122.354381884665003, 47.788401519770197 ], [ -122.354325325372997, 47.788349280184697 ], [ -122.354309117208999, 47.788334310762103 ], [ -122.354276399038, 47.7883040925554 ], [ -122.354265886332001, 47.788294383716099 ], [ -122.354261442614998, 47.788290201271501 ], [ -122.354230707263, 47.788261272762099 ], [ -122.354229172499004, 47.788259828648698 ], [ -122.354213749238994, 47.788245312054599 ], [ -122.354207755668, 47.788239671301703 ], [ -122.354180737776005, 47.788212963865398 ], [ -122.354157423488004, 47.788189917962697 ], [ -122.354151704328999, 47.7881841206191 ], [ -122.354134674780994, 47.7881668573254 ], [ -122.354111020256994, 47.788141949265103 ], [ -122.354096583450996, 47.788126746612498 ], [ -122.354063704129999, 47.788090751431703 ], [ -122.354059534925, 47.788086187489299 ], [ -122.354023545873005, 47.788045202225 ], [ -122.354004210661003, 47.788022280519101 ], [ -122.353988623310002, 47.788003802421898 ], [ -122.353954775448997, 47.787961995168502 ], [ -122.353946188104999, 47.787950931942603 ], [ -122.353922017442002, 47.787919796456798 ], [ -122.353918872557003, 47.787915566115501 ], [ -122.353909228160006, 47.787902596307902 ], [ -122.353905200886999, 47.787897181242897 ], [ -122.353905054066004, 47.7878969996789 ], [ -122.353904789514999, 47.7878966271671 ], [ -122.353902532164, 47.787893529303098 ], [ -122.353873921117, 47.787854269236298 ], [ -122.353844037149003, 47.787811384513503 ], [ -122.353843895005994, 47.787811180396901 ], [ -122.353814989390003, 47.787767743774801 ], [ -122.353811601130005, 47.787762405659599 ], [ -122.353787211384997, 47.787723974569403 ], [ -122.353766725461, 47.7876900713783 ], [ -122.353760570700999, 47.787679885246703 ], [ -122.353735078457007, 47.787635490952503 ], [ -122.35373031972, 47.787626752585801 ], [ -122.353710738917997, 47.7875908006271 ], [ -122.353699209257002, 47.787568433444797 ], [ -122.353698941825996, 47.787567917034302 ], [ -122.353694555569007, 47.787559407603503 ], [ -122.353692017778002, 47.787554483673397 ], [ -122.353687559253004, 47.787545831267899 ], [ -122.353665553225994, 47.787500597086201 ], [ -122.353664654794002, 47.787498637115299 ], [ -122.353644715865002, 47.787455110743203 ], [ -122.353627315820006, 47.787414632608503 ], [ -122.353625060932998, 47.787409386450001 ], [ -122.353610568378997, 47.787373328940603 ], [ -122.353606592800006, 47.787363436743398 ], [ -122.353589314630995, 47.787317278674301 ], [ -122.353587601276999, 47.787312336567801 ], [ -122.353586697267005, 47.787309730754302 ], [ -122.353573238748993, 47.787270922874299 ], [ -122.353572467766995, 47.787268483515497 ], [ -122.353555990852996, 47.787216324303998 ], [ -122.353554594436005, 47.787211902446899 ], [ -122.353551504885999, 47.787199995030498 ], [ -122.353539916122003, 47.787155343606997 ], [ -122.353536803346003, 47.7871429624077 ], [ -122.353532534430997, 47.787125977130401 ], [ -122.353528113009006, 47.787108388449397 ], [ -122.353517526049998, 47.787061299249999 ], [ -122.353508162466994, 47.787014094804697 ], [ -122.353500823318001, 47.786971470281699 ], [ -122.353500099390999, 47.786967266170798 ], [ -122.353499896578995, 47.786965994130902 ], [ -122.353485112856006, 47.786873003587402 ], [ -122.353484517206994, 47.786869259265799 ], [ -122.353479033067998, 47.786834769460398 ], [ -122.353458926149997, 47.786708313414401 ], [ -122.353457266514994, 47.786697871306004 ], [ -122.353452502452996, 47.786667908620103 ], [ -122.353430449813004, 47.786529215059801 ], [ -122.353430034029003, 47.786526597347397 ], [ -122.353425027838, 47.786495113053597 ], [ -122.353418702493997, 47.786455329474599 ], [ -122.353396951351996, 47.786318536357598 ], [ -122.353396036372999, 47.7863127775734 ], [ -122.353379158703007, 47.7862066275854 ], [ -122.353378576194999, 47.786202966751503 ], [ -122.353375805652007, 47.786185545003299 ], [ -122.353375550210998, 47.786183934512799 ], [ -122.353362739556999, 47.786103367318802 ], [ -122.353362039103004, 47.786098961382898 ], [ -122.353360967306998, 47.7860922241168 ], [ -122.353350403402999, 47.786025780494803 ], [ -122.353343416914996, 47.785981835145101 ], [ -122.353337836579996, 47.785946743878398 ], [ -122.353328948507993, 47.785890839306397 ], [ -122.353327604935004, 47.7858823892118 ], [ -122.353323655983004, 47.785857551513899 ], [ -122.353321193206995, 47.785842067014698 ], [ -122.353321067058999, 47.785841269844802 ], [ -122.353315131369001, 47.785803936094801 ], [ -122.353303963626999, 47.785733691579999 ], [ -122.353291624294997, 47.7856560814025 ], [ -122.353281446970001, 47.785592073256304 ], [ -122.353281006732004, 47.7855893038357 ], [ -122.353280281639002, 47.785584739896898 ], [ -122.353276329590003, 47.785559886045696 ], [ -122.353266620255994, 47.785498818773803 ], [ -122.353266587402004, 47.785498608703698 ], [ -122.353264818257998, 47.785487478953002 ], [ -122.353260124917995, 47.7854579633211 ], [ -122.353257159511998, 47.785439309906103 ], [ -122.353254258164995, 47.785421065858202 ], [ -122.353253962020005, 47.785419204919499 ], [ -122.353245172425005, 47.785363921556801 ], [ -122.353240447825996, 47.785334203929203 ], [ -122.353240169600994, 47.7853324534032 ], [ -122.353239346482994, 47.785327277238501 ], [ -122.353234795400994, 47.785298652119998 ], [ -122.353229679701997, 47.785266474780698 ], [ -122.353224547794994, 47.785234199599998 ], [ -122.353223071615005, 47.785224912837698 ], [ -122.353222371263996, 47.785220509598403 ], [ -122.353222287473997, 47.785219700169797 ], [ -122.353220112572004, 47.785198596501701 ], [ -122.353215740387, 47.785155944159001 ], [ -122.353206249603005, 47.785155934662001 ], [ -122.353205673058, 47.7851559378391 ], [ -122.353203977850001, 47.785155937915803 ], [ -122.353203681558, 47.785155939161299 ], [ -122.353203498575994, 47.785155935299997 ], [ -122.353202879359998, 47.785155939944602 ], [ -122.353201823435995, 47.785155936908701 ], [ -122.353199591948993, 47.785155947722899 ], [ -122.353199285008998, 47.785155950009703 ], [ -122.353197621955474, 47.785155949939259 ], [ -122.353196690657995, 47.785150194449599 ], [ -122.353360445617994, 47.785150070904002 ], [ -122.353326120128003, 47.784985321734901 ], [ -122.353226496250997, 47.7846228189727 ], [ -122.353085011214006, 47.784393602886901 ], [ -122.352893155128996, 47.784163515150802 ], [ -122.352634610557004, 47.783878960099202 ], [ -122.352389974339005, 47.783704585661198 ], [ -122.351939398948005, 47.783409302231298 ], [ -122.350968264062004, 47.782877071522002 ], [ -122.350442245973994, 47.782609948780603 ], [ -122.349916557472, 47.782319083242797 ], [ -122.349573926613004, 47.782114557236099 ], [ -122.349383163477, 47.781990615266899 ], [ -122.349283991077996, 47.781920725809599 ], [ -122.349149905638996, 47.781822080687398 ], [ -122.348911893153996, 47.781629959075097 ], [ -122.348758905195993, 47.781493432928102 ], [ -122.348693990325003, 47.781429857754603 ], [ -122.350753418490001, 47.781426239160602 ], [ -122.352917597035997, 47.781422387445197 ], [ -122.354737521827005, 47.781419142676 ], [ -122.355867917652006, 47.7814170972608 ], [ -122.355860990203993, 47.781735433297101 ], [ -122.355850380110994, 47.782205485671 ], [ -122.355839565742997, 47.782685908705403 ], [ -122.355828827037996, 47.783151593369702 ], [ -122.355818135481002, 47.783636213185098 ], [ -122.355807642803995, 47.784110291447497 ], [ -122.355797321324999, 47.784572884841097 ], [ -122.355786382361003, 47.7850664202861 ], [ -122.355807988787006, 47.785559863574697 ], [ -122.355828451448005, 47.786014334995699 ], [ -122.355849480285002, 47.786488078297197 ], [ -122.355870386285005, 47.7869576247626 ], [ -122.355890417091004, 47.787414672071101 ], [ -122.355911751389002, 47.787898780104904 ], [ -122.355932661031005, 47.788368411938301 ], [ -122.355947523406002, 47.788701366394598 ], [ -122.355953566007003, 47.788837871993898 ], [ -122.355983072919742, 47.789505000413307 ], [ -122.355871323455005, 47.789401932310398 ], [ -122.35587190939296, 47.789415153207507 ], [ -122.355856670399007, 47.789400589759303 ] ] ] } },
{ "type": "Feature", "properties": { "precinct": "1137", "name": "Mountlake Terrace 10" }, "geometry": { "type": "MultiPolygon", "coordinates": [ [ [ [ -122.329981040703998, 47.781439701392003 ], [ -122.330722389936994, 47.781489790051502 ], [ -122.330734129780282, 47.781495205319047 ], [ -122.329995848777997, 47.781445304737801 ], [ -122.329453397652003, 47.781408637634499 ], [ -122.329450122426607, 47.781403819653526 ], [ -122.329981040703998, 47.781439701392003 ] ] ], [ [ [ -122.332394207525994, 47.785704819788698 ], [ -122.332395735112996, 47.785704885194001 ], [ -122.333317017374995, 47.785714122000499 ], [ -122.333316787050251, 47.785719602660855 ], [ -122.332410912686996, 47.785710477367601 ], [ -122.332409323685994, 47.785710457748898 ], [ -122.331998797313005, 47.785705362315099 ], [ -122.331996324870261, 47.785699912560048 ], [ -122.332394207525994, 47.785704819788698 ] ] ], [ [ [ -122.331399426174002, 47.792235404467 ], [ -122.331470659290005, 47.792236269111498 ], [ -122.331775434568002, 47.792239896865397 ], [ -122.332019659972005, 47.792242774813602 ], [ -122.332332577724998, 47.792246550599103 ], [ -122.332479619976993, 47.792248219502298 ], [ -122.332646000154995, 47.792250233439297 ], [ -122.332820520300999, 47.7922523120655 ], [ -122.332820475534987, 47.792257761154659 ], [ -122.332660953593006, 47.7922558657731 ], [ -122.332494534367996, 47.792253887451103 ], [ -122.332347719515994, 47.7922521427109 ], [ -122.332034485484002, 47.792248418789498 ], [ -122.3317905384, 47.792245518323398 ], [ -122.331485354513006, 47.792241888766803 ], [ -122.331414285891, 47.792241034566203 ], [ -122.331342136871001, 47.7922401666073 ], [ -122.331345077770607, 47.792234764059302 ], [ -122.331399426174002, 47.792235404467 ] ] ] ] } },
{ "type": "Feature", "properties": { "precinct": "1133", "name": "Edmonds 19" }, "geometry": { "type": "MultiPolygon", "coordinates": [ [ [ [ -122.335590151028001, 47.796926813448799 ], [ -122.335582269447002, 47.796391458047502 ], [ -122.335703903517, 47.796393542656801 ], [ -122.335719481119753, 47.79639333770244 ], [ -122.335719560935004, 47.796398813882398 ], [ -122.335850543774001, 47.796398424689201 ], [ -122.335885512226994, 47.796398320836502 ], [ -122.335906614248003, 47.7963982581878 ], [ -122.335945938730006, 47.796398141081298 ], [ -122.335963676578999, 47.796398087603698 ], [ -122.336005781835993, 47.796397962673602 ], [ -122.336024702493006, 47.796397906216797 ], [ -122.336049156648997, 47.796397833616403 ], [ -122.336126051443998, 47.796397604384097 ], [ -122.336150069059997, 47.7963975330089 ], [ -122.336248479725995, 47.796397240048201 ], [ -122.336318012091994, 47.796397032015001 ], [ -122.336342048391998, 47.796396960353498 ], [ -122.336443237162001, 47.7963966594479 ], [ -122.336573969010999, 47.796396270029803 ], [ -122.336607671883002, 47.7963961691215 ], [ -122.336634986887006, 47.796396087523 ], [ -122.336717331071, 47.796395841931101 ], [ -122.336899458283, 47.796395299083798 ], [ -122.336911151383006, 47.796395264773501 ], [ -122.336927922729998, 47.796395214875602 ], [ -122.336961402672003, 47.796395114998901 ], [ -122.337136103367001, 47.796394593092899 ], [ -122.337147545459004, 47.796394558465302 ], [ -122.337224946209005, 47.796394327227901 ], [ -122.337233065581003, 47.796394303964 ], [ -122.337324506306999, 47.796394030797003 ], [ -122.337374126152994, 47.796393882859803 ], [ -122.337437181198993, 47.796393693784403 ], [ -122.337538208420995, 47.7963933922371 ], [ -122.337550435482996, 47.796393355325897 ], [ -122.337581831509993, 47.796393261126603 ], [ -122.337718516029, 47.796392853159801 ], [ -122.337860529660745, 47.7963924284184 ], [ -122.337869280511001, 47.796918059413599 ], [ -122.337783322202995, 47.796918334548103 ], [ -122.337538671478001, 47.796919158099001 ], [ -122.337531550251995, 47.796919166437 ], [ -122.337294533066, 47.796920060740398 ], [ -122.337274188804003, 47.7969201568446 ], [ -122.337120585012002, 47.796920723191398 ], [ -122.337050394618998, 47.796920961960602 ], [ -122.336811342127007, 47.796921881161502 ], [ -122.336806257307003, 47.796921948105897 ], [ -122.336562118868997, 47.796922849181598 ], [ -122.336506170923997, 47.796923071060696 ], [ -122.336317980396004, 47.796923748836299 ], [ -122.336200998371993, 47.796924260162001 ], [ -122.335710188909005, 47.796926433470297 ], [ -122.335710201338998, 47.796926862416001 ], [ -122.335590151028001, 47.796926813448799 ] ] ], [ [ [ -122.341071383647005, 47.792351885138103 ], [ -122.341075302468994, 47.792434178432501 ], [ -122.341078988426005, 47.792700874248901 ], [ -122.341081769951998, 47.792953957535602 ], [ -122.341085007990998, 47.793187755427702 ], [ -122.340963970700003, 47.793188410751497 ], [ -122.340842423653001, 47.7931890735764 ], [ -122.340570378055006, 47.793366695358301 ], [ -122.340508912179004, 47.793404437093898 ], [ -122.340441791081005, 47.793440112382797 ], [ -122.340373030015996, 47.7934718672212 ], [ -122.340300116654007, 47.793500763905598 ], [ -122.340208931397996, 47.793531014469998 ], [ -122.340114033755995, 47.793556088161999 ], [ -122.340016946749998, 47.793575792153902 ], [ -122.339917160625006, 47.7935901331659 ], [ -122.339796388666997, 47.793599952475397 ], [ -122.339725275468993, 47.793603289854801 ], [ -122.339602861139994, 47.793609103110001 ], [ -122.339480953898999, 47.793614909545198 ], [ -122.339054790247005, 47.793635182462197 ], [ -122.338801832200005, 47.793647171862403 ], [ -122.338761731825997, 47.793650014305904 ], [ -122.338690289091005, 47.793659524847399 ], [ -122.338621049222994, 47.7936748330211 ], [ -122.338554510704, 47.7936955895116 ], [ -122.338494205337994, 47.793720805888199 ], [ -122.338446217064998, 47.793749800137299 ], [ -122.338410615590007, 47.7937849732903 ], [ -122.338388412791005, 47.793826138399098 ], [ -122.338381500813995, 47.793868387499401 ], [ -122.338383059701002, 47.793992185328598 ], [ -122.338260991167999, 47.793992423144303 ], [ -122.338264027687003, 47.794184664723801 ], [ -122.338270768219999, 47.794644716346703 ], [ -122.338276774136006, 47.795096978996099 ], [ -122.338154706652006, 47.795097388473899 ], [ -122.337576921150998, 47.795099174237002 ], [ -122.337221400361997, 47.795100257562098 ], [ -122.337027618397997, 47.795100839307203 ], [ -122.336905548393005, 47.795101161121103 ], [ -122.336783482197006, 47.795101568216403 ], [ -122.336296229423994, 47.795103012848401 ], [ -122.336234178059001, 47.795103229488099 ], [ -122.335684875219997, 47.795104888100198 ], [ -122.335684882283999, 47.795105316216997 ], [ -122.335563316136003, 47.795105287219499 ], [ -122.335552768168, 47.794372544149503 ], [ -122.335534222421003, 47.793117900565299 ], [ -122.335523136793, 47.792366570623798 ], [ -122.335520959476995, 47.792221188757203 ], [ -122.335512108309004, 47.791599645316602 ], [ -122.335496904389004, 47.790548121505502 ], [ -122.335490836638996, 47.790110426023901 ], [ -122.335487579857997, 47.789910217785803 ], [ -122.335479394708003, 47.789329195187598 ], [ -122.335470438075006, 47.788721533845603 ], [ -122.335463136871994, 47.788188570631497 ], [ -122.335454441403002, 47.787607469215097 ], [ -122.335444643299994, 47.786900507445601 ], [ -122.336983474801997, 47.786896104749097 ], [ -122.338823055391003, 47.7868978258293 ], [ -122.338814495194001, 47.786462819428301 ], [ -122.338803808541996, 47.785884485942297 ], [ -122.338792770417996, 47.785311555577302 ], [ -122.338787938538005, 47.785075036654398 ], [ -122.338121223645004, 47.785075342700701 ], [ -122.338114315537993, 47.784591900640002 ], [ -122.338108185287993, 47.784170314809003 ], [ -122.338095179687997, 47.783266400136299 ], [ -122.338090858615004, 47.782977263058399 ], [ -122.338075192616998, 47.7818764740624 ], [ -122.338072421131997, 47.781272672734602 ], [ -122.338440332700003, 47.781070998962903 ], [ -122.338735265531, 47.780912958939901 ], [ -122.338715890293997, 47.779597229925699 ], [ -122.338663342035943, 47.777786739656264 ], [ -122.338705163433005, 47.777786830052797 ], [ -122.338885385290993, 47.777787218699302 ], [ -122.339204987187003, 47.7777879068841 ], [ -122.339378949329998, 47.777788281967901 ], [ -122.339442275501, 47.7777884180638 ], [ -122.340720033276, 47.777791160584101 ], [ -122.341308490553004, 47.777792417996103 ], [ -122.341739688173007, 47.777793338614998 ], [ -122.342071929766007, 47.777794046072799 ], [ -122.343419530012994, 47.777796906716503 ], [ -122.344767130408997, 47.777799751454097 ], [ -122.345913634243004, 47.777802158487802 ], [ -122.346060954506001, 47.777802467078203 ], [ -122.346103917191996, 47.777802557161202 ], [ -122.346117114129001, 47.777802519016497 ], [ -122.346212652786207, 47.777802240385292 ], [ -122.346226055049002, 47.777958916461799 ], [ -122.346248226979, 47.778161188207797 ], [ -122.346266976514002, 47.778437880949802 ], [ -122.346267232043999, 47.778795280250598 ], [ -122.346235526116999, 47.779085495201201 ], [ -122.34619698393, 47.779298253988102 ], [ -122.346170555168996, 47.779403314500499 ], [ -122.346063364656004, 47.779703269321701 ], [ -122.345917237585994, 47.780045641659001 ], [ -122.34586896898, 47.780134196751497 ], [ -122.345645510926005, 47.7805103253122 ], [ -122.345513648777995, 47.780731689532203 ], [ -122.345279425371999, 47.781035211659699 ], [ -122.344950144756993, 47.781462267820501 ], [ -122.344178470881999, 47.7823792269363 ], [ -122.343475061953001, 47.783266314751998 ], [ -122.343023867355001, 47.783961122191897 ], [ -122.342231708569997, 47.785102838197098 ], [ -122.341944347500998, 47.785504138409699 ], [ -122.341416047381998, 47.786242031136098 ], [ -122.340907279354994, 47.786952585259201 ], [ -122.340351965118998, 47.787724503174204 ], [ -122.339639219782001, 47.7887151129096 ], [ -122.339629049275999, 47.788715161620701 ], [ -122.339625006718521, 47.788720803917322 ], [ -122.339624421701998, 47.788720804832202 ], [ -122.339582627113998, 47.788774288749899 ], [ -122.339550799378998, 47.788815016163497 ], [ -122.339530538366006, 47.788843100018397 ], [ -122.339519044455997, 47.788859033349802 ], [ -122.339476525582995, 47.788917967569702 ], [ -122.33929160209, 47.789174290479401 ], [ -122.339205235148, 47.789294003336899 ], [ -122.339163767886006, 47.789351480599301 ], [ -122.339096460666994, 47.789444772596397 ], [ -122.338956744596004, 47.789638430726903 ], [ -122.338909951166997, 47.789703289180601 ], [ -122.338894935507, 47.789724101538702 ], [ -122.338647969253003, 47.790066410222202 ], [ -122.338640032040999, 47.790077410832303 ], [ -122.338341093238, 47.790491748626501 ], [ -122.338307719262005, 47.790538006099403 ], [ -122.338301415575003, 47.790546742447603 ], [ -122.338268008111996, 47.7905930444295 ], [ -122.338261782732005, 47.790601673590302 ], [ -122.338223945172999, 47.790654116149803 ], [ -122.338201374012002, 47.790685399487401 ], [ -122.338101869620004, 47.790823310779501 ], [ -122.338060728377997, 47.790880329906997 ], [ -122.337848060083004, 47.791175078893602 ], [ -122.337810007391994, 47.791227819206298 ], [ -122.337565439364994, 47.791566775094601 ], [ -122.337358884639997, 47.791853042970097 ], [ -122.337240332765006, 47.7920173449263 ], [ -122.337126428600996, 47.792175203771301 ], [ -122.337046525093996, 47.792285940761403 ], [ -122.337085128992001, 47.792285941562497 ], [ -122.337154545809994, 47.792285759657801 ], [ -122.337318971879, 47.792285327622999 ], [ -122.337400301239995, 47.792285114610301 ], [ -122.337981948990006, 47.792283585210797 ], [ -122.338254928110999, 47.792282867466902 ], [ -122.338713703308997, 47.792281652833601 ], [ -122.338789313977003, 47.792281453050201 ], [ -122.339195589387998, 47.792280375373899 ], [ -122.339610444111997, 47.792279273940302 ], [ -122.339900659167995, 47.792278503917899 ], [ -122.340965941449994, 47.792275671765097 ], [ -122.341071999913979, 47.792275389204008 ], [ -122.341071383647005, 47.792351885138103 ] ] ] ] } },
{ "type": "Feature", "properties": { "precinct": "1562", "name": "Edmonds 48" }, "geometry": { "type": "Polygon", "coordinates": [ [ [ -122.361534238277997, 47.791609432177502 ], [ -122.361555299779994, 47.792324043233002 ], [ -122.361557080010002, 47.792384445069203 ], [ -122.361250522169996, 47.792382796287399 ], [ -122.359659868785997, 47.792372625493797 ], [ -122.359554401379995, 47.792371950827402 ], [ -122.358490423307998, 47.792365497602702 ], [ -122.357958329468005, 47.792372093266003 ], [ -122.357887151278007, 47.792370728027997 ], [ -122.356691240193996, 47.792347783552103 ], [ -122.356000708268056, 47.792317174226717 ], [ -122.355997305011996, 47.792240046163499 ], [ -122.355982089717003, 47.791897391533297 ], [ -122.355973573439996, 47.791705575228598 ], [ -122.355966872563002, 47.791554666750301 ], [ -122.355965055864999, 47.791513758039201 ], [ -122.355951658714005, 47.791212002188502 ], [ -122.356073706025001, 47.791211748360197 ], [ -122.356073340023002, 47.791203512857003 ], [ -122.356065720044, 47.791031451619602 ], [ -122.356059148224006, 47.790882898381298 ], [ -122.356056997641005, 47.790835031176599 ], [ -122.356056906408995, 47.790833015478299 ], [ -122.356056561076002, 47.790824847169603 ], [ -122.356050771092995, 47.790694142466798 ], [ -122.356050509867003, 47.790688247238599 ], [ -122.356047256080004, 47.790614767689497 ], [ -122.356046991249997, 47.790608795143299 ], [ -122.356046680223002, 47.790601794964303 ], [ -122.356044562188998, 47.790554035277196 ], [ -122.356042596481998, 47.790509735239802 ], [ -122.356042051795001, 47.790497460192498 ], [ -122.356041965239001, 47.790495512801698 ], [ -122.356041108067004, 47.790476551557099 ], [ -122.356040684413998, 47.790467170725201 ], [ -122.356038397991, 47.790416585823799 ], [ -122.356036302833999, 47.790369286428998 ], [ -122.356035714528005, 47.790356025995898 ], [ -122.356034038980994, 47.790318242427603 ], [ -122.356032908423003, 47.790292789678197 ], [ -122.356029028196005, 47.790204931093299 ], [ -122.356028166422007, 47.790185267317902 ], [ -122.356025235025001, 47.790118991104698 ], [ -122.356023390454993, 47.790077269518498 ], [ -122.356020297518995, 47.790007355656002 ], [ -122.356020254876, 47.790006403542598 ], [ -122.356019177131003, 47.789982021518199 ], [ -122.356018140749995, 47.789958593423499 ], [ -122.356018021458993, 47.789955849418902 ], [ -122.356017826625006, 47.789951623872099 ], [ -122.356017477592999, 47.789944056548599 ], [ -122.356016865441006, 47.789931211151099 ], [ -122.356015895742999, 47.789909781090103 ], [ -122.356015551815005, 47.789902023881901 ], [ -122.356014721793002, 47.789883350148102 ], [ -122.356013759117999, 47.7898616591078 ], [ -122.356013742293001, 47.789861268003797 ], [ -122.356013718759996, 47.789860739349699 ], [ -122.356013655686994, 47.789859318814401 ], [ -122.356012993901004, 47.789844419380202 ], [ -122.356012842981002, 47.789841007390599 ], [ -122.356011732952993, 47.789816025759698 ], [ -122.356010451206004, 47.789787151127697 ], [ -122.356009886341994, 47.789774415750898 ], [ -122.356009392526005, 47.789763281623799 ], [ -122.356008601309, 47.789745474591797 ], [ -122.356008585593997, 47.789745121256502 ], [ -122.356008513806003, 47.789743494827803 ], [ -122.356007925434994, 47.789730231696097 ], [ -122.356007851070999, 47.789728563020297 ], [ -122.356007722246005, 47.789725676105498 ], [ -122.356007705896999, 47.789725301188099 ], [ -122.356007615685996, 47.789723274680703 ], [ -122.356007572066005, 47.789722289295 ], [ -122.356007547925998, 47.789721739957997 ], [ -122.356007521156997, 47.789721146575502 ], [ -122.356007496250001, 47.789720571160203 ], [ -122.356007489725997, 47.789720439904798 ], [ -122.356007440282994, 47.789719301663801 ], [ -122.356007408588994, 47.789718586000703 ], [ -122.356007363502997, 47.789717596136398 ], [ -122.356007322642995, 47.789716659292601 ], [ -122.356007280607997, 47.789715727862003 ], [ -122.356007263150005, 47.789715315175897 ], [ -122.356007222317004, 47.789714379231299 ], [ -122.356007117673002, 47.789711997572297 ], [ -122.356007087166006, 47.789711322375503 ], [ -122.356006979444999, 47.789708881383497 ], [ -122.356006932773994, 47.789707837564102 ], [ -122.356006843765996, 47.789705806542599 ], [ -122.356006789700004, 47.789704601792501 ], [ -122.356006702276005, 47.789702624726203 ], [ -122.356006647708, 47.789701402890202 ], [ -122.356006612144995, 47.789700600916497 ], [ -122.356006586261003, 47.789699992228897 ], [ -122.356006524245004, 47.789698607663603 ], [ -122.356006491282997, 47.789697848836298 ], [ -122.356006413526003, 47.789696110036502 ], [ -122.356006367977997, 47.789695059005297 ], [ -122.356006307903996, 47.7896936951051 ], [ -122.356006230806997, 47.789691978786699 ], [ -122.356006183106999, 47.789690899896399 ], [ -122.356006097703997, 47.789688946192904 ], [ -122.356006038131, 47.789687599378503 ], [ -122.356005983854004, 47.789686387434301 ], [ -122.356005979377002, 47.789686280441003 ], [ -122.356005955818006, 47.7896857508876 ], [ -122.356005926223006, 47.789685061284999 ], [ -122.356005914510007, 47.789684798756497 ], [ -122.356005904168995, 47.789684582989103 ], [ -122.356005870282999, 47.789683792687804 ], [ -122.356005850909, 47.789683360236097 ], [ -122.356005825037997, 47.7896827974281 ], [ -122.356005796182998, 47.789682133004597 ], [ -122.356005762825006, 47.789681360688398 ], [ -122.356005747056997, 47.789681005554598 ], [ -122.356005712365004, 47.789680233256199 ], [ -122.356005687853994, 47.7896796713298 ], [ -122.356005659738997, 47.789679032085303 ], [ -122.356005632125004, 47.789678409926701 ], [ -122.356005601434006, 47.789677728435102 ], [ -122.356005580686997, 47.789677249222102 ], [ -122.356005568894005, 47.789676983995797 ], [ -122.356005519120004, 47.789675879944198 ], [ -122.356005494108004, 47.789675300931897 ], [ -122.356005481655004, 47.789675013224297 ], [ -122.356005473177007, 47.789674815424199 ], [ -122.356005441825999, 47.789674111451298 ], [ -122.356005375056995, 47.789672565020503 ], [ -122.356005341078998, 47.789671726141798 ], [ -122.356005260944997, 47.789669906409202 ], [ -122.356005225355005, 47.789669103536298 ], [ -122.356005127604007, 47.789666865722097 ], [ -122.356005101443003, 47.7896662930224 ], [ -122.356005014071997, 47.7896643177546 ], [ -122.356004950829004, 47.7896628459441 ], [ -122.356004877125997, 47.789661199749602 ], [ -122.356004758181996, 47.789658376574998 ], [ -122.356004735328, 47.789657552841298 ], [ -122.356004608380005, 47.789654638913298 ], [ -122.356004564206003, 47.789653634643201 ], [ -122.356004478062999, 47.789651655760601 ], [ -122.356004395406998, 47.7896497955794 ], [ -122.356004313344997, 47.789647910201403 ], [ -122.356004235628006, 47.789646127320403 ], [ -122.356004162228999, 47.789644446037201 ], [ -122.356004098656001, 47.789643008416 ], [ -122.356004032336003, 47.789641477272603 ], [ -122.356003936486999, 47.789639304204698 ], [ -122.356003884442003, 47.789638122817301 ], [ -122.356003809616993, 47.789636392974401 ], [ -122.356003716740005, 47.789634275642399 ], [ -122.356003648927, 47.789632739121203 ], [ -122.356003578710997, 47.789631120768 ], [ -122.356003505814002, 47.789629456570601 ], [ -122.356003425311002, 47.789627624248503 ], [ -122.356003347276996, 47.789625830576398 ], [ -122.356003278988993, 47.789624277868697 ], [ -122.356003188976999, 47.789622212675603 ], [ -122.356003149306005, 47.789621316298103 ], [ -122.356003050975005, 47.789619058700303 ], [ -122.356003008279998, 47.789618104788502 ], [ -122.356002910160001, 47.789615854384699 ], [ -122.356002866249995, 47.789614859107203 ], [ -122.356002772131006, 47.7896126995103 ], [ -122.356002701942003, 47.789611082056297 ], [ -122.356002669191994, 47.789610330422903 ], [ -122.356002560969003, 47.789607872345201 ], [ -122.356002482671002, 47.789606069680602 ], [ -122.356002412018995, 47.789604481919802 ], [ -122.356002336771994, 47.789602737688902 ], [ -122.356002262038999, 47.7896010564235 ], [ -122.356002183767998, 47.7895992546581 ], [ -122.356002129637005, 47.789598002229802 ], [ -122.356002042529994, 47.789596035954503 ], [ -122.356001989454995, 47.789594819496202 ], [ -122.356001905162003, 47.789592903561299 ], [ -122.356001846343005, 47.789591536945601 ], [ -122.356001763079007, 47.789589656081603 ], [ -122.356001715868999, 47.789588548397397 ], [ -122.356001603511999, 47.789585995016601 ], [ -122.356001586977996, 47.789585613804398 ], [ -122.356001482150006, 47.7895832258505 ], [ -122.356001461350999, 47.789582744839002 ], [ -122.356001359545999, 47.789580414419603 ], [ -122.356001327613995, 47.789579690663103 ], [ -122.35600123092, 47.789577488819099 ], [ -122.356001190219999, 47.7895765573708 ], [ -122.356001096761005, 47.7895744202551 ], [ -122.356001051980002, 47.789573395302199 ], [ -122.356000959366995, 47.789571286962698 ], [ -122.356000921057003, 47.789570391466697 ], [ -122.356000914611997, 47.789570262909102 ], [ -122.356000911007001, 47.789570185591103 ], [ -122.356000820030999, 47.789568133005297 ], [ -122.356000806970002, 47.789567824614799 ], [ -122.356000782302004, 47.789567257292902 ], [ -122.356000689409996, 47.789565184941303 ], [ -122.356000637153997, 47.789563996359902 ], [ -122.356000551552995, 47.789562081341998 ], [ -122.356000490343007, 47.789560678773903 ], [ -122.356000403025007, 47.7895587053046 ], [ -122.356000337034999, 47.789557230831903 ], [ -122.356000254009004, 47.7895553580612 ], [ -122.356000201778997, 47.789554170378999 ], [ -122.356000112705004, 47.789552182539403 ], [ -122.356000068927003, 47.7895511917582 ], [ -122.356000063921996, 47.789551066779801 ], [ -122.356000012590002, 47.789549909672203 ], [ -122.356000005644006, 47.789549764028799 ], [ -122.355999963106996, 47.789548815512397 ], [ -122.355999954946, 47.789548628503297 ], [ -122.355999950943996, 47.789548537696596 ], [ -122.355999939151005, 47.789548272470199 ], [ -122.355999919856998, 47.789547842716203 ], [ -122.355999914799995, 47.7895477159392 ], [ -122.355999905925998, 47.789547504650301 ], [ -122.355999874269997, 47.789546835766103 ], [ -122.355999855465001, 47.789546377218102 ], [ -122.355999829105002, 47.789545843204102 ], [ -122.355999807871001, 47.789545301924903 ], [ -122.355999783, 47.7895449550088 ], [ -122.355999746072001, 47.789544333873998 ], [ -122.355999708712005, 47.789543470751099 ], [ -122.355999702915, 47.789543318795097 ], [ -122.355999675830006, 47.789542714621497 ], [ -122.355999656576003, 47.789542240786197 ], [ -122.355999630336001, 47.789541665388697 ], [ -122.355999600846999, 47.789540979383098 ], [ -122.355999554163006, 47.789539980544099 ], [ -122.355999520013, 47.789539181250397 ], [ -122.355999485677998, 47.789538375661898 ], [ -122.355999469118004, 47.789537993550397 ], [ -122.355999443233003, 47.789537475723002 ], [ -122.355998656704998, 47.789519373557603 ], [ -122.355983072919742, 47.789505000413307 ], [ -122.355953566007003, 47.788837871993898 ], [ -122.355947523406002, 47.788701366394598 ], [ -122.355932661031005, 47.788368411938301 ], [ -122.355911751389002, 47.787898780104904 ], [ -122.355890417091004, 47.787414672071101 ], [ -122.355870386285005, 47.7869576247626 ], [ -122.355849480285002, 47.786488078297197 ], [ -122.355828451448005, 47.786014334995699 ], [ -122.355807988787006, 47.785559863574697 ], [ -122.355786382361003, 47.7850664202861 ], [ -122.356281255116002, 47.785067788877598 ], [ -122.358487590913001, 47.785074154695003 ], [ -122.358506185988006, 47.785498917128699 ], [ -122.358518500578, 47.785779293900298 ], [ -122.358541039716997, 47.786286263608801 ], [ -122.358564692827997, 47.786831092733799 ], [ -122.359475643004998, 47.786833829152101 ], [ -122.361393674121004, 47.786839622854203 ], [ -122.361407030983997, 47.787292903453903 ], [ -122.361422720291998, 47.787825328106699 ], [ -122.361448286781993, 47.7886929165347 ], [ -122.361448309465999, 47.788693686294401 ], [ -122.361578254425993, 47.7886944561061 ], [ -122.362694919730998, 47.788701062670597 ], [ -122.362766351036001, 47.788701487664298 ], [ -122.364066005409995, 47.788708665707503 ], [ -122.364717052002007, 47.788709960870897 ], [ -122.366772434454006, 47.788714251122002 ], [ -122.366777543820007, 47.7893514431032 ], [ -122.366780568181994, 47.789694496709402 ], [ -122.366779449011005, 47.790531623751797 ], [ -122.366355973482001, 47.790500868816402 ], [ -122.365788847047, 47.7905031352877 ], [ -122.364353518843998, 47.790502346619199 ], [ -122.363955954491999, 47.790519636933503 ], [ -122.363623599742994, 47.790555701151298 ], [ -122.363382879203002, 47.7905983496251 ], [ -122.362855111369001, 47.790709308858602 ], [ -122.362557339782001, 47.790781822052097 ], [ -122.362211893639, 47.790885044862897 ], [ -122.3618965995, 47.790990640059398 ], [ -122.361701466406004, 47.791067904152698 ], [ -122.361646127753005, 47.791089815292104 ], [ -122.361581166790998, 47.791115537279197 ], [ -122.361520490451994, 47.791142961515398 ], [ -122.361534238277997, 47.791609432177502 ] ] ] } },
{ "type": "Feature", "properties": { "precinct": "4099", "name": "Holly" }, "geometry": { "type": "MultiPolygon", "coordinates": [ [ [ [ -122.346282976664995, 47.787423364778498 ], [ -122.346364386179999, 47.787424599774504 ], [ -122.347106903471001, 47.787424011980796 ], [ -122.347385095335, 47.787423836275302 ], [ -122.347666336187999, 47.787423619453101 ], [ -122.347983685079001, 47.787423352050602 ], [ -122.34830103777, 47.787423168278401 ], [ -122.348618386655005, 47.787422899112102 ], [ -122.348935739368002, 47.787422714475198 ], [ -122.349206807441007, 47.787422457069603 ], [ -122.349253596607994, 47.787422435895799 ], [ -122.349502291975995, 47.787422303904002 ], [ -122.349570949314995, 47.787422249493702 ], [ -122.349774376845005, 47.787422032548399 ], [ -122.349888298162, 47.787421975898802 ], [ -122.350060705409007, 47.787421828618001 ], [ -122.350206156751995, 47.787421695549398 ], [ -122.350523508118002, 47.787421506517802 ], [ -122.350812886971994, 47.787421259269003 ], [ -122.350840858289004, 47.787421230257898 ], [ -122.351167871502994, 47.787420996482801 ], [ -122.351494888549993, 47.787420847182503 ], [ -122.351616946581998, 47.787420766979302 ], [ -122.351703402463997, 47.787420645530702 ], [ -122.351720186763998, 47.787420679611202 ], [ -122.351742009776999, 47.787419103858902 ], [ -122.351733788936997, 47.7872078223293 ], [ -122.351720694115002, 47.786864818055001 ], [ -122.351714484072005, 47.786704835811697 ], [ -122.351707093588999, 47.7865219059602 ], [ -122.351698762685004, 47.786306855638898 ], [ -122.351694004118997, 47.786179072523602 ], [ -122.351690068188006, 47.786079384811799 ], [ -122.351680408977998, 47.785836332165701 ], [ -122.351670571797001, 47.7855871978566 ], [ -122.351666816518005, 47.785493677226597 ], [ -122.351660566706997, 47.785332325399501 ], [ -122.351653730102001, 47.785150930087497 ], [ -122.352016839262006, 47.785150727333601 ], [ -122.352170423095998, 47.7851506553259 ], [ -122.352483185276995, 47.785150521713398 ], [ -122.352628632746999, 47.785150470988299 ], [ -122.352732886471998, 47.785150369157201 ], [ -122.353113286221998, 47.785150190098101 ], [ -122.353196690657995, 47.785150194449599 ], [ -122.353197621955474, 47.785155949939259 ], [ -122.353197264103002, 47.785155949924103 ], [ -122.353196451257006, 47.785155951748699 ], [ -122.353194765389006, 47.785155951701 ], [ -122.353193634823995, 47.785155952357499 ], [ -122.353191651329993, 47.785155953572897 ], [ -122.353189917427997, 47.785155954164502 ], [ -122.353188834896997, 47.785155954181597 ], [ -122.35318628009, 47.785155954905797 ], [ -122.353185433834, 47.785155955375899 ], [ -122.353181927335996, 47.785155957074103 ], [ -122.353181617649, 47.785155956698603 ], [ -122.353177786786006, 47.785155958216599 ], [ -122.353177236847003, 47.785155958340503 ], [ -122.353174109419001, 47.785155959490297 ], [ -122.353173555477994, 47.785155959667499 ], [ -122.353170470772994, 47.785155961148099 ], [ -122.353169264127004, 47.785155961917503 ], [ -122.353166039243007, 47.785155962565199 ], [ -122.353165287774004, 47.785155963572599 ], [ -122.353162203042999, 47.785155964153702 ], [ -122.353161427529997, 47.785155964581499 ], [ -122.353157655402995, 47.7851559662165 ], [ -122.353157172205002, 47.785155966351503 ], [ -122.353154027431003, 47.785155967731598 ], [ -122.353152560493001, 47.785155968367398 ], [ -122.353150256611002, 47.785155968449402 ], [ -122.353148915149006, 47.785155969214003 ], [ -122.353146062690001, 47.785155970301197 ], [ -122.353145189748005, 47.785155971126301 ], [ -122.353144870720996, 47.785155970875003 ], [ -122.353141935509001, 47.785155972163999 ], [ -122.353141401581993, 47.785155972074698 ], [ -122.353139839882999, 47.785155973072001 ], [ -122.353134847739994, 47.785155974753799 ], [ -122.353133284679004, 47.785155974869603 ], [ -122.353128400665994, 47.7851559769109 ], [ -122.353125927304006, 47.785155978348797 ], [ -122.353123216331994, 47.785155979351202 ], [ -122.353114644252003, 47.785155981906698 ], [ -122.353113500342999, 47.7851559827401 ], [ -122.353111547539001, 47.7851559835456 ], [ -122.353108910138005, 47.785155989865601 ], [ -122.353104521331005, 47.785155991611198 ], [ -122.353090931807998, 47.785155997981001 ], [ -122.353087054219003, 47.785155999218397 ], [ -122.353081911274998, 47.7851560020055 ], [ -122.353063894223993, 47.785156009732503 ], [ -122.353043777544997, 47.785156018416302 ], [ -122.353018654044007, 47.785156028968501 ], [ -122.353008083820001, 47.785156033823 ], [ -122.352968539217997, 47.785156050995901 ], [ -122.352962152214005, 47.785156053243703 ], [ -122.352926266297999, 47.785156069383603 ], [ -122.352915637338995, 47.785156074111697 ], [ -122.352873979738007, 47.785156091487302 ], [ -122.352867672843999, 47.785156094462799 ], [ -122.352823759475996, 47.785156113954798 ], [ -122.352818330860998, 47.785156116034003 ], [ -122.352782280748997, 47.785156131615203 ], [ -122.352767708794005, 47.785156137527203 ], [ -122.352760771877996, 47.785156140784899 ], [ -122.352753144869993, 47.785156144230001 ], [ -122.352747586776999, 47.785156146229802 ], [ -122.352734212154004, 47.785156152396098 ], [ -122.35271288349, 47.785156161857302 ], [ -122.352688686329998, 47.785156171704202 ], [ -122.352670662608006, 47.785156179457999 ], [ -122.352654203281006, 47.785156187081903 ], [ -122.352643642396004, 47.785156191778398 ], [ -122.352624945928, 47.7851561994813 ], [ -122.352617276196995, 47.7851562025863 ], [ -122.352578697989998, 47.785156219358797 ], [ -122.352565447481993, 47.785156224753301 ], [ -122.352539656600001, 47.785156235984303 ], [ -122.352521356574002, 47.785156243792699 ], [ -122.352515313975005, 47.785156246830397 ], [ -122.352501884619997, 47.785156252798203 ], [ -122.352498056426001, 47.785156254257799 ], [ -122.352485556079003, 47.785156259557198 ], [ -122.352461094649996, 47.785156270173303 ], [ -122.352439938163002, 47.7851562790919 ], [ -122.352412146415006, 47.785156290827899 ], [ -122.352399834281997, 47.785156296312401 ], [ -122.352375751950007, 47.785156307264003 ], [ -122.352365566131994, 47.785156311442499 ], [ -122.352339146562002, 47.785156322896299 ], [ -122.352313583921998, 47.7851563337383 ], [ -122.352292423430995, 47.785156342682797 ], [ -122.352276670207004, 47.785156349854297 ], [ -122.352252586513998, 47.785156359898302 ], [ -122.352237682213996, 47.785156366565701 ], [ -122.352203743740006, 47.785156380859803 ], [ -122.352192288538006, 47.785156385717102 ], [ -122.352188033212002, 47.785156387451003 ], [ -122.352185175415997, 47.7851563885852 ], [ -122.352163164667004, 47.785156398021599 ], [ -122.352145821695999, 47.785156405632598 ], [ -122.352119512898, 47.785156416461497 ], [ -122.352099948825, 47.785156424824699 ], [ -122.352074484949, 47.785156435198999 ], [ -122.352062441114001, 47.785156440676602 ], [ -122.352048050700006, 47.785156446780597 ], [ -122.352036643532998, 47.785156450983401 ], [ -122.352031961077003, 47.785156452995501 ], [ -122.352024386132996, 47.785156456598997 ], [ -122.352013853268005, 47.785156460864499 ], [ -122.352005988677007, 47.785156464721197 ], [ -122.351999904688995, 47.785156467382599 ], [ -122.351971978124993, 47.785156479005501 ], [ -122.351966498807002, 47.785156481718602 ], [ -122.351938569574003, 47.785156493368902 ], [ -122.351930512739997, 47.785156496178999 ], [ -122.351906678665003, 47.7851565064284 ], [ -122.351896948025001, 47.7851565108081 ], [ -122.351872315753994, 47.785156521771199 ], [ -122.351871876588007, 47.785156521315102 ], [ -122.351852291165997, 47.785156529919803 ], [ -122.351835737051005, 47.7851565368872 ], [ -122.351835197786997, 47.785156536862701 ], [ -122.351821089013995, 47.785156542790702 ], [ -122.351818132454, 47.785156544329602 ], [ -122.351815577674003, 47.785156545922398 ], [ -122.351804737790005, 47.785156549753999 ], [ -122.351801869319999, 47.785156551020499 ], [ -122.351784771964006, 47.785156558908398 ], [ -122.351772382389996, 47.785156563556001 ], [ -122.351766270382001, 47.785156566577598 ], [ -122.351753535121006, 47.785156572222299 ], [ -122.351745262, 47.7851565733977 ], [ -122.351743988533997, 47.7851565714424 ], [ -122.351729528606, 47.785156573932802 ], [ -122.351727354203007, 47.785156574063301 ], [ -122.351717046833997, 47.785156575302501 ], [ -122.351714141055993, 47.7851565788622 ], [ -122.351698399813998, 47.785156584894899 ], [ -122.351659934029001, 47.785156611556701 ], [ -122.351666827187998, 47.785327947646699 ], [ -122.351667237729998, 47.785338140105203 ], [ -122.351668174677997, 47.7853614337021 ], [ -122.351670633717006, 47.785422535431799 ], [ -122.351673721753002, 47.785499284615597 ], [ -122.351673726721003, 47.785499408695003 ], [ -122.351677169745997, 47.7855849539894 ], [ -122.351677492796, 47.785592978664504 ], [ -122.351678590606994, 47.785620261667503 ], [ -122.351681242148004, 47.785686159327099 ], [ -122.351687512301993, 47.7858419567293 ], [ -122.351687518980995, 47.785842139260197 ], [ -122.351689312298006, 47.785886702514198 ], [ -122.351691426494995, 47.785939261684398 ], [ -122.351696776200995, 47.786072236661603 ], [ -122.351697295072995, 47.786085125592898 ], [ -122.351700032764001, 47.786153143372303 ], [ -122.351701300337993, 47.7861846279689 ], [ -122.351701310300001, 47.786184877026898 ], [ -122.351702244725004, 47.786208083394399 ], [ -122.351705935542995, 47.786299763391398 ], [ -122.351706454050998, 47.786312639732998 ], [ -122.351710987252005, 47.786425293602498 ], [ -122.351712568465004, 47.786464571799797 ], [ -122.351715092638997, 47.786527301842497 ], [ -122.351715106041993, 47.786527622823101 ], [ -122.351720387609006, 47.7866589047457 ], [ -122.351721983090002, 47.786698578578601 ], [ -122.351722193867005, 47.786703816871601 ], [ -122.351722464733001, 47.786710560303597 ], [ -122.351728878423998, 47.786869974895197 ], [ -122.351728903342007, 47.786870597989697 ], [ -122.351729709652005, 47.786890613363397 ], [ -122.351732419567995, 47.786957953206603 ], [ -122.351734400165, 47.7870071775165 ], [ -122.351735781008998, 47.787041434985198 ], [ -122.351737159186001, 47.787075692489303 ], [ -122.351738786599, 47.787116136857399 ], [ -122.351742376966001, 47.787205384754401 ], [ -122.351742669648999, 47.787212645168601 ], [ -122.351742705320007, 47.787213544298702 ], [ -122.351751263508007, 47.787426179755698 ], [ -122.351735236824993, 47.787426262448299 ], [ -122.351718297823993, 47.787426279005601 ], [ -122.351631848934005, 47.7874263661855 ], [ -122.351510069743995, 47.787426487674402 ], [ -122.351182966280007, 47.787426650754 ], [ -122.350855883785002, 47.787426890883403 ], [ -122.350827773402003, 47.787426911850197 ], [ -122.350538593626993, 47.7874271214001 ], [ -122.350221011401999, 47.787427360313103 ], [ -122.350075444544999, 47.787427469742902 ], [ -122.349903453191999, 47.787427598023797 ], [ -122.349789379195997, 47.7874276837018 ], [ -122.349585913686994, 47.787427835502598 ], [ -122.349517285586998, 47.787427885933603 ], [ -122.349268394193999, 47.787428071832501 ], [ -122.349221816319996, 47.787428106398899 ], [ -122.348950893405004, 47.787428307930902 ], [ -122.348633416631003, 47.787428542827797 ], [ -122.348315965259999, 47.787428778304097 ], [ -122.347998540600003, 47.787429013443102 ], [ -122.347681144009997, 47.787429249126603 ], [ -122.347400127309001, 47.787429463906101 ], [ -122.347121885719005, 47.787429675385702 ], [ -122.346379156667993, 47.787430238178601 ], [ -122.346297774456005, 47.7874290244199 ], [ -122.346283083542744, 47.787428805545993 ], [ -122.346282976664995, 47.787423364778498 ] ] ], [ [ [ -122.355797828760998, 47.789717732239303 ], [ -122.355861649630981, 47.789815051321654 ], [ -122.355778825171001, 47.789740473589198 ], [ -122.355744551230998, 47.7897096135179 ], [ -122.355678002676413, 47.78960794896593 ], [ -122.355797828760998, 47.789717732239303 ] ] ], [ [ [ -122.355873620392998, 47.789787328047403 ], [ -122.355871696074999, 47.789739112375102 ], [ -122.355864893681996, 47.789594048173399 ], [ -122.355858592182003, 47.789448720004003 ], [ -122.355856670399007, 47.789400589759303 ], [ -122.35587190939296, 47.789415153207507 ], [ -122.355873645288995, 47.789454321352302 ], [ -122.355880084296004, 47.7895996485951 ], [ -122.355886510160005, 47.789744708828799 ], [ -122.355888655048005, 47.789792980036701 ], [ -122.355890805474999, 47.7898413033476 ], [ -122.355878087763003, 47.789829852729497 ], [ -122.35587525230919, 47.789827299598258 ], [ -122.355873620392998, 47.789787328047403 ] ] ] ] } },
{ "type": "Feature", "properties": { "precinct": "4149", "name": "Summit" }, "geometry": { "type": "MultiPolygon", "coordinates": [ [ [ [ -122.340963970700003, 47.793188410751497 ], [ -122.341085007990998, 47.793187755427702 ], [ -122.341081769951998, 47.792953957535602 ], [ -122.341078988426005, 47.792700874248901 ], [ -122.341075302468994, 47.792434178432501 ], [ -122.341071383647005, 47.792351885138103 ], [ -122.341071999913979, 47.792275389204008 ], [ -122.341087146481001, 47.792275348850502 ], [ -122.341086523616994, 47.792357548286802 ], [ -122.341090464467001, 47.792439772025098 ], [ -122.341093786513994, 47.792706530235399 ], [ -122.341096937312003, 47.792959547486902 ], [ -122.341099850445005, 47.793193418051402 ], [ -122.340978859187999, 47.793194050290403 ], [ -122.340964048652424, 47.793194127592741 ], [ -122.340963970700003, 47.793188410751497 ] ] ], [ [ [ -122.339629049275999, 47.788715161620701 ], [ -122.339639219782001, 47.7887151129096 ], [ -122.339859432170002, 47.7887147786223 ], [ -122.340889804026006, 47.788713175065901 ], [ -122.341132901896003, 47.788712792540998 ], [ -122.341502126879007, 47.788712200042497 ], [ -122.341600283153994, 47.788712103547702 ], [ -122.341687758014004, 47.788711976250603 ], [ -122.342033587752994, 47.788711434704503 ], [ -122.342260415628004, 47.788711179297799 ], [ -122.342254241380999, 47.7883416917131 ], [ -122.342251060888998, 47.788179955578499 ], [ -122.342249954107999, 47.788089484614503 ], [ -122.342248338936997, 47.787999020368503 ], [ -122.342246723772007, 47.787908556121899 ], [ -122.342245108585999, 47.787818090975399 ], [ -122.342243493431994, 47.787727626727502 ], [ -122.342241878283005, 47.787637162479001 ], [ -122.342240263140994, 47.787546698229797 ], [ -122.342238648003999, 47.787456233980002 ], [ -122.342237541233999, 47.787365762111698 ], [ -122.342235928592999, 47.787275383290002 ], [ -122.342234313472005, 47.787184919038303 ], [ -122.342233017371996, 47.7871054185212 ], [ -122.342230841426996, 47.7869782012312 ], [ -122.342336615178993, 47.786977831566503 ], [ -122.342683430170993, 47.7869765893807 ], [ -122.342785644078006, 47.786976180897199 ], [ -122.342864465996001, 47.786975909768998 ], [ -122.342907691075993, 47.786975766487302 ], [ -122.342906893180995, 47.786948357153697 ], [ -122.343479493882, 47.786946269049999 ], [ -122.343579164470995, 47.786945893494597 ], [ -122.343875656761995, 47.786945570598299 ], [ -122.344247413538994, 47.786945021023101 ], [ -122.344247481083983, 47.786950682765251 ], [ -122.343890795088996, 47.786951161194096 ], [ -122.343594071336, 47.786951559152797 ], [ -122.343494342883005, 47.786951919291504 ], [ -122.342922072457995, 47.786953984198398 ], [ -122.342922559431997, 47.786981396744601 ], [ -122.342879432196, 47.786981554030703 ], [ -122.342800532010997, 47.786981842395001 ], [ -122.342698501258994, 47.786982215183002 ], [ -122.342351337189001, 47.786983481811603 ], [ -122.342245581263001, 47.7869838683445 ], [ -122.342247768359002, 47.787111009027697 ], [ -122.342249136480007, 47.787190506797998 ], [ -122.342250691499004, 47.787280969149997 ], [ -122.342252247857999, 47.787371431483699 ], [ -122.342253804196005, 47.787461892917598 ], [ -122.342255360565005, 47.78755235525 ], [ -122.342256916940002, 47.787642817581897 ], [ -122.342258471986, 47.787733279930599 ], [ -122.342260028371996, 47.787823742261203 ], [ -122.342261584762994, 47.787914204591097 ], [ -122.342263141160004, 47.788004666920401 ], [ -122.342264696228, 47.788095129266701 ], [ -122.342266252635, 47.788185591594598 ], [ -122.342269035366996, 47.788347327596902 ], [ -122.342275390525998, 47.7887167903204 ], [ -122.342048696733997, 47.788717021489902 ], [ -122.341702917698001, 47.788717564203402 ], [ -122.341615415090999, 47.788717701772299 ], [ -122.341517165680003, 47.788717855283302 ], [ -122.341147597149998, 47.788718433467302 ], [ -122.340904569911999, 47.788718813286202 ], [ -122.339850830204, 47.788720452697198 ], [ -122.339654128508002, 47.788720758375 ], [ -122.339625006718521, 47.788720803917322 ], [ -122.339629049275999, 47.788715161620701 ] ] ], [ [ [ -122.344389134241993, 47.786973993788898 ], [ -122.344490838385994, 47.786973589625603 ], [ -122.344938334532003, 47.786971693490102 ], [ -122.344938038940995, 47.786944105682203 ], [ -122.345122138582994, 47.786943896499402 ], [ -122.345268094489995, 47.786943677559897 ], [ -122.345587472806002, 47.786943303542003 ], [ -122.345587114358736, 47.786948927114395 ], [ -122.345282979413, 47.786949313639496 ], [ -122.345137077220002, 47.786949498598098 ], [ -122.344952970251001, 47.786949732187203 ], [ -122.344953479083998, 47.7869773540571 ], [ -122.344505985636005, 47.786979207924901 ], [ -122.344404271298998, 47.786979629326702 ], [ -122.344262526815001, 47.786980216038899 ], [ -122.344262449076922, 47.786974518310359 ], [ -122.344389134241993, 47.786973993788898 ] ] ], [ [ [ -122.345639801204996, 47.786976286182799 ], [ -122.346154521355004, 47.786977521473297 ], [ -122.346154597334504, 47.786983085287609 ], [ -122.345654560111996, 47.786981901403102 ], [ -122.345600297160999, 47.786981772706703 ], [ -122.345600690701247, 47.786976188093163 ], [ -122.345639801204996, 47.786976286182799 ] ] ], [ [ [ -122.346244817599, 47.787422842170002 ], [ -122.346282976664995, 47.787423364778498 ], [ -122.346283083542744, 47.787428805545993 ], [ -122.346259552613006, 47.7874284549683 ], [ -122.346175682489999, 47.7874272048197 ], [ -122.34617560813669, 47.787421781340477 ], [ -122.346244817599, 47.787422842170002 ] ] ] ] } },
{ "type": "Feature", "properties": { "precinct": "1389", "name": "Edmonds 12" }, "geometry": { "type": "Polygon", "coordinates": [ [ [ -122.368933677184998, 47.791622977324998 ], [ -122.368054205641002, 47.7909394394527 ], [ -122.367874370303994, 47.790832275191498 ], [ -122.367660661189007, 47.7907336847979 ], [ -122.367330364138994, 47.790629894425798 ], [ -122.367039272875004, 47.790562104185 ], [ -122.366779449011005, 47.790531623751797 ], [ -122.366780568181994, 47.789694496709402 ], [ -122.366777543820007, 47.7893514431032 ], [ -122.366772434454006, 47.788714251122002 ], [ -122.366770016675005, 47.788357308395597 ], [ -122.366765025098999, 47.788015617993999 ], [ -122.366765923626005, 47.787857717541797 ], [ -122.366765446336998, 47.787798692580097 ], [ -122.366762669370004, 47.787455285657202 ], [ -122.366638523898004, 47.787212828107499 ], [ -122.366460536378995, 47.7868521589671 ], [ -122.366396129492003, 47.786720722061503 ], [ -122.366266189949002, 47.786419731585703 ], [ -122.366237970862997, 47.786325339467403 ], [ -122.366197788815001, 47.786153132641701 ], [ -122.366179012290999, 47.785999660631397 ], [ -122.366175741643005, 47.785820188683701 ], [ -122.366182772117995, 47.785713927066297 ], [ -122.366277918240996, 47.785096039428502 ], [ -122.369479600386995, 47.785104933580698 ], [ -122.371252094580996, 47.785109776914297 ], [ -122.372130459700998, 47.785112165404698 ], [ -122.372133436401, 47.786069431046897 ], [ -122.372135343786994, 47.786733573365403 ], [ -122.372137571357001, 47.7874427817572 ], [ -122.372139771128005, 47.788116773487197 ], [ -122.372141673691004, 47.788729331284898 ], [ -122.372143781831994, 47.789503064742 ], [ -122.372144073878999, 47.789632877990897 ], [ -122.374826208334994, 47.789640658012303 ], [ -122.374826661086004, 47.790545602526798 ], [ -122.376207654946001, 47.790548629265203 ], [ -122.377508576495998, 47.7896391166977 ], [ -122.377507293717002, 47.790552483166501 ], [ -122.377506500612, 47.7908674825186 ], [ -122.377506426758998, 47.790916240591997 ], [ -122.377505803649996, 47.791390617975097 ], [ -122.377505578455001, 47.7914513734952 ], [ -122.377505746820006, 47.791457027067601 ], [ -122.377505337046998, 47.791477425872301 ], [ -122.377504081005995, 47.792203820481198 ], [ -122.377504209454997, 47.792242292370403 ], [ -122.377503695317003, 47.792361663192402 ], [ -122.377401960439997, 47.792361410632303 ], [ -122.376506682601004, 47.7923588604841 ], [ -122.376160270762, 47.792357886577001 ], [ -122.375971042249006, 47.792357358403599 ], [ -122.375435401901001, 47.792355852911598 ], [ -122.374949103790996, 47.7923544506233 ], [ -122.374827528560999, 47.792354120878002 ], [ -122.374830255806998, 47.792702492016502 ], [ -122.374841364546995, 47.794119791842697 ], [ -122.374841977415997, 47.794174623756497 ], [ -122.374856720160125, 47.794174663728214 ], [ -122.374856763950007, 47.794180276370497 ], [ -122.375549498506999, 47.7941820967471 ], [ -122.376182479559006, 47.794183755892902 ], [ -122.376818711772998, 47.794185420663098 ], [ -122.37751516403128, 47.794187239269768 ], [ -122.377515148347001, 47.794197974077399 ], [ -122.377514971531994, 47.794209116338997 ], [ -122.377515276809007, 47.794236445960699 ], [ -122.377520203282998, 47.795033792712601 ], [ -122.377520775635006, 47.7950871687259 ], [ -122.377521480867998, 47.795247481373202 ], [ -122.377525679295005, 47.795883743870597 ], [ -122.377526026471998, 47.795997875379399 ], [ -122.377530003065004, 47.7966266857742 ], [ -122.377531269586001, 47.796805842136699 ], [ -122.377531958641001, 47.796931451634102 ], [ -122.377532164471006, 47.796955441444403 ], [ -122.377538032404999, 47.797955169503602 ], [ -122.377539698858001, 47.798216067075998 ], [ -122.377548089235006, 47.799539576320797 ], [ -122.377547636846998, 47.799541467120001 ], [ -122.377547864925006, 47.799570641074901 ], [ -122.377532724825997, 47.799562604469799 ], [ -122.377415883173995, 47.799500587289899 ], [ -122.377284817665995, 47.799417529707902 ], [ -122.377072562755998, 47.799244703533603 ], [ -122.376932630214, 47.799086083973599 ], [ -122.376838843466999, 47.798929751707398 ], [ -122.376806476737002, 47.798864964772498 ], [ -122.376802663172001, 47.798857330050701 ], [ -122.376773962787993, 47.798778904953899 ], [ -122.376749590919005, 47.7987072907694 ], [ -122.376732003692993, 47.798635158472401 ], [ -122.376720569303004, 47.798514778826302 ], [ -122.376717215750006, 47.798427108623301 ], [ -122.376725717097997, 47.7983232480616 ], [ -122.376740497707004, 47.798233786347602 ], [ -122.376768224415997, 47.798154881103798 ], [ -122.376791893377003, 47.798087542097903 ], [ -122.376829329757996, 47.798017133760403 ], [ -122.376907514080003, 47.797876340652898 ], [ -122.376945016654005, 47.797785385193599 ], [ -122.376984602329998, 47.797689376342397 ], [ -122.377020741929002, 47.797527541940703 ], [ -122.377018556435004, 47.797331139017402 ], [ -122.377001251902001, 47.797224104376497 ], [ -122.376957080881994, 47.797094923761399 ], [ -122.376916173401, 47.7969985788516 ], [ -122.376860524842002, 47.796900345181101 ], [ -122.376796629381005, 47.796807580125098 ], [ -122.376698921206, 47.796687732270001 ], [ -122.376470674185001, 47.796454887890597 ], [ -122.376224354946004, 47.796225599615703 ], [ -122.375925404453, 47.795980205411098 ], [ -122.375449717056995, 47.795784083146899 ], [ -122.373921714964993, 47.795284792850602 ], [ -122.373658746331003, 47.795179245582901 ], [ -122.373402503997994, 47.795058341544298 ], [ -122.373150882204001, 47.794925524092498 ], [ -122.372842426054007, 47.794719261807302 ], [ -122.372150193576999, 47.794179076113998 ], [ -122.372120640305994, 47.794155843442397 ], [ -122.370623131119999, 47.792978182080702 ], [ -122.370195220900996, 47.792613411429102 ], [ -122.370085117822001, 47.792519553669102 ], [ -122.368933677184998, 47.791622977324998 ] ] ] } },
{ "type": "Feature", "properties": { "precinct": "1839", "name": "Edmonds 53" }, "geometry": { "type": "Polygon", "coordinates": [ [ [ -122.335520632815999, 47.792366540592603 ], [ -122.335523136793, 47.792366570623798 ], [ -122.335534222421003, 47.793117900565299 ], [ -122.335552768168, 47.794372544149503 ], [ -122.335563316136003, 47.795105287219499 ], [ -122.335684882283999, 47.795105316216997 ], [ -122.335687336381, 47.795277600557903 ], [ -122.335690067789002, 47.795442084413203 ], [ -122.335692369824002, 47.795591749403499 ], [ -122.335692799189005, 47.795606567367102 ], [ -122.335695022134999, 47.795771057008302 ], [ -122.335697753594005, 47.795935540857101 ], [ -122.335699037424007, 47.796014495369803 ], [ -122.335658639261993, 47.796011505807897 ], [ -122.335579187712, 47.7960031879824 ], [ -122.334364023644994, 47.7959997707298 ], [ -122.333094234840004, 47.795975017773003 ], [ -122.332148541509, 47.7959792277329 ], [ -122.331821733973996, 47.795978046138103 ], [ -122.330804694753994, 47.7959715574341 ], [ -122.330498154455995, 47.795969422587703 ], [ -122.330136340395342, 47.79596573815634 ], [ -122.330136321896006, 47.7959561003861 ], [ -122.330144547603993, 47.7958739770297 ], [ -122.330146188952995, 47.795857578316401 ], [ -122.330154815091007, 47.795670290185697 ], [ -122.330165897911002, 47.795557603281999 ], [ -122.330181722499006, 47.795443100902801 ], [ -122.330201873267001, 47.7953301466965 ], [ -122.330199952049995, 47.795327092552398 ], [ -122.330223113388996, 47.795210210810303 ], [ -122.330269592269005, 47.7950200182377 ], [ -122.330326969249001, 47.794830348476602 ], [ -122.330388078715998, 47.794660056589002 ], [ -122.330415317212996, 47.794589481282998 ], [ -122.330538195683999, 47.794271098008899 ], [ -122.330589521728001, 47.794138105700597 ], [ -122.330605336673003, 47.794138295061103 ], [ -122.331055195561007, 47.794143667652598 ], [ -122.331088922098999, 47.794144068220703 ], [ -122.331384687105, 47.794147582353503 ], [ -122.331495701169999, 47.794148895804099 ], [ -122.331714179591003, 47.794151480798902 ], [ -122.331998966171994, 47.794154836929799 ], [ -122.332039645221002, 47.794155316895498 ], [ -122.332161679546999, 47.794156751345199 ], [ -122.332283712546001, 47.794158185682001 ], [ -122.332324391496002, 47.794158661949297 ], [ -122.332853206166007, 47.794164861255403 ], [ -122.332852372510999, 47.794081748289102 ], [ -122.332851071842995, 47.793952019698999 ], [ -122.332849980706996, 47.7938432463312 ], [ -122.332848938015999, 47.793739286984298 ], [ -122.332847892290999, 47.793634899467001 ], [ -122.332846806345998, 47.793526582125601 ], [ -122.332845967194999, 47.793443001435698 ], [ -122.332844672554003, 47.793313849403901 ], [ -122.332844043448006, 47.793251103384101 ], [ -122.332842539585002, 47.7931011445556 ], [ -122.332841782637999, 47.793025622298202 ], [ -122.332840407161996, 47.7928884118094 ], [ -122.332838982476005, 47.792751484439698 ], [ -122.332835612151001, 47.792422407405098 ], [ -122.332834796246999, 47.792340137120199 ], [ -122.332834835506816, 47.792334672739912 ], [ -122.335520632815999, 47.792366540592603 ] ] ] } },
{ "type": "Feature", "properties": { "precinct": "1174", "name": "Woodway 2" }, "geometry": { "type": "MultiPolygon", "coordinates": [ [ [ [ -122.382929766288996, 47.802689837934999 ], [ -122.382926984302003, 47.801984062723697 ], [ -122.382926733684997, 47.801890580377403 ], [ -122.382925276463993, 47.801518456377003 ], [ -122.382924731724003, 47.801330035797399 ], [ -122.382924411982003, 47.801234240585302 ], [ -122.382924327807004, 47.8011463263651 ], [ -122.382923004724006, 47.800795708418299 ], [ -122.382922865517003, 47.800774031486 ], [ -122.382921668864995, 47.800444662420503 ], [ -122.382921403248005, 47.800401736596001 ], [ -122.382921358735004, 47.800383227707201 ], [ -122.382919935865999, 47.800029269938896 ], [ -122.382918616363, 47.799695789500497 ], [ -122.382918433284132, 47.799660248465962 ], [ -122.382933584631004, 47.799660306179497 ], [ -122.382933733605995, 47.799701428972 ], [ -122.382934950019006, 47.800034897333298 ], [ -122.382936240627004, 47.800388849718502 ], [ -122.382936308092994, 47.800407322312502 ], [ -122.382936464018997, 47.8004502856122 ], [ -122.382937665076, 47.8007796654312 ], [ -122.382937744605002, 47.800801355768897 ], [ -122.382939022301997, 47.801151926671402 ], [ -122.382939343518004, 47.801239863768799 ], [ -122.382939692834995, 47.801335664882103 ], [ -122.382940379743999, 47.801524105133701 ], [ -122.382941736093997, 47.801896201735502 ], [ -122.382942077547995, 47.801989684653599 ], [ -122.382944651204994, 47.802695497815002 ], [ -122.382946767195179, 47.80327584991231 ], [ -122.382932020229006, 47.803275828121997 ], [ -122.382929766288996, 47.802689837934999 ] ] ], [ [ [ -122.377548363303006, 47.7996341719643 ], [ -122.377547864925006, 47.799570641074901 ], [ -122.377547636846998, 47.799541467120001 ], [ -122.377548089235006, 47.799539576320797 ], [ -122.377539698858001, 47.798216067075998 ], [ -122.377538032404999, 47.797955169503602 ], [ -122.377532164471006, 47.796955441444403 ], [ -122.377531958641001, 47.796931451634102 ], [ -122.377531269586001, 47.796805842136699 ], [ -122.377530003065004, 47.7966266857742 ], [ -122.377526026471998, 47.795997875379399 ], [ -122.377525679295005, 47.795883743870597 ], [ -122.377521480867998, 47.795247481373202 ], [ -122.377520775635006, 47.7950871687259 ], [ -122.377520203282998, 47.795033792712601 ], [ -122.377515276809007, 47.794236445960699 ], [ -122.377514971531994, 47.794209116338997 ], [ -122.377515148347001, 47.794197974077399 ], [ -122.37751516403128, 47.794187239269768 ], [ -122.377529987784996, 47.794187277978203 ], [ -122.377530087609003, 47.794203584759103 ], [ -122.377530155436006, 47.7942146931263 ], [ -122.377530323087001, 47.794242108274403 ], [ -122.377535205792, 47.795039413379797 ], [ -122.377535532045002, 47.795092818812698 ], [ -122.377536514257997, 47.7952531061324 ], [ -122.377540409361004, 47.795889354773898 ], [ -122.377541108787, 47.796003522907696 ], [ -122.377544959174003, 47.796632304456701 ], [ -122.377546056273999, 47.796811464019498 ], [ -122.377546824663, 47.796937091342798 ], [ -122.377546972307002, 47.796961054952803 ], [ -122.377553093496005, 47.797960760750001 ], [ -122.377554691710998, 47.798221696143301 ], [ -122.377562795865003, 47.799545222824499 ], [ -122.377562807396004, 47.799547044378102 ], [ -122.377563341543635, 47.799634223602411 ], [ -122.377548363303006, 47.7996341719643 ] ] ], [ [ [ -122.374841977415997, 47.794174623756497 ], [ -122.374841364546995, 47.794119791842697 ], [ -122.374830255806998, 47.792702492016502 ], [ -122.374827528560999, 47.792354120878002 ], [ -122.374949103790996, 47.7923544506233 ], [ -122.375435401901001, 47.792355852911598 ], [ -122.375971042249006, 47.792357358403599 ], [ -122.376160270762, 47.792357886577001 ], [ -122.376506682601004, 47.7923588604841 ], [ -122.377401960439997, 47.792361410632303 ], [ -122.377503695317003, 47.792361663192402 ], [ -122.377504209454997, 47.792242292370403 ], [ -122.377504081005995, 47.792203820481198 ], [ -122.377505337046998, 47.791477425872301 ], [ -122.377505746820006, 47.791457027067601 ], [ -122.377505578455001, 47.7914513734952 ], [ -122.377505803649996, 47.791390617975097 ], [ -122.377520616227841, 47.791370521358836 ], [ -122.377520570615999, 47.791396203844997 ], [ -122.377520462839996, 47.791456956880999 ], [ -122.377520452390996, 47.791462612871797 ], [ -122.377520415307004, 47.791483019232103 ], [ -122.377519125288998, 47.792209477313399 ], [ -122.377519057393002, 47.7922479455627 ], [ -122.377518845189996, 47.792367278123002 ], [ -122.377417134688002, 47.792366992858497 ], [ -122.376521732336002, 47.792364480475896 ], [ -122.376175072096004, 47.792363505464699 ], [ -122.375986170524001, 47.792362973794297 ], [ -122.375450256283003, 47.792361463963502 ], [ -122.374964141879005, 47.792360091633 ], [ -122.374842531533005, 47.792359748880898 ], [ -122.374845300608001, 47.7927081320681 ], [ -122.374856335977, 47.794125422166402 ], [ -122.374856720160125, 47.794174663728214 ], [ -122.374841977415997, 47.794174623756497 ] ] ] ] } },
{ "type": "Feature", "properties": { "precinct": "1523", "name": "Edmonds 45" }, "geometry": { "type": "Polygon", "coordinates": [ [ [ -122.361555299779994, 47.792324043233002 ], [ -122.361534238277997, 47.791609432177502 ], [ -122.361520490451994, 47.791142961515398 ], [ -122.361581166790998, 47.791115537279197 ], [ -122.361646127753005, 47.791089815292104 ], [ -122.361701466406004, 47.791067904152698 ], [ -122.3618965995, 47.790990640059398 ], [ -122.362211893639, 47.790885044862897 ], [ -122.362557339782001, 47.790781822052097 ], [ -122.362855111369001, 47.790709308858602 ], [ -122.363382879203002, 47.7905983496251 ], [ -122.363623599742994, 47.790555701151298 ], [ -122.363955954491999, 47.790519636933503 ], [ -122.364353518843998, 47.790502346619199 ], [ -122.365788847047, 47.7905031352877 ], [ -122.366355973482001, 47.790500868816402 ], [ -122.366779449011005, 47.790531623751797 ], [ -122.366792916429006, 47.791247164487103 ], [ -122.366796479125, 47.791694406974599 ], [ -122.366800062894995, 47.792159558553301 ], [ -122.366801069320999, 47.792331177577402 ], [ -122.366808539857999, 47.793065336069702 ], [ -122.366812526915993, 47.793492521446801 ], [ -122.366817259555006, 47.793962112392499 ], [ -122.366818402470997, 47.794069549762803 ], [ -122.366826083440003, 47.794862401124298 ], [ -122.366829309647997, 47.795177860922998 ], [ -122.366835137440006, 47.795753261520197 ], [ -122.366837512076998, 47.795971133430797 ], [ -122.366843560909004, 47.796622793438601 ], [ -122.366847841671003, 47.797042691539801 ], [ -122.366852556501001, 47.797494460483101 ], [ -122.366855223109994, 47.797790990103202 ], [ -122.366861287838006, 47.798391579108902 ], [ -122.366865627939006, 47.798830671276797 ], [ -122.366869841394006, 47.7992654794026 ], [ -122.366873451472003, 47.799611095971997 ], [ -122.366310783190002, 47.799609824151503 ], [ -122.364214773022994, 47.799605207094103 ], [ -122.362921045807994, 47.799602319790601 ], [ -122.361626301727995, 47.799599431443198 ], [ -122.361621818128, 47.799171225049498 ], [ -122.361616926528995, 47.798711918426797 ], [ -122.361611663882996, 47.798240021370397 ], [ -122.361605722698002, 47.7977796159497 ], [ -122.361599233717996, 47.797300622987002 ], [ -122.361592833231001, 47.796824628110102 ], [ -122.361587433663004, 47.796365329106003 ], [ -122.361581519127, 47.795888555831397 ], [ -122.361579148838999, 47.795411222332497 ], [ -122.361572361493003, 47.794939345567201 ], [ -122.361565964061995, 47.794463436030497 ], [ -122.361559558150006, 47.794004492265998 ], [ -122.361553854728996, 47.793517606308797 ], [ -122.361548735550997, 47.793033281791203 ], [ -122.361562229501004, 47.792559162475399 ], [ -122.361557080010002, 47.792384445069203 ], [ -122.361555299779994, 47.792324043233002 ] ] ] } },
{ "type": "Feature", "properties": { "precinct": "1096", "name": "Mountlake Terrace 8" }, "geometry": { "type": "Polygon", "coordinates": [ [ [ -122.331295002320999, 47.799695056191403 ], [ -122.331424257888003, 47.7996966163807 ], [ -122.331439523086999, 47.799696758883002 ], [ -122.331663430852998, 47.799699477263403 ], [ -122.331659574217426, 47.799704903547948 ], [ -122.331454489470005, 47.799702414077998 ], [ -122.331438989296998, 47.799702226081401 ], [ -122.331309897744006, 47.799700659256402 ], [ -122.33105445055466, 47.799697557057669 ], [ -122.331295002320999, 47.799695056191403 ] ] ] } },
{ "type": "Feature", "properties": { "precinct": "1106", "name": "Edmonds 6" }, "geometry": { "type": "Polygon", "coordinates": [ [ [ -122.372150193576999, 47.794179076113998 ], [ -122.372842426054007, 47.794719261807302 ], [ -122.373150882204001, 47.794925524092498 ], [ -122.373402503997994, 47.795058341544298 ], [ -122.373658746331003, 47.795179245582901 ], [ -122.373921714964993, 47.795284792850602 ], [ -122.375449717056995, 47.795784083146899 ], [ -122.375925404453, 47.795980205411098 ], [ -122.376224354946004, 47.796225599615703 ], [ -122.376470674185001, 47.796454887890597 ], [ -122.376698921206, 47.796687732270001 ], [ -122.376796629381005, 47.796807580125098 ], [ -122.376860524842002, 47.796900345181101 ], [ -122.376916173401, 47.7969985788516 ], [ -122.376957080881994, 47.797094923761399 ], [ -122.377001251902001, 47.797224104376497 ], [ -122.377018556435004, 47.797331139017402 ], [ -122.377020741929002, 47.797527541940703 ], [ -122.376984602329998, 47.797689376342397 ], [ -122.376945016654005, 47.797785385193599 ], [ -122.376907514080003, 47.797876340652898 ], [ -122.376829329757996, 47.798017133760403 ], [ -122.376791893377003, 47.798087542097903 ], [ -122.376768224415997, 47.798154881103798 ], [ -122.376740497707004, 47.798233786347602 ], [ -122.376725717097997, 47.7983232480616 ], [ -122.376717215750006, 47.798427108623301 ], [ -122.376720569303004, 47.798514778826302 ], [ -122.376732003692993, 47.798635158472401 ], [ -122.376749590919005, 47.7987072907694 ], [ -122.376773962787993, 47.798778904953899 ], [ -122.376802663172001, 47.798857330050701 ], [ -122.376806476737002, 47.798864964772498 ], [ -122.376838843466999, 47.798929751707398 ], [ -122.376932630214, 47.799086083973599 ], [ -122.377072562755998, 47.799244703533603 ], [ -122.377284817665995, 47.799417529707902 ], [ -122.377415883173995, 47.799500587289899 ], [ -122.377532724825997, 47.799562604469799 ], [ -122.377547864925006, 47.799570641074901 ], [ -122.377548363303006, 47.7996341719643 ], [ -122.376506462443999, 47.799631974319198 ], [ -122.374763512482005, 47.799628178983497 ], [ -122.373129945821006, 47.799624680611799 ], [ -122.372210651935006, 47.799622761655101 ], [ -122.371435329633997, 47.799621039229201 ], [ -122.369545865171006, 47.799616908237198 ], [ -122.369511432823998, 47.799616711089598 ], [ -122.368040503206998, 47.799613669859497 ], [ -122.366873451472003, 47.799611095971997 ], [ -122.366869841394006, 47.7992654794026 ], [ -122.366865627939006, 47.798830671276797 ], [ -122.366861287838006, 47.798391579108902 ], [ -122.366855223109994, 47.797790990103202 ], [ -122.366852556501001, 47.797494460483101 ], [ -122.366847841671003, 47.797042691539801 ], [ -122.366843560909004, 47.796622793438601 ], [ -122.366837512076998, 47.795971133430797 ], [ -122.366835137440006, 47.795753261520197 ], [ -122.366829309647997, 47.795177860922998 ], [ -122.366826083440003, 47.794862401124298 ], [ -122.366818402470997, 47.794069549762803 ], [ -122.366817259555006, 47.793962112392499 ], [ -122.366812526915993, 47.793492521446801 ], [ -122.366808539857999, 47.793065336069702 ], [ -122.366801069320999, 47.792331177577402 ], [ -122.366800062894995, 47.792159558553301 ], [ -122.366796479125, 47.791694406974599 ], [ -122.366792916429006, 47.791247164487103 ], [ -122.366779449011005, 47.790531623751797 ], [ -122.367039272875004, 47.790562104185 ], [ -122.367330364138994, 47.790629894425798 ], [ -122.367660661189007, 47.7907336847979 ], [ -122.367874370303994, 47.790832275191498 ], [ -122.368054205641002, 47.7909394394527 ], [ -122.368933677184998, 47.791622977324998 ], [ -122.370085117822001, 47.792519553669102 ], [ -122.370195220900996, 47.792613411429102 ], [ -122.370623131119999, 47.792978182080702 ], [ -122.372120640305994, 47.794155843442397 ], [ -122.372150193576999, 47.794179076113998 ] ] ] } },
{ "type": "Feature", "properties": { "precinct": "1512", "name": "Edmonds 42" }, "geometry": { "type": "Polygon", "coordinates": [ [ [ -122.356124536564536, 47.799512867861274 ], [ -122.356130838240006, 47.7995128452229 ], [ -122.356124560289004, 47.799165373856297 ], [ -122.356119453044997, 47.798882668306703 ], [ -122.356118263846994, 47.798816860985298 ], [ -122.356112083412, 47.798474704065498 ], [ -122.356111979426004, 47.798468936286802 ], [ -122.356110597245006, 47.798392466722198 ], [ -122.356109112390996, 47.798310228461403 ], [ -122.356105677621997, 47.798120098712403 ], [ -122.356103955810994, 47.798024837332399 ], [ -122.356099394199006, 47.797772338610798 ], [ -122.356094933090006, 47.797525351322903 ], [ -122.356093122610005, 47.7974251603871 ], [ -122.356090719151993, 47.797292096800902 ], [ -122.356086864293005, 47.797078658480601 ], [ -122.356085617637007, 47.797009664616802 ], [ -122.356080613529002, 47.796732683633202 ], [ -122.356080007092999, 47.796699079782897 ], [ -122.356076023501004, 47.7964785731753 ], [ -122.356074363458006, 47.796386638598896 ], [ -122.356068100531999, 47.796039971200898 ], [ -122.356066615760994, 47.795957731125903 ], [ -122.356065145920994, 47.795876408448301 ], [ -122.356065109601005, 47.795874080755098 ], [ -122.356065081476004, 47.795872259430098 ], [ -122.356065072961997, 47.795871833130903 ], [ -122.356065062008, 47.795871096500598 ], [ -122.356065036206004, 47.795869445169998 ], [ -122.356065015962002, 47.795868119422302 ], [ -122.356064988295998, 47.795867222885001 ], [ -122.356064982248, 47.795866335055599 ], [ -122.356064944535007, 47.795864960062602 ], [ -122.356064916007, 47.795863579549398 ], [ -122.356064880790996, 47.795861562205097 ], [ -122.356064840727001, 47.795859425278103 ], [ -122.356064819580993, 47.795858250675998 ], [ -122.356064775375003, 47.795855790845998 ], [ -122.356064754439998, 47.795854623437997 ], [ -122.356064723816004, 47.795852944283901 ], [ -122.356064710945006, 47.795852278747901 ], [ -122.356064687423995, 47.795850932352998 ], [ -122.356064639772001, 47.7958483097404 ], [ -122.356064616156999, 47.795847005628197 ], [ -122.356064570946998, 47.795844511626598 ], [ -122.356064567621004, 47.795844307460598 ], [ -122.356064523520999, 47.7958418512276 ], [ -122.356064443977004, 47.795837506296799 ], [ -122.356064312547005, 47.795830167273202 ], [ -122.356064166345007, 47.795822097967303 ], [ -122.356064044495994, 47.795815357952797 ], [ -122.356063906821007, 47.795807760825802 ], [ -122.356063747209006, 47.795798871259002 ], [ -122.356063619276, 47.795791787676499 ], [ -122.356063485587001, 47.7957844171967 ], [ -122.356063336852003, 47.795776170702403 ], [ -122.356063236519006, 47.795770617879398 ], [ -122.356063187863995, 47.795767961095301 ], [ -122.356063127, 47.795764570396202 ], [ -122.356063025441003, 47.795758930327999 ], [ -122.356062882526004, 47.795751018409099 ], [ -122.356062646869006, 47.795737948492501 ], [ -122.356062444752993, 47.795726793387701 ], [ -122.356062275252995, 47.795717430760497 ], [ -122.356061995443994, 47.795701902812397 ], [ -122.356061836015996, 47.7956931104004 ], [ -122.356061536076993, 47.795676487901403 ], [ -122.356061360664995, 47.795666742121398 ], [ -122.356061252399996, 47.795660782782697 ], [ -122.356060981832002, 47.7956457512932 ], [ -122.356060875018997, 47.795639841413497 ], [ -122.356060656626994, 47.795627813908801 ], [ -122.356060441577, 47.795615854729398 ], [ -122.356060234629993, 47.795604444201103 ], [ -122.356059983677, 47.795590535156897 ], [ -122.356059819828005, 47.795581455829897 ], [ -122.356059524272993, 47.795565073466904 ], [ -122.356059386560005, 47.795557429560802 ], [ -122.356059205484996, 47.795547445460798 ], [ -122.356059164249999, 47.795545132226799 ], [ -122.356058877221997, 47.795529222042603 ], [ -122.356058823644005, 47.795526261257599 ], [ -122.356058768205003, 47.795523191645103 ], [ -122.356058718257998, 47.795520399937402 ], [ -122.356058554171995, 47.795511312517 ], [ -122.356058275709998, 47.795495921290602 ], [ -122.356058126235993, 47.795487649617101 ], [ -122.356057910169994, 47.795475701246403 ], [ -122.356057884061002, 47.795474266724703 ], [ -122.356057203961001, 47.795436562554599 ], [ -122.356056783840003, 47.795413347553698 ], [ -122.356056310013003, 47.795387076411203 ], [ -122.356055653422004, 47.795350763616298 ], [ -122.356055263504999, 47.795329122521103 ], [ -122.356055255900998, 47.7953287726762 ], [ -122.356054665483001, 47.795296031330103 ], [ -122.356054254737003, 47.795273317283801 ], [ -122.356053947370995, 47.795256305354499 ], [ -122.356053519954997, 47.795232614559403 ], [ -122.356052939912999, 47.795200499199801 ], [ -122.356052690480993, 47.795186687292301 ], [ -122.356052605805004, 47.795182031166497 ], [ -122.356052441616001, 47.795172940148902 ], [ -122.356052143371997, 47.795156466061599 ], [ -122.356051857997997, 47.795140657510302 ], [ -122.356051778959994, 47.795136238805 ], [ -122.356051413662996, 47.795116026853499 ], [ -122.356051201216005, 47.795104292540302 ], [ -122.356050989363993, 47.7950925330301 ], [ -122.356050741819999, 47.795078830849199 ], [ -122.356050426734001, 47.795061419597999 ], [ -122.356050217616001, 47.795049798590497 ], [ -122.356049895640993, 47.795031970914003 ], [ -122.356049821669998, 47.795027906585503 ], [ -122.356049798108998, 47.795026604271598 ], [ -122.356049542132993, 47.795012387629001 ], [ -122.356049410176993, 47.795005121480003 ], [ -122.356049191395996, 47.794992989625698 ], [ -122.356049086908001, 47.794987249739997 ], [ -122.356048960069003, 47.794981203387003 ], [ -122.356048869896995, 47.794975178135701 ], [ -122.356048789363001, 47.794970935772803 ], [ -122.356048732608002, 47.794967639477399 ], [ -122.356048666532999, 47.794963934885502 ], [ -122.356048597921998, 47.794960143965397 ], [ -122.356048530975002, 47.794956409698202 ], [ -122.356048468449004, 47.794952962346002 ], [ -122.356048405145003, 47.794949443035897 ], [ -122.356048333247003, 47.794945494728701 ], [ -122.356048285742006, 47.794942831631801 ], [ -122.356048200157005, 47.794938099051599 ], [ -122.356048148162998, 47.794935283081699 ], [ -122.356048057205996, 47.794930231213399 ], [ -122.356048017066996, 47.794928000728198 ], [ -122.356047917213999, 47.7949224640914 ], [ -122.356047868467996, 47.794919758729598 ], [ -122.356047756959001, 47.794913597922402 ], [ -122.356047727985995, 47.794912020401597 ], [ -122.356047649277997, 47.794907658366903 ], [ -122.356047596466993, 47.794904723660103 ], [ -122.356047501207001, 47.794899434353397 ], [ -122.356047463801005, 47.794897342371002 ], [ -122.356047372579994, 47.794892281510101 ], [ -122.356047314462998, 47.794889075193197 ], [ -122.356047257149996, 47.794885941733703 ], [ -122.356047179629996, 47.794881620165398 ], [ -122.356047110676002, 47.794877817554998 ], [ -122.356047062629997, 47.794875181453399 ], [ -122.356046975078996, 47.794870336448803 ], [ -122.356046923087007, 47.794867429618797 ], [ -122.356046832711002, 47.794862397533997 ], [ -122.356046787899004, 47.794859917021 ], [ -122.356046691806, 47.794854644817903 ], [ -122.356046685536995, 47.794854294955101 ], [ -122.356046662425001, 47.794853007928502 ], [ -122.356046563508002, 47.794847548645301 ], [ -122.356046516427, 47.794844899936301 ], [ -122.356046483244, 47.794843042694502 ], [ -122.356046354998995, 47.794835948320397 ], [ -122.356046334764002, 47.794834850172599 ], [ -122.356046184806004, 47.794826516432302 ], [ -122.356046165454998, 47.794825493839497 ], [ -122.356046017397006, 47.7948173157056 ], [ -122.356045891529007, 47.794810302264302 ], [ -122.356045714564999, 47.794800503427503 ], [ -122.356045568816995, 47.794792449408298 ], [ -122.356045447449006, 47.7947857255797 ], [ -122.356045347424001, 47.794780228527799 ], [ -122.356045341577001, 47.794779893053096 ], [ -122.356045202733, 47.794772210478598 ], [ -122.356045076718004, 47.794765237521503 ], [ -122.356044901431005, 47.794755541217299 ], [ -122.356044794081001, 47.794749567472401 ], [ -122.356044724626003, 47.794745747776098 ], [ -122.356044589359996, 47.794738232480398 ], [ -122.356044522597998, 47.794734504508 ], [ -122.356044308530997, 47.794722669460299 ], [ -122.356044125772996, 47.794712536947301 ], [ -122.356043905161002, 47.794700297164603 ], [ -122.356043719802997, 47.794690030645199 ], [ -122.356043275171004, 47.794665435076197 ], [ -122.356043131720995, 47.794657459291798 ], [ -122.356042511883004, 47.794623170116303 ], [ -122.356042354218005, 47.794614392073797 ], [ -122.356041655159004, 47.794575677897797 ], [ -122.356041277806, 47.7945547824065 ], [ -122.356041035771, 47.794541404009401 ], [ -122.356040907210996, 47.794534298844098 ], [ -122.356040353344994, 47.794503619803002 ], [ -122.356040064902999, 47.7944876610579 ], [ -122.356039891240002, 47.794478065487702 ], [ -122.356039634767001, 47.794463831758698 ], [ -122.356039441847997, 47.794453171312902 ], [ -122.356038705716003, 47.794412421824703 ], [ -122.356038328734996, 47.794391538922604 ], [ -122.356037750878002, 47.794359497299602 ], [ -122.356037102510001, 47.794323600009903 ], [ -122.356036728961996, 47.794302924870699 ], [ -122.356036667360996, 47.794299508992196 ], [ -122.356036130567006, 47.794269820188198 ], [ -122.356035957025, 47.7942601832344 ], [ -122.356035526577003, 47.794236343143702 ], [ -122.356035086573002, 47.794211995803103 ], [ -122.356034505628998, 47.794179848966998 ], [ -122.356033793738007, 47.794140470152797 ], [ -122.356033625002993, 47.794131087723102 ], [ -122.356033615881003, 47.794130640741102 ], [ -122.356032669540994, 47.794078141614698 ], [ -122.356031680605994, 47.794023419232502 ], [ -122.356031277469995, 47.794001100009403 ], [ -122.356029540939005, 47.793904964381497 ], [ -122.356029283533999, 47.793890744158404 ], [ -122.356028954696001, 47.793872545934697 ], [ -122.35602752394, 47.793793277421898 ], [ -122.356027341041994, 47.7937831853924 ], [ -122.356027181998002, 47.7937743147085 ], [ -122.356026474499998, 47.793735176029202 ], [ -122.356025523737003, 47.793682525826704 ], [ -122.356025242312995, 47.7936669421223 ], [ -122.356024876296999, 47.793646704989399 ], [ -122.356023680977998, 47.793580499199997 ], [ -122.356022439018005, 47.7935117049688 ], [ -122.356022363850997, 47.793507554293697 ], [ -122.356021528914994, 47.793461348216297 ], [ -122.356021254197998, 47.793446083782101 ], [ -122.356021066091003, 47.793435677859598 ], [ -122.356020496780999, 47.7934041084131 ], [ -122.356016782707002, 47.793198490222899 ], [ -122.356016035869004, 47.793157102154197 ], [ -122.356015589006006, 47.793132384266002 ], [ -122.356014983153997, 47.793098888351899 ], [ -122.356014790285002, 47.793088183823798 ], [ -122.356014368448996, 47.793064772727902 ], [ -122.356014104294999, 47.793050140574799 ], [ -122.356012618253999, 47.792967896900898 ], [ -122.356011428919004, 47.792902030179697 ], [ -122.356011030630995, 47.792879966378003 ], [ -122.356010741296998, 47.792863931176498 ], [ -122.356008923763994, 47.792763352571797 ], [ -122.356008713500998, 47.7927516919951 ], [ -122.356008514986002, 47.792740704166398 ], [ -122.356007903375001, 47.792706875474302 ], [ -122.356007666796003, 47.792693773181497 ], [ -122.356005667510999, 47.792583004473002 ], [ -122.356002455432005, 47.792405614584197 ], [ -122.356002443880001, 47.792404493830198 ], [ -122.356000972960004, 47.792323172945899 ], [ -122.356000708268056, 47.792317174226717 ], [ -122.356691240193996, 47.792347783552103 ], [ -122.357887151278007, 47.792370728027997 ], [ -122.357958329468005, 47.792372093266003 ], [ -122.358490423307998, 47.792365497602702 ], [ -122.359554401379995, 47.792371950827402 ], [ -122.359659868785997, 47.792372625493797 ], [ -122.361250522169996, 47.792382796287399 ], [ -122.361557080010002, 47.792384445069203 ], [ -122.361562229501004, 47.792559162475399 ], [ -122.361548735550997, 47.793033281791203 ], [ -122.361553854728996, 47.793517606308797 ], [ -122.361559558150006, 47.794004492265998 ], [ -122.361565964061995, 47.794463436030497 ], [ -122.361572361493003, 47.794939345567201 ], [ -122.361579148838999, 47.795411222332497 ], [ -122.361581519127, 47.795888555831397 ], [ -122.361587433663004, 47.796365329106003 ], [ -122.361592833231001, 47.796824628110102 ], [ -122.361599233717996, 47.797300622987002 ], [ -122.361605722698002, 47.7977796159497 ], [ -122.361611663882996, 47.798240021370397 ], [ -122.361616926528995, 47.798711918426797 ], [ -122.361621818128, 47.799171225049498 ], [ -122.361626301727995, 47.799599431443198 ], [ -122.361556095208002, 47.799599257228898 ], [ -122.361287989315002, 47.799598646142101 ], [ -122.359562340866006, 47.7995947292371 ], [ -122.357871795991997, 47.7995908313342 ], [ -122.356239247394001, 47.7995870787299 ], [ -122.356124536564536, 47.799512867861274 ] ] ] } },
{ "type": "Feature", "properties": { "precinct": "4182", "name": "Chapel" }, "geometry": { "type": "MultiPolygon", "coordinates": [ [ [ [ -122.335747909421002, 47.799386698694498 ], [ -122.335744216703006, 47.799171501788798 ], [ -122.335741157640996, 47.7990132781066 ], [ -122.335736132045994, 47.7987520841899 ], [ -122.335731895473003, 47.798500562283103 ], [ -122.335727691228996, 47.7982501545509 ], [ -122.335722222968997, 47.797921016952202 ], [ -122.335720859635003, 47.797838860920102 ], [ -122.335719989916001, 47.797756184721997 ], [ -122.335717766779993, 47.797591694207497 ], [ -122.335716052170994, 47.797427197900397 ], [ -122.335713829061007, 47.797262707381599 ], [ -122.335712114475001, 47.7970982110702 ], [ -122.335710201338998, 47.796926862416001 ], [ -122.335710188909005, 47.796926433470297 ], [ -122.336200998371993, 47.796924260162001 ], [ -122.336317980396004, 47.796923748836299 ], [ -122.336506170923997, 47.796923071060696 ], [ -122.336562118868997, 47.796922849181598 ], [ -122.336806257307003, 47.796921948105897 ], [ -122.336811342127007, 47.796921881161502 ], [ -122.337050394618998, 47.796920961960602 ], [ -122.337120585012002, 47.796920723191398 ], [ -122.337274188804003, 47.7969201568446 ], [ -122.337294533066, 47.796920060740398 ], [ -122.337531550251995, 47.796919166437 ], [ -122.337538671478001, 47.796919158099001 ], [ -122.337783322202995, 47.796918334548103 ], [ -122.337869280511001, 47.796918059413599 ], [ -122.337860529660745, 47.7963924284184 ], [ -122.337875936756006, 47.796392382338098 ], [ -122.337883749474997, 47.796926941781798 ], [ -122.337802334930004, 47.796927184952303 ], [ -122.337643779165006, 47.796927658907897 ], [ -122.337558218127995, 47.796927914244201 ], [ -122.337546016296997, 47.796927950822102 ], [ -122.337372185537006, 47.796928469970602 ], [ -122.337314102681006, 47.796928643895797 ], [ -122.337282437995995, 47.7969287388566 ], [ -122.337135086822002, 47.796929178793903 ], [ -122.337069985892001, 47.796929373043398 ], [ -122.337020018432, 47.796929521820402 ], [ -122.336909969645006, 47.796929850817797 ], [ -122.336825870430005, 47.796930101651597 ], [ -122.336649041260003, 47.796930628588797 ], [ -122.336609027514996, 47.796930747808602 ], [ -122.336581753602005, 47.796930828856297 ], [ -122.336520728397005, 47.796931010523203 ], [ -122.336337638125997, 47.796931556420901 ], [ -122.336330339710003, 47.7969315778112 ], [ -122.336319997521002, 47.796931608674399 ], [ -122.336215582375004, 47.796931919531602 ], [ -122.336039293888007, 47.7969324447063 ], [ -122.335727348728994, 47.796933372608898 ], [ -122.335729894881993, 47.797105785267803 ], [ -122.335732323350001, 47.797270265899002 ], [ -122.335734751806996, 47.797434745628799 ], [ -122.335737180254, 47.797599224457201 ], [ -122.335739608767994, 47.797763705081898 ], [ -122.335740823685001, 47.797845944935098 ], [ -122.335737116941004, 47.797926651846801 ], [ -122.335742686217998, 47.798255771041703 ], [ -122.335746924098999, 47.798506185541498 ], [ -122.335751180540001, 47.798757745883101 ], [ -122.335756006637993, 47.7990188722694 ], [ -122.335758930802001, 47.799177139116203 ], [ -122.335762908220005, 47.7993923448823 ], [ -122.335766443812247, 47.799583668112312 ], [ -122.335751584476, 47.7995837311069 ], [ -122.335747909421002, 47.799386698694498 ] ] ], [ [ [ -122.335703903517, 47.796393542656801 ], [ -122.335703841474, 47.796391401525099 ], [ -122.335699912053002, 47.796097803932703 ], [ -122.335699049434993, 47.796015554940801 ], [ -122.335699037424007, 47.796014495369803 ], [ -122.335697753594005, 47.795935540857101 ], [ -122.335695022134999, 47.795771057008302 ], [ -122.335692799189005, 47.795606567367102 ], [ -122.335692369824002, 47.795591749403499 ], [ -122.335690067789002, 47.795442084413203 ], [ -122.335687336381, 47.795277600557903 ], [ -122.335684882283999, 47.795105316216997 ], [ -122.335684875219997, 47.795104888100198 ], [ -122.336234178059001, 47.795103229488099 ], [ -122.336296229423994, 47.795103012848401 ], [ -122.336783482197006, 47.795101568216403 ], [ -122.336905548393005, 47.795101161121103 ], [ -122.337027618397997, 47.795100839307203 ], [ -122.337221400361997, 47.795100257562098 ], [ -122.337576921150998, 47.795099174237002 ], [ -122.338154706652006, 47.795097388473899 ], [ -122.338276774136006, 47.795096978996099 ], [ -122.338270768219999, 47.794644716346703 ], [ -122.338264027687003, 47.794184664723801 ], [ -122.338260991167999, 47.793992423144303 ], [ -122.338383059701002, 47.793992185328598 ], [ -122.338381500813995, 47.793868387499401 ], [ -122.338388412791005, 47.793826138399098 ], [ -122.338410615590007, 47.7937849732903 ], [ -122.338446217064998, 47.793749800137299 ], [ -122.338494205337994, 47.793720805888199 ], [ -122.338554510704, 47.7936955895116 ], [ -122.338621049222994, 47.7936748330211 ], [ -122.338690289091005, 47.793659524847399 ], [ -122.338761731825997, 47.793650014305904 ], [ -122.338801832200005, 47.793647171862403 ], [ -122.339054790247005, 47.793635182462197 ], [ -122.339480953898999, 47.793614909545198 ], [ -122.339602861139994, 47.793609103110001 ], [ -122.339725275468993, 47.793603289854801 ], [ -122.339796388666997, 47.793599952475397 ], [ -122.339917160625006, 47.7935901331659 ], [ -122.340016946749998, 47.793575792153902 ], [ -122.340114033755995, 47.793556088161999 ], [ -122.340208931397996, 47.793531014469998 ], [ -122.340300116654007, 47.793500763905598 ], [ -122.340373030015996, 47.7934718672212 ], [ -122.340441791081005, 47.793440112382797 ], [ -122.340508912179004, 47.793404437093898 ], [ -122.340570378055006, 47.793366695358301 ], [ -122.340842423653001, 47.7931890735764 ], [ -122.340963970700003, 47.793188410751497 ], [ -122.340964048652424, 47.793194127592741 ], [ -122.340857155121995, 47.7931946855145 ], [ -122.340585399424, 47.793372360183497 ], [ -122.340523629252004, 47.7934101050446 ], [ -122.340456586705997, 47.793445773008699 ], [ -122.340387768856004, 47.793477503416803 ], [ -122.340315000375995, 47.793506378407201 ], [ -122.340223751763006, 47.793536608228798 ], [ -122.340129125226994, 47.7935616855519 ], [ -122.340031763325001, 47.793581439961898 ], [ -122.339932315081995, 47.793595739643699 ], [ -122.339811195742001, 47.793605550055901 ], [ -122.339740094410999, 47.793608928668299 ], [ -122.339617880215002, 47.793614738397302 ], [ -122.339495731305007, 47.793620544435299 ], [ -122.339069609587995, 47.793640792556801 ], [ -122.338816945722996, 47.793652799696602 ], [ -122.338776488663001, 47.793655634252701 ], [ -122.338705426489994, 47.793665147881804 ], [ -122.338635847098999, 47.793680441648 ], [ -122.338569478972005, 47.793701227386798 ], [ -122.338508935275001, 47.793726419924802 ], [ -122.338461132234997, 47.793755448622697 ], [ -122.338425746981002, 47.7937906198311 ], [ -122.338403266425999, 47.793831782308402 ], [ -122.338396366104007, 47.793874018663701 ], [ -122.338398198202995, 47.793997845284203 ], [ -122.338276142634001, 47.7939980244685 ], [ -122.338278979044006, 47.794190315474701 ], [ -122.338285756591006, 47.794650304561998 ], [ -122.338290626391, 47.795101506285803 ], [ -122.338168555975997, 47.795101355363002 ], [ -122.337591598922998, 47.795103122173998 ], [ -122.337240794573006, 47.7951041955995 ], [ -122.337042357959007, 47.795104802681898 ], [ -122.336920304078006, 47.795105174674198 ], [ -122.336798250168997, 47.795105545636801 ], [ -122.336310676905995, 47.7951070359209 ], [ -122.336249050576996, 47.7951072235834 ], [ -122.335700217977006, 47.795108894960002 ], [ -122.335702497667, 47.795283221898202 ], [ -122.335705035475002, 47.795447703811298 ], [ -122.335707344401001, 47.7955973750162 ], [ -122.335707573299004, 47.795612185722298 ], [ -122.335710111165, 47.795776668530401 ], [ -122.335712649021005, 47.795941150437002 ], [ -122.335713847112999, 47.796021199995799 ], [ -122.335715256192003, 47.796103462493697 ], [ -122.335719481119753, 47.79639333770244 ], [ -122.335703903517, 47.796393542656801 ] ] ] ] } },
{ "type": "Feature", "properties": { "precinct": "1132", "name": "Edmonds 18" }, "geometry": { "type": "Polygon", "coordinates": [ [ [ -122.335766443812247, 47.799583668112312 ], [ -122.335766548210998, 47.7995893174933 ], [ -122.336199073757996, 47.7995875361541 ], [ -122.336284396031004, 47.799587184280902 ], [ -122.336499381715996, 47.799586247572101 ], [ -122.336801188256004, 47.799584930375502 ], [ -122.336903980881999, 47.799584471289997 ], [ -122.337317466228995, 47.799582622429597 ], [ -122.337366195716001, 47.799582422389797 ], [ -122.337736291949994, 47.799580899635501 ], [ -122.337834979125006, 47.799580493792803 ], [ -122.337837579760006, 47.7995804838217 ], [ -122.337939730312002, 47.799580075443203 ], [ -122.338353050544001, 47.799578424719499 ], [ -122.338461572938996, 47.799577983180797 ], [ -122.338552426373994, 47.799577614290399 ], [ -122.338871106170004, 47.799576316620403 ], [ -122.339206209874007, 47.799574922945297 ], [ -122.339388982884998, 47.799574161751103 ], [ -122.339389384724001, 47.799574160050298 ], [ -122.339568904312003, 47.799573412685199 ], [ -122.339907699297001, 47.799572001552299 ], [ -122.340163467824993, 47.799570965233499 ], [ -122.340426110390993, 47.799569901500398 ], [ -122.340473331499993, 47.799569713742798 ], [ -122.340944433146007, 47.799567838944 ], [ -122.341002349621391, 47.799567846799349 ], [ -122.341004969753996, 47.8000562133644 ], [ -122.341012328494998, 47.801481265130398 ], [ -122.341017049217001, 47.8018709936295 ], [ -122.341025427180995, 47.802613876063297 ], [ -122.341049085571996, 47.803287408016899 ], [ -122.340366900095006, 47.803288613806899 ], [ -122.339428323728001, 47.803290283894199 ], [ -122.337459090601996, 47.803293699025801 ], [ -122.335680626043995, 47.8032967992959 ], [ -122.334083700970993, 47.803279491894898 ], [ -122.332906110189001, 47.803266767792799 ], [ -122.331754470663995, 47.8032542065596 ], [ -122.330610468607006, 47.803241789984 ], [ -122.329466468229, 47.803229447398003 ], [ -122.329162394835848, 47.803226093836606 ], [ -122.329173543723002, 47.803210624909802 ], [ -122.329217297956006, 47.803149919104499 ], [ -122.329349236496995, 47.802966858043 ], [ -122.329797223941995, 47.8023452805839 ], [ -122.330024728077007, 47.802029615183599 ], [ -122.330146559978999, 47.801860569060203 ], [ -122.330207474990004, 47.801776046856901 ], [ -122.330268391111005, 47.801691523703802 ], [ -122.330363451899004, 47.801559620895802 ], [ -122.330458513511005, 47.801427717090398 ], [ -122.330465714224999, 47.801417725313399 ], [ -122.330635462562995, 47.801182188161803 ], [ -122.330656631862993, 47.801152813101801 ], [ -122.330926027179004, 47.800779005095102 ], [ -122.331064871726994, 47.800586342540299 ], [ -122.331109561195007, 47.800524330950999 ], [ -122.331652960726004, 47.799769393463102 ], [ -122.331699034338001, 47.799705382543998 ], [ -122.331659574217426, 47.799704903547948 ], [ -122.331663430852998, 47.799699477263403 ], [ -122.331439523086999, 47.799696758883002 ], [ -122.331424257888003, 47.7996966163807 ], [ -122.331295002320999, 47.799695056191403 ], [ -122.33105445055466, 47.799697557057669 ], [ -122.330265553442999, 47.7996879765427 ], [ -122.330262414651997, 47.799687937620099 ], [ -122.330143486115006, 47.799686493551 ], [ -122.330143459344995, 47.799667299164099 ], [ -122.330143370328003, 47.7996042348625 ], [ -122.330143210445996, 47.799521974952199 ], [ -122.330143184478999, 47.799508265408001 ], [ -122.330143158512001, 47.799494555863802 ], [ -122.330141946417996, 47.798867329222503 ], [ -122.330139847352996, 47.797781001214801 ], [ -122.330139687949, 47.797698757479402 ], [ -122.330137719606995, 47.796679849001301 ], [ -122.330136481289003, 47.796038344132697 ], [ -122.330136427160994, 47.796010941258402 ], [ -122.330136340395342, 47.79596573815634 ], [ -122.330498154455995, 47.795969422587703 ], [ -122.330804694753994, 47.7959715574341 ], [ -122.331821733973996, 47.795978046138103 ], [ -122.332148541509, 47.7959792277329 ], [ -122.333094234840004, 47.795975017773003 ], [ -122.334364023644994, 47.7959997707298 ], [ -122.335579187712, 47.7960031879824 ], [ -122.335658639261993, 47.796011505807897 ], [ -122.335699037424007, 47.796014495369803 ], [ -122.335699049434993, 47.796015554940801 ], [ -122.335699912053002, 47.796097803932703 ], [ -122.335703841474, 47.796391401525099 ], [ -122.335703903517, 47.796393542656801 ], [ -122.335582269447002, 47.796391458047502 ], [ -122.335590151028001, 47.796926813448799 ], [ -122.335710201338998, 47.796926862416001 ], [ -122.335712114475001, 47.7970982110702 ], [ -122.335713829061007, 47.797262707381599 ], [ -122.335716052170994, 47.797427197900397 ], [ -122.335717766779993, 47.797591694207497 ], [ -122.335719989916001, 47.797756184721997 ], [ -122.335720859635003, 47.797838860920102 ], [ -122.335722222968997, 47.797921016952202 ], [ -122.335727691228996, 47.7982501545509 ], [ -122.335731895473003, 47.798500562283103 ], [ -122.335736132045994, 47.7987520841899 ], [ -122.335741157640996, 47.7990132781066 ], [ -122.335744216703006, 47.799171501788798 ], [ -122.335747909421002, 47.799386698694498 ], [ -122.335751584476, 47.7995837311069 ], [ -122.335766443812247, 47.799583668112312 ] ] ] } },
{ "type": "Feature", "properties": { "precinct": "1153", "name": "Edmonds 25" }, "geometry": { "type": "Polygon", "coordinates": [ [ [ -122.356261633564003, 47.803223872341 ], [ -122.356258420887002, 47.8027335255168 ], [ -122.356254613730997, 47.802101716600298 ], [ -122.356250439568001, 47.801440093355801 ], [ -122.356250419956993, 47.801404790436699 ], [ -122.356247000218005, 47.800803480981401 ], [ -122.356242431487004, 47.800111100952897 ], [ -122.356239247394001, 47.7995870787299 ], [ -122.357871795991997, 47.7995908313342 ], [ -122.359562340866006, 47.7995947292371 ], [ -122.361287989315002, 47.799598646142101 ], [ -122.361556095208002, 47.799599257228898 ], [ -122.361626301727995, 47.799599431443198 ], [ -122.362921045807994, 47.799602319790601 ], [ -122.364214773022994, 47.799605207094103 ], [ -122.366310783190002, 47.799609824151503 ], [ -122.366873451472003, 47.799611095971997 ], [ -122.366876732959, 47.799962800088103 ], [ -122.366883655085999, 47.800661147678198 ], [ -122.366891441906006, 47.801457510197402 ], [ -122.366901919925994, 47.8025168132299 ], [ -122.366908402083993, 47.803148673051098 ], [ -122.366909413629998, 47.8032516563595 ], [ -122.365907159852, 47.803250627901797 ], [ -122.365476794133002, 47.8032516899302 ], [ -122.365379890469001, 47.803243478311998 ], [ -122.365086764401994, 47.803188799714 ], [ -122.36496642, 47.803179273835298 ], [ -122.364841688574003, 47.803176233446202 ], [ -122.364251500292994, 47.803174635388103 ], [ -122.364240160278996, 47.802859541965802 ], [ -122.361545204392002, 47.802853904064101 ], [ -122.361534672884005, 47.803221473612403 ], [ -122.356262037896002, 47.8032895884486 ], [ -122.356261633564003, 47.803223872341 ] ] ] } },
{ "type": "Feature", "properties": { "precinct": "1107", "name": "Edmonds 7" }, "geometry": { "type": "Polygon", "coordinates": [ [ [ -122.372070863825002, 47.803259952975097 ], [ -122.370122201743001, 47.803271280080097 ], [ -122.369513381516001, 47.803276214867303 ], [ -122.369512996446005, 47.802576492735199 ], [ -122.369512654386995, 47.801929726285401 ], [ -122.369512716963996, 47.801468296918401 ], [ -122.367045241276998, 47.8014630717663 ], [ -122.366891441906006, 47.801457510197402 ], [ -122.366883655085999, 47.800661147678198 ], [ -122.366876732959, 47.799962800088103 ], [ -122.366873451472003, 47.799611095971997 ], [ -122.368040503206998, 47.799613669859497 ], [ -122.369511432823998, 47.799616711089598 ], [ -122.369545865171006, 47.799616908237198 ], [ -122.371435329633997, 47.799621039229201 ], [ -122.372210651935006, 47.799622761655101 ], [ -122.373129945821006, 47.799624680611799 ], [ -122.374763512482005, 47.799628178983497 ], [ -122.376506462443999, 47.799631974319198 ], [ -122.377548363303006, 47.7996341719643 ], [ -122.377539572266002, 47.800517477146698 ], [ -122.377536847844993, 47.801228723687203 ], [ -122.377533166616004, 47.801907850873 ], [ -122.377533343381998, 47.802545709353197 ], [ -122.37753930289, 47.803189830961202 ], [ -122.377351529831003, 47.803188256608799 ], [ -122.374833630452997, 47.803166914535197 ], [ -122.373558437157996, 47.803191659175901 ], [ -122.372176429050995, 47.8032342808363 ], [ -122.372070863825002, 47.803259952975097 ] ] ] } },
{ "type": "Feature", "properties": { "precinct": "1105", "name": "Edmonds 5" }, "geometry": { "type": "Polygon", "coordinates": [ [ [ -122.378844481521, 47.803215277819298 ], [ -122.37753930289, 47.803189830961202 ], [ -122.377533343381998, 47.802545709353197 ], [ -122.377533166616004, 47.801907850873 ], [ -122.377536847844993, 47.801228723687203 ], [ -122.377539572266002, 47.800517477146698 ], [ -122.377548363303006, 47.7996341719643 ], [ -122.377563341543635, 47.799634223602411 ], [ -122.377563375506, 47.799639766661997 ], [ -122.377699493917007, 47.799640290191803 ], [ -122.377738321758997, 47.7996404398246 ], [ -122.378064446463995, 47.7996416939149 ], [ -122.378210306227004, 47.7996422541991 ], [ -122.378673545574003, 47.799644033824201 ], [ -122.378906120005993, 47.799644925754301 ], [ -122.379028710064006, 47.799645395987902 ], [ -122.380126081086999, 47.799649600060803 ], [ -122.380248864772, 47.7996500690613 ], [ -122.380370952782997, 47.799650536558403 ], [ -122.381591609832, 47.799655197482302 ], [ -122.382872549945006, 47.799660073690099 ], [ -122.382918433284132, 47.799660248465962 ], [ -122.382918616363, 47.799695789500497 ], [ -122.382919935865999, 47.800029269938896 ], [ -122.382921358735004, 47.800383227707201 ], [ -122.382921403248005, 47.800401736596001 ], [ -122.382921668864995, 47.800444662420503 ], [ -122.382922865517003, 47.800774031486 ], [ -122.382923004724006, 47.800795708418299 ], [ -122.382924327807004, 47.8011463263651 ], [ -122.382924411982003, 47.801234240585302 ], [ -122.382924731724003, 47.801330035797399 ], [ -122.382925276463993, 47.801518456377003 ], [ -122.382926733684997, 47.801890580377403 ], [ -122.382926984302003, 47.801984062723697 ], [ -122.382929766288996, 47.802689837934999 ], [ -122.382932020229006, 47.803275828121997 ], [ -122.380241832015003, 47.803226607786101 ], [ -122.378844481521, 47.803215277819298 ] ] ] } },
{ "type": "Feature", "properties": { "precinct": "1154", "name": "Edmonds 27" }, "geometry": { "type": "Polygon", "coordinates": [ [ [ -122.356250439568001, 47.801440093355801 ], [ -122.356254613730997, 47.802101716600298 ], [ -122.356258420887002, 47.8027335255168 ], [ -122.356261633564003, 47.803223872341 ], [ -122.351929388049996, 47.8032478818375 ], [ -122.351944958600001, 47.804665115937702 ], [ -122.351423578080997, 47.804564081211197 ], [ -122.351240184150001, 47.804538413258399 ], [ -122.351112011919, 47.804539602020498 ], [ -122.350969128534004, 47.804559580911601 ], [ -122.350857708218001, 47.804594222534497 ], [ -122.350716333888002, 47.804665764292999 ], [ -122.350577868700995, 47.804784567450596 ], [ -122.349969504634004, 47.805344730962503 ], [ -122.349489399476994, 47.805785282137599 ], [ -122.349235414071003, 47.805972881156897 ], [ -122.349025644460994, 47.8060892866378 ], [ -122.348841839054998, 47.806171500571899 ], [ -122.348186960207002, 47.806394663082301 ], [ -122.347744034081998, 47.806541320796597 ], [ -122.346567921336003, 47.806930590683997 ], [ -122.346556088211003, 47.806019806041 ], [ -122.346547177388999, 47.805313689757099 ], [ -122.346538467334994, 47.804649300616497 ], [ -122.346530444912005, 47.803990986341503 ], [ -122.346521905279999, 47.803332420700499 ], [ -122.346513358411002, 47.802673599636101 ], [ -122.346505357745997, 47.802016055034997 ], [ -122.346497978273007, 47.801449503239503 ], [ -122.348753390176, 47.801440420651097 ], [ -122.349732058590007, 47.801436512893098 ], [ -122.349727318470002, 47.8006657320649 ], [ -122.349726225745997, 47.800524020405298 ], [ -122.349223165888006, 47.800525985784198 ], [ -122.349218754872993, 47.800044566918302 ], [ -122.349214995138666, 47.799537483131566 ], [ -122.349229873767996, 47.799537424655703 ], [ -122.349687296656995, 47.799535631482499 ], [ -122.350200467185999, 47.799533559337902 ], [ -122.350634144064998, 47.799531815982697 ], [ -122.350713350985004, 47.799531497692797 ], [ -122.351059193658998, 47.7995301397549 ], [ -122.351225388445002, 47.799529486374702 ], [ -122.351451989184994, 47.799528595636403 ], [ -122.351635407158, 47.7995278746371 ], [ -122.351736803807, 47.799527614173201 ], [ -122.351858924897002, 47.799527300257097 ], [ -122.351903975854, 47.799527185207097 ], [ -122.352027122276994, 47.799526868272501 ], [ -122.352384285765993, 47.799525502410397 ], [ -122.352698311704003, 47.799524300022703 ], [ -122.352992989021004, 47.799523170718501 ], [ -122.353257284785002, 47.799522467493603 ], [ -122.353601244535994, 47.799521550630203 ], [ -122.353642949640005, 47.799521438951601 ], [ -122.353968996655993, 47.799520568722798 ], [ -122.354091061654998, 47.799520344026597 ], [ -122.354213126625993, 47.799520118300698 ], [ -122.354622687844994, 47.799518244642897 ], [ -122.354907502946006, 47.799517230076397 ], [ -122.355171974691004, 47.799516287977603 ], [ -122.355508832154996, 47.799515079478503 ], [ -122.355824483806998, 47.799513945782003 ], [ -122.356124536564536, 47.799512867861274 ], [ -122.356239247394001, 47.7995870787299 ], [ -122.356242431487004, 47.800111100952897 ], [ -122.356247000218005, 47.800803480981401 ], [ -122.356250419956993, 47.801404790436699 ], [ -122.356250439568001, 47.801440093355801 ] ] ] } },
{ "type": "Feature", "properties": { "precinct": "1113", "name": "Edmonds 15" }, "geometry": { "type": "Polygon", "coordinates": [ [ [ -122.349218754872993, 47.800044566918302 ], [ -122.349223165888006, 47.800525985784198 ], [ -122.349726225745997, 47.800524020405298 ], [ -122.349727318470002, 47.8006657320649 ], [ -122.349732058590007, 47.801436512893098 ], [ -122.348753390176, 47.801440420651097 ], [ -122.346497978273007, 47.801449503239503 ], [ -122.346505357745997, 47.802016055034997 ], [ -122.346513358411002, 47.802673599636101 ], [ -122.346521905279999, 47.803332420700499 ], [ -122.346530444912005, 47.803990986341503 ], [ -122.346538467334994, 47.804649300616497 ], [ -122.346547177388999, 47.805313689757099 ], [ -122.346556088211003, 47.806019806041 ], [ -122.346567921336003, 47.806930590683997 ], [ -122.344464118209004, 47.806930167162498 ], [ -122.342113050715, 47.806929714833203 ], [ -122.341149421954995, 47.806929500806703 ], [ -122.341149593610993, 47.805850954671598 ], [ -122.341137599945995, 47.805438614573902 ], [ -122.341095048764004, 47.804465427712501 ], [ -122.341095137601997, 47.803733829747401 ], [ -122.341049085571996, 47.803287408016899 ], [ -122.341025427180995, 47.802613876063297 ], [ -122.341017049217001, 47.8018709936295 ], [ -122.341012328494998, 47.801481265130398 ], [ -122.341004969753996, 47.8000562133644 ], [ -122.341002349621391, 47.799567846799349 ], [ -122.341066518274005, 47.799567855502701 ], [ -122.341189112118002, 47.799567872411103 ], [ -122.341451686501003, 47.799566850400304 ], [ -122.341698288624002, 47.799565890308898 ], [ -122.34195386479, 47.799564894802003 ], [ -122.342219066469994, 47.799563860609503 ], [ -122.342483141393998, 47.799562830794997 ], [ -122.343089533214993, 47.799560880205902 ], [ -122.343776044199004, 47.799558668324501 ], [ -122.345070897650004, 47.799554359241903 ], [ -122.345111585517003, 47.799554163388997 ], [ -122.345152262732995, 47.7995539685623 ], [ -122.345437073818999, 47.799552598037401 ], [ -122.345504579012001, 47.799552273668397 ], [ -122.345701542331, 47.799551326170402 ], [ -122.345986353387005, 47.799549954275903 ], [ -122.346305468221999, 47.799548731751401 ], [ -122.346488561358996, 47.799548000832502 ], [ -122.346610625253007, 47.799547514265903 ], [ -122.346671669198003, 47.799547270324801 ], [ -122.346976828329005, 47.799546032941201 ], [ -122.347123409648006, 47.799545438575798 ], [ -122.347265629438994, 47.799544861358697 ], [ -122.347553941919003, 47.7995436910265 ], [ -122.347636152522995, 47.799543357535299 ], [ -122.347851858547003, 47.799542481661298 ], [ -122.348148878006, 47.799541274423099 ], [ -122.348282860238996, 47.799540805203101 ], [ -122.348661621253001, 47.799539478445098 ], [ -122.349074766710999, 47.799537999041299 ], [ -122.349174414104994, 47.799537642622802 ], [ -122.349214995138666, 47.799537483131566 ], [ -122.349218754872993, 47.800044566918302 ] ] ] } },
{ "type": "Feature", "properties": { "precinct": "1524", "name": "Edmonds 46" }, "geometry": { "type": "Polygon", "coordinates": [ [ [ -122.370122201743001, 47.803271280080097 ], [ -122.372070863825002, 47.803259952975097 ], [ -122.372176429050995, 47.8032342808363 ], [ -122.373558437157996, 47.803191659175901 ], [ -122.374833630452997, 47.803166914535197 ], [ -122.377351529831003, 47.803188256608799 ], [ -122.37753930289, 47.803189830961202 ], [ -122.377539097321005, 47.803268324657303 ], [ -122.377536153850997, 47.804177170485502 ], [ -122.377567843197994, 47.8050872626565 ], [ -122.377570972298997, 47.805994998002802 ], [ -122.377574607537994, 47.806902640978102 ], [ -122.377573830640998, 47.807286448109103 ], [ -122.374887373102993, 47.807283834440099 ], [ -122.372201426980993, 47.807281237069702 ], [ -122.369515481131003, 47.807278576546203 ], [ -122.366951647893998, 47.807276012561502 ], [ -122.366945380838999, 47.806892215678097 ], [ -122.366944942421, 47.806877396947201 ], [ -122.36693801202, 47.806144432031999 ], [ -122.366934070113999, 47.805753235217402 ], [ -122.366925410519997, 47.804875823809397 ], [ -122.366921156336005, 47.804456867485399 ], [ -122.366909413629998, 47.8032516563595 ], [ -122.366908402083993, 47.803148673051098 ], [ -122.366901919925994, 47.8025168132299 ], [ -122.366891441906006, 47.801457510197402 ], [ -122.367045241276998, 47.8014630717663 ], [ -122.369512716963996, 47.801468296918401 ], [ -122.369512654386995, 47.801929726285401 ], [ -122.369512996446005, 47.802576492735199 ], [ -122.369513381516001, 47.803276214867303 ], [ -122.370122201743001, 47.803271280080097 ] ] ] } },
{ "type": "Feature", "properties": { "precinct": "1127", "name": "Edmonds 17" }, "geometry": { "type": "Polygon", "coordinates": [ [ [ -122.366945380838999, 47.806892215678097 ], [ -122.366951647893998, 47.807276012561502 ], [ -122.364266072007993, 47.807268509716501 ], [ -122.361617124808006, 47.807260797303599 ], [ -122.361579980792996, 47.807260695153197 ], [ -122.361062402013005, 47.806927696062402 ], [ -122.360994706819994, 47.806874961630001 ], [ -122.360584402900002, 47.806556377567297 ], [ -122.360375762746997, 47.806416754277798 ], [ -122.360172294799, 47.806314507541899 ], [ -122.359972630778003, 47.806237743999702 ], [ -122.359733575026993, 47.806170932612901 ], [ -122.357286684068001, 47.805696422113499 ], [ -122.357101987796, 47.805661354803497 ], [ -122.356275207821994, 47.805504262967702 ], [ -122.356274217595001, 47.805345699332001 ], [ -122.356270259601999, 47.804712405508099 ], [ -122.356266173105993, 47.804053780508497 ], [ -122.356262612609001, 47.8034130568861 ], [ -122.356262037896002, 47.8032895884486 ], [ -122.361534672884005, 47.803221473612403 ], [ -122.361545204392002, 47.802853904064101 ], [ -122.364240160278996, 47.802859541965802 ], [ -122.364251500292994, 47.803174635388103 ], [ -122.364841688574003, 47.803176233446202 ], [ -122.36496642, 47.803179273835298 ], [ -122.365086764401994, 47.803188799714 ], [ -122.365379890469001, 47.803243478311998 ], [ -122.365476794133002, 47.8032516899302 ], [ -122.365907159852, 47.803250627901797 ], [ -122.366909413629998, 47.8032516563595 ], [ -122.366921156336005, 47.804456867485399 ], [ -122.366925410519997, 47.804875823809397 ], [ -122.366934070113999, 47.805753235217402 ], [ -122.36693801202, 47.806144432031999 ], [ -122.366944942421, 47.806877396947201 ], [ -122.366945380838999, 47.806892215678097 ] ] ] } },
{ "type": "Feature", "properties": { "precinct": "1104", "name": "Edmonds 4" }, "geometry": { "type": "Polygon", "coordinates": [ [ [ -122.377565154525996, 47.809574090248503 ], [ -122.377571824951005, 47.809029453291402 ], [ -122.377569187510005, 47.808479800880903 ], [ -122.377570845898006, 47.807937716354097 ], [ -122.377573830640998, 47.807286448109103 ], [ -122.377574607537994, 47.806902640978102 ], [ -122.377570972298997, 47.805994998002802 ], [ -122.377567843197994, 47.8050872626565 ], [ -122.377536153850997, 47.804177170485502 ], [ -122.377539097321005, 47.803268324657303 ], [ -122.37753930289, 47.803189830961202 ], [ -122.378844481521, 47.803215277819298 ], [ -122.380241832015003, 47.803226607786101 ], [ -122.380306885514997, 47.809719849503601 ], [ -122.378857801813993, 47.809719928703998 ], [ -122.377571010720999, 47.809719423860102 ], [ -122.377565154525996, 47.809574090248503 ] ] ] } },
{ "type": "Feature", "properties": { "precinct": "1111", "name": "Edmonds 13" }, "geometry": { "type": "Polygon", "coordinates": [ [ [ -122.357101987796, 47.805661354803497 ], [ -122.357286684068001, 47.805696422113499 ], [ -122.359733575026993, 47.806170932612901 ], [ -122.359972630778003, 47.806237743999702 ], [ -122.360172294799, 47.806314507541899 ], [ -122.360375762746997, 47.806416754277798 ], [ -122.360584402900002, 47.806556377567297 ], [ -122.360994706819994, 47.806874961630001 ], [ -122.361062402013005, 47.806927696062402 ], [ -122.361579980792996, 47.807260695153197 ], [ -122.361617124808006, 47.807260797303599 ], [ -122.361617818460999, 47.807474150121003 ], [ -122.361622104011005, 47.808102697391803 ], [ -122.361625438019004, 47.808647197349103 ], [ -122.361628715527004, 47.8092070354082 ], [ -122.361632504257003, 47.8097669529648 ], [ -122.361635709279, 47.8102877760697 ], [ -122.361637067125002, 47.810508432839399 ], [ -122.359030260352, 47.810503179153997 ], [ -122.357510344272995, 47.810500076739999 ], [ -122.356304894483998, 47.810497646671998 ], [ -122.354700328194994, 47.810505490626298 ], [ -122.352915159827006, 47.810514171931104 ], [ -122.352029440365996, 47.810518410851103 ], [ -122.350788115879993, 47.810524453672897 ], [ -122.350478573733994, 47.810500802727603 ], [ -122.350279216773998, 47.810469346438701 ], [ -122.350249566806994, 47.810464598959399 ], [ -122.349990811058007, 47.810402912667001 ], [ -122.349764851431004, 47.810331708028102 ], [ -122.349590780767002, 47.810260156033102 ], [ -122.349419358899993, 47.810174773220901 ], [ -122.349240635456994, 47.8100659228759 ], [ -122.349052188260998, 47.809920270817798 ], [ -122.348907043778993, 47.809776442259498 ], [ -122.348810019777005, 47.809625206495497 ], [ -122.348512462366003, 47.809088809675302 ], [ -122.348143474639997, 47.808423457806903 ], [ -122.347805370247997, 47.8078570923943 ], [ -122.347685932716999, 47.807704696467198 ], [ -122.347553810608005, 47.807570890633301 ], [ -122.347418699520006, 47.807456660933397 ], [ -122.347224550318003, 47.807324362432297 ], [ -122.347038890090005, 47.807221342009697 ], [ -122.346899629747, 47.807156608831598 ], [ -122.346568956040002, 47.807018320546398 ], [ -122.346567921336003, 47.806930590683997 ], [ -122.347744034081998, 47.806541320796597 ], [ -122.348186960207002, 47.806394663082301 ], [ -122.348841839054998, 47.806171500571899 ], [ -122.349025644460994, 47.8060892866378 ], [ -122.349235414071003, 47.805972881156897 ], [ -122.349489399476994, 47.805785282137599 ], [ -122.349969504634004, 47.805344730962503 ], [ -122.350577868700995, 47.804784567450596 ], [ -122.350716333888002, 47.804665764292999 ], [ -122.350857708218001, 47.804594222534497 ], [ -122.350969128534004, 47.804559580911601 ], [ -122.351112011919, 47.804539602020498 ], [ -122.351240184150001, 47.804538413258399 ], [ -122.351423578080997, 47.804564081211197 ], [ -122.351944958600001, 47.804665115937702 ], [ -122.351929388049996, 47.8032478818375 ], [ -122.356261633564003, 47.803223872341 ], [ -122.356262037896002, 47.8032895884486 ], [ -122.356262612609001, 47.8034130568861 ], [ -122.356266173105993, 47.804053780508497 ], [ -122.356270259601999, 47.804712405508099 ], [ -122.356274217595001, 47.805345699332001 ], [ -122.356275207821994, 47.805504262967702 ], [ -122.357101987796, 47.805661354803497 ] ] ] } },
{ "type": "Feature", "properties": { "precinct": "1114", "name": "Edmonds 16" }, "geometry": { "type": "Polygon", "coordinates": [ [ [ -122.329223205359995, 47.809591113711399 ], [ -122.328814646409853, 47.809587617483338 ], [ -122.328805328692994, 47.809171960087298 ], [ -122.328796278873995, 47.808768250945398 ], [ -122.328781694942975, 47.808768078739398 ], [ -122.328781579378997, 47.808762649942402 ], [ -122.328354048283003, 47.808757620429901 ], [ -122.328352011421998, 47.808757561627502 ], [ -122.328351939786003, 47.808755077876498 ], [ -122.327928023336, 47.808751885017102 ], [ -122.327503604623999, 47.808748868978498 ], [ -122.327381469208007, 47.808747981883599 ], [ -122.327340756591994, 47.808747657979502 ], [ -122.327363269664005, 47.809422832486902 ], [ -122.327288955081002, 47.809421833453001 ], [ -122.326464491499479, 47.809415187757175 ], [ -122.326461219082006, 47.809091879123599 ], [ -122.326454567135997, 47.808434761729004 ], [ -122.326439723977174, 47.808434605275593 ], [ -122.326439667874993, 47.808429117227597 ], [ -122.325626377183994, 47.808420551706199 ], [ -122.32542276741475, 47.808418392582574 ], [ -122.326554143870993, 47.806845728323303 ], [ -122.326612222991002, 47.806763411529097 ], [ -122.326667950501999, 47.806686012960697 ], [ -122.326694499417002, 47.806649140396303 ], [ -122.326700205468001, 47.806641216805097 ], [ -122.326932553248, 47.806318513960001 ], [ -122.326936329391998, 47.806313269405102 ], [ -122.327180984793998, 47.805973470138703 ], [ -122.327210610568997, 47.805932321895298 ], [ -122.327363074722996, 47.805720563109702 ], [ -122.327386213791996, 47.805688424574001 ], [ -122.327475694827996, 47.805564143216202 ], [ -122.327535978971994, 47.805480411680101 ], [ -122.327574772676002, 47.805426529237501 ], [ -122.327709850987006, 47.805238914097401 ], [ -122.327812463515002, 47.805096390420097 ], [ -122.327857042850994, 47.805037145232902 ], [ -122.328014191094994, 47.804819125073301 ], [ -122.328066559419, 47.804746471014198 ], [ -122.328224876792007, 47.804526824056403 ], [ -122.328331113047, 47.804379434192398 ], [ -122.328449535627001, 47.804215135080902 ], [ -122.328527253624003, 47.804107309316699 ], [ -122.328755833675004, 47.803790173457301 ], [ -122.328760460840996, 47.803783753613601 ], [ -122.328975801233995, 47.8034849831933 ], [ -122.329055697051999, 47.803374131953802 ], [ -122.329099667213995, 47.803313125603097 ], [ -122.329114493397995, 47.803292555533297 ], [ -122.329155778814993, 47.803235272672403 ], [ -122.329158482664994, 47.803231521919599 ], [ -122.329162394835848, 47.803226093836606 ], [ -122.329466468229, 47.803229447398003 ], [ -122.330610468607006, 47.803241789984 ], [ -122.331754470663995, 47.8032542065596 ], [ -122.332906110189001, 47.803266767792799 ], [ -122.334083700970993, 47.803279491894898 ], [ -122.335680626043995, 47.8032967992959 ], [ -122.335687526355997, 47.803780668853101 ], [ -122.335695607215001, 47.804375487574802 ], [ -122.335704042898996, 47.804964988567903 ], [ -122.335712206072003, 47.805562634494997 ], [ -122.335721017679006, 47.806200201488103 ], [ -122.335730925305995, 47.806928239342199 ], [ -122.335735436194994, 47.807347189121003 ], [ -122.335741516425998, 47.807960714178499 ], [ -122.335750024041005, 47.808745751868599 ], [ -122.335288431262001, 47.808741711787803 ], [ -122.332960618353994, 47.808721141286398 ], [ -122.332966510720993, 47.809083091207697 ], [ -122.332976598114001, 47.809677969485797 ], [ -122.332990651600994, 47.810533026135197 ], [ -122.330220026755995, 47.810510071845002 ], [ -122.330212392552994, 47.810510000062997 ], [ -122.329527368442996, 47.810504236669502 ], [ -122.329260522760748, 47.810502044946979 ], [ -122.329260152854005, 47.8104871312892 ], [ -122.329258804085001, 47.810432807852003 ], [ -122.329257936627002, 47.810397845551101 ], [ -122.329250560839, 47.810100535129202 ], [ -122.329245172580002, 47.809883381620899 ], [ -122.329242343762004, 47.8097693505688 ], [ -122.329239582978005, 47.8096580929843 ], [ -122.329238060806006, 47.809596741457902 ], [ -122.329223318472742, 47.809596614292865 ], [ -122.329223205359995, 47.809591113711399 ] ] ] } },
{ "type": "Feature", "properties": { "precinct": "1694", "name": "Edmonds 11" }, "geometry": { "type": "Polygon", "coordinates": [ [ [ -122.394609352882995, 47.803329043619001 ], [ -122.394517566657996, 47.803575452844903 ], [ -122.394485680147, 47.803834325122999 ], [ -122.394546281386994, 47.8040897048283 ], [ -122.394557301326998, 47.804337364371797 ], [ -122.394586959654006, 47.804460607205698 ], [ -122.396889696651996, 47.804210687366798 ], [ -122.39745286231836, 47.804136255218005 ], [ -122.397418164552562, 47.804209235944121 ], [ -122.396773125216001, 47.804292830078403 ], [ -122.394602599441001, 47.804523803557203 ], [ -122.394603763573002, 47.804528671644398 ], [ -122.394592007423995, 47.804780241873402 ], [ -122.394619759479994, 47.804975317887902 ], [ -122.394709133705007, 47.805155497746703 ], [ -122.394955890318002, 47.805594790616396 ], [ -122.395266816116006, 47.805934749105099 ], [ -122.395402328901, 47.806143260552503 ], [ -122.395407163355003, 47.806286807812199 ], [ -122.395367551456005, 47.806373637763798 ], [ -122.395369257620004, 47.806413373741499 ], [ -122.395370950778002, 47.806469562025597 ], [ -122.395458620422005, 47.806525517260603 ], [ -122.395517304392001, 47.8065819543408 ], [ -122.39553631471, 47.806706285383903 ], [ -122.395511229228006, 47.806802428309297 ], [ -122.395415529442005, 47.8069189875267 ], [ -122.395332625189994, 47.806987472662897 ], [ -122.395208088529998, 47.807075721188902 ], [ -122.395040903196005, 47.807183832321897 ], [ -122.394301833786002, 47.807578932625702 ], [ -122.392741178337999, 47.808485581599903 ], [ -122.391665441241003, 47.809039498626603 ], [ -122.391663207384994, 47.808982118546503 ], [ -122.393351300122006, 47.808031585796698 ], [ -122.394561815648004, 47.807342135757203 ], [ -122.395126913558002, 47.807015821206903 ], [ -122.395332675166998, 47.806854055729701 ], [ -122.395411683744996, 47.806757603611899 ], [ -122.395420007233994, 47.806662375459602 ], [ -122.395382765891, 47.806591506758799 ], [ -122.395273856564998, 47.806506107903203 ], [ -122.395256758957998, 47.806495888206797 ], [ -122.394906627032, 47.806290139224899 ], [ -122.394089139889005, 47.805803978049603 ], [ -122.393746922787003, 47.805607371791702 ], [ -122.393652130231004, 47.805585102342697 ], [ -122.393580971263006, 47.805570479642697 ], [ -122.393534067795002, 47.805567264617899 ], [ -122.392309941535999, 47.806496816706002 ], [ -122.391843864082006, 47.806850985493703 ], [ -122.391844416504, 47.806886281448001 ], [ -122.391857671940997, 47.807564066509102 ], [ -122.391854462292997, 47.8076434579189 ], [ -122.391457911410996, 47.807907475163603 ], [ -122.391538218291998, 47.807972445373302 ], [ -122.390993379424998, 47.808381411461802 ], [ -122.390352609016006, 47.808019203706998 ], [ -122.389884049030002, 47.808376311769599 ], [ -122.389892892562003, 47.808433602686698 ], [ -122.389745862357003, 47.808518723180399 ], [ -122.389673534113001, 47.808499143587298 ], [ -122.389546918972997, 47.808586385813797 ], [ -122.389582025666996, 47.808620268173698 ], [ -122.388878259888003, 47.809159579208803 ], [ -122.388228077220006, 47.809636802796298 ], [ -122.388240304513005, 47.8099765617158 ], [ -122.388120089877006, 47.8100907925432 ], [ -122.388035763022003, 47.810112333617099 ], [ -122.387968832894998, 47.810170998714398 ], [ -122.387894103969998, 47.810224114051898 ], [ -122.387819210510997, 47.810288714215602 ], [ -122.387689315326995, 47.810368629290799 ], [ -122.387576792043006, 47.810450964391997 ], [ -122.388265419638003, 47.810932499510002 ], [ -122.388312892791006, 47.810937594588601 ], [ -122.388356307497006, 47.810960053418903 ], [ -122.388417701226004, 47.8110051463864 ], [ -122.388531482540998, 47.811066492755202 ], [ -122.388579310763006, 47.811100374053602 ], [ -122.388631020068004, 47.811110980820203 ], [ -122.388699852637004, 47.8111156985522 ], [ -122.388750886302006, 47.811120744970303 ], [ -122.388835535126006, 47.8110759773339 ], [ -122.389121116075998, 47.810944755260003 ], [ -122.389592261980994, 47.810706722342701 ], [ -122.389939413869996, 47.810507993560798 ], [ -122.390540457087994, 47.810071960332799 ], [ -122.391022689542993, 47.809695383737399 ], [ -122.391045546043998, 47.809372369490298 ], [ -122.391087745673005, 47.809354399992799 ], [ -122.391123367652995, 47.809388446696303 ], [ -122.391132887536003, 47.809434331123803 ], [ -122.391135125985997, 47.809491882967698 ], [ -122.391129746858994, 47.809566848136697 ], [ -122.391108474166998, 47.809705524680297 ], [ -122.391076641477994, 47.809763712099297 ], [ -122.391010223844006, 47.809822372044003 ], [ -122.390868905584995, 47.809928324834097 ], [ -122.390701490588995, 47.810046372286401 ], [ -122.390434086848998, 47.810223450368497 ], [ -122.390142629077005, 47.8104298186378 ], [ -122.389884043974007, 47.810612688331503 ], [ -122.389589155497006, 47.810755778207898 ], [ -122.389278677543999, 47.810922044035799 ], [ -122.388925997184998, 47.8111062786109 ], [ -122.388766168825001, 47.811172206952797 ], [ -122.388663698452007, 47.811182599247402 ], [ -122.388594608789006, 47.811169316194501 ], [ -122.388507956148004, 47.8111303076317 ], [ -122.388420622867997, 47.811085567851002 ], [ -122.388223469441002, 47.810941896638496 ], [ -122.387539938366999, 47.810477600445999 ], [ -122.387416731151006, 47.810390332221701 ], [ -122.387352302506002, 47.810379727035603 ], [ -122.387270986944003, 47.810382889792301 ], [ -122.386924758440003, 47.810103457205699 ], [ -122.386762731177001, 47.810011061331799 ], [ -122.386035766187007, 47.809726607197 ], [ -122.384949390749995, 47.809724317392501 ], [ -122.383221251327001, 47.809716845982898 ], [ -122.381816932318003, 47.8097166117009 ], [ -122.380565868679994, 47.809719854727803 ], [ -122.380306885514997, 47.809719849503601 ], [ -122.380241832015003, 47.803226607786101 ], [ -122.382932020229006, 47.803275828121997 ], [ -122.382946767195179, 47.80327584991231 ], [ -122.382946787747997, 47.803281486928 ], [ -122.383214449104003, 47.803281851961799 ], [ -122.383971968807998, 47.803282882270402 ], [ -122.385139126211001, 47.803284459826799 ], [ -122.386312969745006, 47.803286034400998 ], [ -122.387175559666005, 47.803287183652301 ], [ -122.387555228303995, 47.803287687877997 ], [ -122.388127422626994, 47.803288444345199 ], [ -122.388317229579002, 47.803288694956798 ], [ -122.390378487730004, 47.803295895994403 ], [ -122.390526485514002, 47.803296412444098 ], [ -122.390666529431002, 47.803296899517299 ], [ -122.393606853099996, 47.803307100176198 ], [ -122.394209972555004, 47.8033091831307 ], [ -122.394453639366006, 47.803310024277899 ], [ -122.394616610666816, 47.803310585914495 ], [ -122.394609352882995, 47.803329043619001 ] ] ] } },
{ "type": "Feature", "properties": { "precinct": "1112", "name": "Edmonds 14" }, "geometry": { "type": "Polygon", "coordinates": [ [ [ -122.332976598114001, 47.809677969485797 ], [ -122.332966510720993, 47.809083091207697 ], [ -122.332960618353994, 47.808721141286398 ], [ -122.335288431262001, 47.808741711787803 ], [ -122.335750024041005, 47.808745751868599 ], [ -122.335741516425998, 47.807960714178499 ], [ -122.335735436194994, 47.807347189121003 ], [ -122.335730925305995, 47.806928239342199 ], [ -122.335721017679006, 47.806200201488103 ], [ -122.335712206072003, 47.805562634494997 ], [ -122.335704042898996, 47.804964988567903 ], [ -122.335695607215001, 47.804375487574802 ], [ -122.335687526355997, 47.803780668853101 ], [ -122.335680626043995, 47.8032967992959 ], [ -122.337459090601996, 47.803293699025801 ], [ -122.339428323728001, 47.803290283894199 ], [ -122.340366900095006, 47.803288613806899 ], [ -122.341049085571996, 47.803287408016899 ], [ -122.341095137601997, 47.803733829747401 ], [ -122.341095048764004, 47.804465427712501 ], [ -122.341137599945995, 47.805438614573902 ], [ -122.341149593610993, 47.805850954671598 ], [ -122.341149421954995, 47.806929500806703 ], [ -122.338657261465997, 47.8069233848491 ], [ -122.338677553165994, 47.808235328918798 ], [ -122.338690209869995, 47.808741230284802 ], [ -122.338700187719994, 47.809154881477603 ], [ -122.337906007783999, 47.809139210928301 ], [ -122.337814294992995, 47.809169809758401 ], [ -122.337791245470001, 47.809234635337397 ], [ -122.337803130245007, 47.810170010301498 ], [ -122.337811644347994, 47.8108665337231 ], [ -122.337818919905999, 47.811467789633703 ], [ -122.337821846015004, 47.811691307881198 ], [ -122.337799399136998, 47.811811994226098 ], [ -122.337755649369996, 47.811935016710002 ], [ -122.337710230804007, 47.8120356116452 ], [ -122.337623687453998, 47.8122269770572 ], [ -122.337564393023001, 47.812357916422101 ], [ -122.337241069832999, 47.812368000261003 ], [ -122.335803102259661, 47.812383359878396 ], [ -122.335802475609, 47.812323764978601 ], [ -122.335799576298001, 47.8120480732914 ], [ -122.335784815677997, 47.810644225253597 ], [ -122.335783951091997, 47.810561967378398 ], [ -122.33576898053326, 47.810561842127839 ], [ -122.335768923019003, 47.810556326360199 ], [ -122.335649323807004, 47.810555329226403 ], [ -122.332990651600994, 47.810533026135197 ], [ -122.332976598114001, 47.809677969485797 ] ] ] } },
{ "type": "Feature", "properties": { "precinct": "1109", "name": "Edmonds 9" }, "geometry": { "type": "Polygon", "coordinates": [ [ [ -122.375889029421003, 47.810527650892197 ], [ -122.374875948896999, 47.810526674509802 ], [ -122.373410733361993, 47.810515420322197 ], [ -122.373413674239004, 47.809706744726498 ], [ -122.372192994263003, 47.809705030639002 ], [ -122.372194258625001, 47.809302023561798 ], [ -122.372197217074003, 47.808493347935197 ], [ -122.372199661633999, 47.807804470950103 ], [ -122.372201426980993, 47.807281237069702 ], [ -122.374887373102993, 47.807283834440099 ], [ -122.377573830640998, 47.807286448109103 ], [ -122.377570845898006, 47.807937716354097 ], [ -122.377569187510005, 47.808479800880903 ], [ -122.377571824951005, 47.809029453291402 ], [ -122.377565154525996, 47.809574090248503 ], [ -122.377571010720999, 47.809719423860102 ], [ -122.377570437548002, 47.810007599724898 ], [ -122.377563080550999, 47.8105291961406 ], [ -122.375889029421003, 47.810527650892197 ] ] ] } },
{ "type": "Feature", "properties": { "precinct": "1156", "name": "Edmonds 29" }, "geometry": { "type": "Polygon", "coordinates": [ [ [ -122.350292460779997, 47.810974040962499 ], [ -122.350296830459996, 47.811314589512797 ], [ -122.349035022801999, 47.811316858424803 ], [ -122.348917719037999, 47.811324841617697 ], [ -122.348838271117003, 47.811339776557702 ], [ -122.348747964051, 47.811366167100601 ], [ -122.348697681461999, 47.811386713565199 ], [ -122.348605058673002, 47.811438326269098 ], [ -122.348547894099994, 47.81148449826 ], [ -122.348488293661006, 47.811551782903898 ], [ -122.348454891149999, 47.811610150425501 ], [ -122.348435902820995, 47.811674238937201 ], [ -122.348430556848996, 47.811752456468497 ], [ -122.348432115221996, 47.811875396994701 ], [ -122.348436427701003, 47.812214404270598 ], [ -122.348442629898003, 47.812652869850801 ], [ -122.348447922920997, 47.813077636642603 ], [ -122.348452966729994, 47.813441654813502 ], [ -122.348459526548993, 47.813927157587301 ], [ -122.348461209887006, 47.8140717750397 ], [ -122.349850261824002, 47.814068338785397 ], [ -122.350308189705004, 47.814067142649101 ], [ -122.350316798991997, 47.814708997955996 ], [ -122.350320302251006, 47.815054699138201 ], [ -122.35004962456, 47.8150558939682 ], [ -122.350056255225994, 47.815595464628501 ], [ -122.350062741496998, 47.815973601799698 ], [ -122.348984565916993, 47.815977372522397 ], [ -122.347922673697994, 47.8159811735717 ], [ -122.346758025417003, 47.815986154263001 ], [ -122.346767726606004, 47.816666896146401 ], [ -122.346773512498004, 47.817091570705898 ], [ -122.346777902365005, 47.817381306477401 ], [ -122.346783931066, 47.817814290110903 ], [ -122.346722871262998, 47.817814498953503 ], [ -122.345298821824002, 47.817825300353199 ], [ -122.345329155700995, 47.8155858075691 ], [ -122.345337216947996, 47.814867899338097 ], [ -122.345347743627997, 47.814740343217998 ], [ -122.345314756172002, 47.814586371405099 ], [ -122.345278086644996, 47.814480604860201 ], [ -122.345169835768999, 47.814397978813503 ], [ -122.345072135497006, 47.8143281511094 ], [ -122.344908951297, 47.814298605846901 ], [ -122.344772876847003, 47.814273929252799 ], [ -122.344042528277996, 47.814251286285597 ], [ -122.344020224809, 47.813713037017997 ], [ -122.343981937410007, 47.813185025155498 ], [ -122.343985185427002, 47.811934721379799 ], [ -122.343980862910001, 47.811000787624103 ], [ -122.343977762204005, 47.810545230189703 ], [ -122.343910934842995, 47.810137729264198 ], [ -122.341189166977998, 47.810167349181398 ], [ -122.341182278594005, 47.8095807404898 ], [ -122.341174172281995, 47.808934767018599 ], [ -122.341166502177003, 47.808303782299298 ], [ -122.341159641079997, 47.807753076223698 ], [ -122.341150288036005, 47.807011748857299 ], [ -122.341149421954995, 47.806929500806703 ], [ -122.342113050715, 47.806929714833203 ], [ -122.344464118209004, 47.806930167162498 ], [ -122.346567921336003, 47.806930590683997 ], [ -122.346568956040002, 47.807018320546398 ], [ -122.346899629747, 47.807156608831598 ], [ -122.347038890090005, 47.807221342009697 ], [ -122.347224550318003, 47.807324362432297 ], [ -122.347418699520006, 47.807456660933397 ], [ -122.347553810608005, 47.807570890633301 ], [ -122.347685932716999, 47.807704696467198 ], [ -122.347805370247997, 47.8078570923943 ], [ -122.348143474639997, 47.808423457806903 ], [ -122.348512462366003, 47.809088809675302 ], [ -122.348810019777005, 47.809625206495497 ], [ -122.348907043778993, 47.809776442259498 ], [ -122.349052188260998, 47.809920270817798 ], [ -122.349240635456994, 47.8100659228759 ], [ -122.349419358899993, 47.810174773220901 ], [ -122.349590780767002, 47.810260156033102 ], [ -122.349764851431004, 47.810331708028102 ], [ -122.349990811058007, 47.810402912667001 ], [ -122.350249566806994, 47.810464598959399 ], [ -122.350279216773998, 47.810469346438701 ], [ -122.350292460779997, 47.810974040962499 ] ] ] } },
{ "type": "Feature", "properties": { "precinct": "1158", "name": "Edmonds 31" }, "geometry": { "type": "Polygon", "coordinates": [ [ [ -122.342020590361003, 47.817825110245501 ], [ -122.341153148854005, 47.817832106528897 ], [ -122.338482744512007, 47.817821905486397 ], [ -122.336809858593, 47.817815399806598 ], [ -122.335859743032699, 47.817815074029639 ], [ -122.335856795544004, 47.817531286447903 ], [ -122.335851166894997, 47.816989260484199 ], [ -122.335843327049005, 47.816234312351703 ], [ -122.335842840007999, 47.816187382189803 ], [ -122.335842330421997, 47.816138338267002 ], [ -122.335840956347994, 47.816006032550497 ], [ -122.335831527329006, 47.8150979863346 ], [ -122.335822957242996, 47.814272678365597 ], [ -122.335822530295005, 47.814231551618398 ], [ -122.335822103346999, 47.8141904248711 ], [ -122.335822100350995, 47.814190091159297 ], [ -122.335803102259661, 47.812383359878396 ], [ -122.337241069832999, 47.812368000261003 ], [ -122.337564393023001, 47.812357916422101 ], [ -122.337623687453998, 47.8122269770572 ], [ -122.337710230804007, 47.8120356116452 ], [ -122.337755649369996, 47.811935016710002 ], [ -122.337799399136998, 47.811811994226098 ], [ -122.337821846015004, 47.811691307881198 ], [ -122.337818919905999, 47.811467789633703 ], [ -122.337811644347994, 47.8108665337231 ], [ -122.337803130245007, 47.810170010301498 ], [ -122.337791245470001, 47.809234635337397 ], [ -122.337814294992995, 47.809169809758401 ], [ -122.337906007783999, 47.809139210928301 ], [ -122.338700187719994, 47.809154881477603 ], [ -122.338690209869995, 47.808741230284802 ], [ -122.338677553165994, 47.808235328918798 ], [ -122.338657261465997, 47.8069233848491 ], [ -122.341149421954995, 47.806929500806703 ], [ -122.341150288036005, 47.807011748857299 ], [ -122.341159641079997, 47.807753076223698 ], [ -122.341166502177003, 47.808303782299298 ], [ -122.341174172281995, 47.808934767018599 ], [ -122.341182278594005, 47.8095807404898 ], [ -122.341189166977998, 47.810167349181398 ], [ -122.341170435676005, 47.811569866516102 ], [ -122.341202667722996, 47.812345509134801 ], [ -122.342325541739001, 47.812324169373397 ], [ -122.342322924089004, 47.813510113087098 ], [ -122.342343320232004, 47.8136164382164 ], [ -122.342404021514994, 47.813691469970799 ], [ -122.342540132330001, 47.813769960273397 ], [ -122.342613975876006, 47.813772069400699 ], [ -122.342728561043998, 47.813775353904397 ], [ -122.342865555461998, 47.813779284954798 ], [ -122.343147575583998, 47.813800921254 ], [ -122.343208060028999, 47.813816060054897 ], [ -122.343246364410007, 47.8138733063304 ], [ -122.343250305786, 47.813956199211503 ], [ -122.343264422432, 47.814248634709699 ], [ -122.343102367276998, 47.814257802463402 ], [ -122.342915408406, 47.814285465614397 ], [ -122.342829356973994, 47.814318478260297 ], [ -122.342702537302998, 47.814366939483897 ], [ -122.342632912328, 47.8144223562919 ], [ -122.342582795620999, 47.814483684780903 ], [ -122.342562068823, 47.814575729551201 ], [ -122.342544396164001, 47.814929935996503 ], [ -122.342571943289002, 47.815980782063399 ], [ -122.342596864784994, 47.816923953596302 ], [ -122.342620904146003, 47.817836803096597 ], [ -122.342020590361003, 47.817825110245501 ] ] ] } },
{ "type": "Feature", "properties": { "precinct": "1108", "name": "Edmonds 8" }, "geometry": { "type": "Polygon", "coordinates": [ [ [ -122.360967843162996, 47.8121094587353 ], [ -122.360834640716007, 47.812113211037001 ], [ -122.360698531525998, 47.812121971465501 ], [ -122.360571221732997, 47.812135755327198 ], [ -122.360409094120001, 47.812159430565103 ], [ -122.360266251358993, 47.812181391330803 ], [ -122.360151669635002, 47.812195432795797 ], [ -122.359917135855, 47.812213991065299 ], [ -122.359350899164994, 47.812217101101098 ], [ -122.359352953501997, 47.8125461138807 ], [ -122.359348945551005, 47.8126173738126 ], [ -122.359328791463, 47.8127278373926 ], [ -122.359278922841995, 47.812848723095897 ], [ -122.359233352849998, 47.812925507622097 ], [ -122.359117377502002, 47.813082408516401 ], [ -122.358788226653004, 47.813516955601798 ], [ -122.358644820752005, 47.813710124573397 ], [ -122.358591184377005, 47.813806810511501 ], [ -122.358559290515998, 47.813881527463401 ], [ -122.358528180969998, 47.814000192189802 ], [ -122.358518460170004, 47.8141367361467 ], [ -122.358520833403006, 47.8146150977337 ], [ -122.358524161957007, 47.815212380500498 ], [ -122.358520005456995, 47.815244054377303 ], [ -122.358506132006994, 47.815291368056897 ], [ -122.358483905710003, 47.8153315091566 ], [ -122.358443533973002, 47.815377548309797 ], [ -122.358366133689998, 47.815444903103398 ], [ -122.358341167340996, 47.815478397592898 ], [ -122.358310465404998, 47.815541787814198 ], [ -122.358303856605005, 47.815593888438102 ], [ -122.358307251091006, 47.816003257382299 ], [ -122.358305343834999, 47.816267029621201 ], [ -122.358311126025995, 47.816895897904601 ], [ -122.358318818501999, 47.817779917777301 ], [ -122.356387958194006, 47.817774742781097 ], [ -122.356379261645998, 47.817253707688103 ], [ -122.356372490000993, 47.816867433593998 ], [ -122.356362382136993, 47.816263729327602 ], [ -122.356353560049996, 47.815755721206401 ], [ -122.356344788664003, 47.815232115962601 ], [ -122.356334809592994, 47.814650089449501 ], [ -122.354739044236993, 47.8146501025996 ], [ -122.354734708025006, 47.814138349082398 ], [ -122.354731057210998, 47.813788622059803 ], [ -122.354725911586002, 47.813249288454102 ], [ -122.354720749245004, 47.812692046644102 ], [ -122.354715676739005, 47.8121551967226 ], [ -122.354710436673003, 47.811595299371099 ], [ -122.354705500917007, 47.811045765872002 ], [ -122.354700328194994, 47.810505490626298 ], [ -122.356304894483998, 47.810497646671998 ], [ -122.357510344272995, 47.810500076739999 ], [ -122.359030260352, 47.810503179153997 ], [ -122.361637067125002, 47.810508432839399 ], [ -122.361635709279, 47.8102877760697 ], [ -122.361632504257003, 47.8097669529648 ], [ -122.361628715527004, 47.8092070354082 ], [ -122.361625438019004, 47.808647197349103 ], [ -122.361622104011005, 47.808102697391803 ], [ -122.361617818460999, 47.807474150121003 ], [ -122.361617124808006, 47.807260797303599 ], [ -122.364266072007993, 47.807268509716501 ], [ -122.366951647893998, 47.807276012561502 ], [ -122.366938205221004, 47.807681495502798 ], [ -122.366932781756006, 47.808220457827503 ], [ -122.366928469502994, 47.808882967955903 ], [ -122.366928322888, 47.809393925697599 ], [ -122.366927173044004, 47.809991355358797 ], [ -122.366924969929997, 47.8105187926651 ], [ -122.366934838972995, 47.811316669446697 ], [ -122.366912427358002, 47.812124148346797 ], [ -122.366927795945003, 47.812935917578898 ], [ -122.366926553918006, 47.813736599911103 ], [ -122.366905977344004, 47.814145508721701 ], [ -122.36688232457, 47.8146171577486 ], [ -122.366905601981998, 47.815642488762897 ], [ -122.367001599778007, 47.816934426735102 ], [ -122.364316857223002, 47.816943545389698 ], [ -122.364337004497003, 47.816472127811601 ], [ -122.364323392870006, 47.816294699353399 ], [ -122.364260825011996, 47.815647455868699 ], [ -122.364181518688, 47.814632417073199 ], [ -122.364039623221004, 47.814605325102399 ], [ -122.363206515786004, 47.814597140148202 ], [ -122.362636724387002, 47.8145583426546 ], [ -122.361958870029994, 47.814555808508402 ], [ -122.361664726252997, 47.8145810251957 ], [ -122.361638023572993, 47.814583314790198 ], [ -122.361651572485002, 47.814168690975897 ], [ -122.361650547189996, 47.814140080166098 ], [ -122.361635787609998, 47.813728310777599 ], [ -122.361653344125997, 47.813062218026801 ], [ -122.361649612036999, 47.812521493830303 ], [ -122.361647319740001, 47.812115879115801 ], [ -122.360967843162996, 47.8121094587353 ] ] ] } },
{ "type": "Feature", "properties": { "precinct": "1447", "name": "Edmonds 39" }, "geometry": { "type": "Polygon", "coordinates": [ [ [ -122.372179604164998, 47.814618376655297 ], [ -122.372178563274005, 47.815080333603703 ], [ -122.372177517235997, 47.815559256295501 ], [ -122.372176804399004, 47.816015124744702 ], [ -122.372175743053006, 47.816510671444902 ], [ -122.372174379064006, 47.8169788876395 ], [ -122.372173399115994, 47.817442900176097 ], [ -122.372173108618995, 47.817775886439499 ], [ -122.370447631573995, 47.817763983891403 ], [ -122.367924859693005, 47.817756425652199 ], [ -122.367863283774994, 47.817756396339398 ], [ -122.367651628266003, 47.817792143115099 ], [ -122.367536509359994, 47.817822822872998 ], [ -122.367417950966995, 47.817874799190101 ], [ -122.367300962396001, 47.8179454346187 ], [ -122.367209886686993, 47.8178771647163 ], [ -122.367156794302005, 47.817837090312402 ], [ -122.367102767454, 47.8177826329376 ], [ -122.367042491228005, 47.817706151622801 ], [ -122.367013853073004, 47.817649810539699 ], [ -122.367003335671001, 47.8176039377934 ], [ -122.367002386292, 47.817159145821499 ], [ -122.367001599778007, 47.816934426735102 ], [ -122.366905601981998, 47.815642488762897 ], [ -122.36688232457, 47.8146171577486 ], [ -122.366905977344004, 47.814145508721701 ], [ -122.366926553918006, 47.813736599911103 ], [ -122.366927795945003, 47.812935917578898 ], [ -122.366912427358002, 47.812124148346797 ], [ -122.366934838972995, 47.811316669446697 ], [ -122.366924969929997, 47.8105187926651 ], [ -122.366927173044004, 47.809991355358797 ], [ -122.366928322888, 47.809393925697599 ], [ -122.366928469502994, 47.808882967955903 ], [ -122.366932781756006, 47.808220457827503 ], [ -122.366938205221004, 47.807681495502798 ], [ -122.366951647893998, 47.807276012561502 ], [ -122.369515481131003, 47.807278576546203 ], [ -122.372201426980993, 47.807281237069702 ], [ -122.372199661633999, 47.807804470950103 ], [ -122.372197217074003, 47.808493347935197 ], [ -122.372194258625001, 47.809302023561798 ], [ -122.372192994263003, 47.809705030639002 ], [ -122.373413674239004, 47.809706744726498 ], [ -122.373410733361993, 47.810515420322197 ], [ -122.372269414545002, 47.810513835950601 ], [ -122.372190035678997, 47.810513706185397 ], [ -122.372187188991006, 47.811257600331601 ], [ -122.372185891347996, 47.811728043268097 ], [ -122.372184118234998, 47.812131057117 ], [ -122.372182204961007, 47.812700735010502 ], [ -122.372180586799004, 47.813177523540098 ], [ -122.372178648165999, 47.8136606576997 ], [ -122.372177384666003, 47.814132300157098 ], [ -122.372177148137993, 47.814141472140903 ], [ -122.372179604164998, 47.814618376655297 ] ] ] } },
{ "type": "Feature", "properties": { "precinct": "1102", "name": "Edmonds 2" }, "geometry": { "type": "Polygon", "coordinates": [ [ [ -122.382915026232993, 47.8127829763541 ], [ -122.382678863118997, 47.8129681806858 ], [ -122.382313786322996, 47.813300717373401 ], [ -122.382304827959004, 47.813307436584601 ], [ -122.382178053836995, 47.813441286614001 ], [ -122.382146582101001, 47.8135630472797 ], [ -122.382139169208997, 47.8136725718091 ], [ -122.382149489596998, 47.813779541210103 ], [ -122.382204734279995, 47.813857282220297 ], [ -122.382266745562006, 47.813923106986003 ], [ -122.382349976675997, 47.813983845463603 ], [ -122.382407004403007, 47.8140020944032 ], [ -122.382491947887004, 47.814000942499497 ], [ -122.382554307961996, 47.813976276038701 ], [ -122.382646444098, 47.813977425733597 ], [ -122.382696991043005, 47.814017184833297 ], [ -122.382716498855004, 47.814073987893799 ], [ -122.382731808656999, 47.814109512744402 ], [ -122.382715854766005, 47.814171595294603 ], [ -122.382653339236995, 47.814208089319699 ], [ -122.382548109330997, 47.814228539605097 ], [ -122.382309244191006, 47.814153288710699 ], [ -122.382140712093005, 47.814081795920302 ], [ -122.381688120937994, 47.813938063545798 ], [ -122.381564024281005, 47.813923121621698 ], [ -122.381451884537995, 47.813950776862001 ], [ -122.381295094088003, 47.814033790878298 ], [ -122.380896155027003, 47.814272353240497 ], [ -122.380493510272998, 47.814557406669898 ], [ -122.380291089381998, 47.814748404701 ], [ -122.379870509385, 47.815063603503503 ], [ -122.379478981329001, 47.815414654524602 ], [ -122.379089577567001, 47.815820000954503 ], [ -122.378776775565001, 47.816115229458099 ], [ -122.378336121180993, 47.816594100566803 ], [ -122.377836677036996, 47.817235030279299 ], [ -122.377707229216, 47.8173822784455 ], [ -122.377554569232998, 47.817638663133302 ], [ -122.377453370978003, 47.817777645863003 ], [ -122.374448372334996, 47.817776921159698 ], [ -122.374310463539004, 47.817776895858103 ], [ -122.374972287220004, 47.816981952634102 ], [ -122.375483247861993, 47.816367872247298 ], [ -122.376009914014006, 47.8157347260072 ], [ -122.376531659286002, 47.815107642194803 ], [ -122.377086798844999, 47.814440430888197 ], [ -122.377565769281006, 47.813864389822598 ], [ -122.378140986947997, 47.8131717943605 ], [ -122.378663567656005, 47.812540318383498 ], [ -122.379212155131, 47.8118770402276 ], [ -122.379591311663006, 47.811419133335399 ], [ -122.377561298231996, 47.810657237271002 ], [ -122.377563080550999, 47.8105291961406 ], [ -122.377570437548002, 47.810007599724898 ], [ -122.377571010720999, 47.809719423860102 ], [ -122.378857801813993, 47.809719928703998 ], [ -122.380306885514997, 47.809719849503601 ], [ -122.380565868679994, 47.809719854727803 ], [ -122.381816932318003, 47.8097166117009 ], [ -122.383221251327001, 47.809716845982898 ], [ -122.384949390749995, 47.809724317392501 ], [ -122.386035766187007, 47.809726607197 ], [ -122.386762731177001, 47.810011061331799 ], [ -122.386924758440003, 47.810103457205699 ], [ -122.387270986944003, 47.810382889792301 ], [ -122.387241002207006, 47.810384068667297 ], [ -122.387124604891994, 47.810439035868001 ], [ -122.386959581143003, 47.810501347547202 ], [ -122.386824053777005, 47.810563172371097 ], [ -122.386621654042003, 47.810685717030601 ], [ -122.386476262002006, 47.810740992360998 ], [ -122.386283236224997, 47.810836759768698 ], [ -122.386090302786002, 47.810952662472999 ], [ -122.385879043651997, 47.811085265098001 ], [ -122.385639563086997, 47.811277976887197 ], [ -122.385447922584007, 47.811420166404602 ], [ -122.385241632429995, 47.811565896667602 ], [ -122.384967774770004, 47.811749219682703 ], [ -122.384753006376002, 47.811934823368901 ], [ -122.384500030881995, 47.812135941063701 ], [ -122.384255903975003, 47.8123607597106 ], [ -122.384108665133994, 47.812473639248097 ], [ -122.383999822761993, 47.812594308867801 ], [ -122.383894049610007, 47.812749554613298 ], [ -122.384573393544997, 47.812921047729702 ], [ -122.384506038829997, 47.813033784825301 ], [ -122.385478804273006, 47.813317995240197 ], [ -122.385428255568002, 47.813397172175499 ], [ -122.385022364177999, 47.813283750638 ], [ -122.384991815046007, 47.8133341218632 ], [ -122.384611131509999, 47.8132298689547 ], [ -122.384594182919002, 47.813258632953698 ], [ -122.384227019931004, 47.813146997394298 ], [ -122.383741572435994, 47.812959503413097 ], [ -122.383511164634996, 47.812894680124103 ], [ -122.382957457399996, 47.812738528580603 ], [ -122.382915026232993, 47.8127829763541 ] ] ] } },
{ "type": "Feature", "properties": { "precinct": "1103", "name": "Edmonds 3" }, "geometry": { "type": "Polygon", "coordinates": [ [ [ -122.372647412700005, 47.8177766089401 ], [ -122.372306967075005, 47.817776568021401 ], [ -122.372240292802005, 47.817776266996802 ], [ -122.372173108618995, 47.817775886439499 ], [ -122.372173399115994, 47.817442900176097 ], [ -122.372174379064006, 47.8169788876395 ], [ -122.372175743053006, 47.816510671444902 ], [ -122.372176804399004, 47.816015124744702 ], [ -122.372177517235997, 47.815559256295501 ], [ -122.372178563274005, 47.815080333603703 ], [ -122.372179604164998, 47.814618376655297 ], [ -122.372177148137993, 47.814141472140903 ], [ -122.372177384666003, 47.814132300157098 ], [ -122.372178648165999, 47.8136606576997 ], [ -122.372180586799004, 47.813177523540098 ], [ -122.372182204961007, 47.812700735010502 ], [ -122.372184118234998, 47.812131057117 ], [ -122.372185891347996, 47.811728043268097 ], [ -122.372187188991006, 47.811257600331601 ], [ -122.372190035678997, 47.810513706185397 ], [ -122.372269414545002, 47.810513835950601 ], [ -122.373410733361993, 47.810515420322197 ], [ -122.374875948896999, 47.810526674509802 ], [ -122.375889029421003, 47.810527650892197 ], [ -122.377563080550999, 47.8105291961406 ], [ -122.377561298231996, 47.810657237271002 ], [ -122.379591311663006, 47.811419133335399 ], [ -122.379212155131, 47.8118770402276 ], [ -122.378663567656005, 47.812540318383498 ], [ -122.378140986947997, 47.8131717943605 ], [ -122.377565769281006, 47.813864389822598 ], [ -122.377086798844999, 47.814440430888197 ], [ -122.376531659286002, 47.815107642194803 ], [ -122.376009914014006, 47.8157347260072 ], [ -122.375483247861993, 47.816367872247298 ], [ -122.374972287220004, 47.816981952634102 ], [ -122.374310463539004, 47.817776895858103 ], [ -122.372647412700005, 47.8177766089401 ] ] ] } },
{ "type": "Feature", "properties": { "precinct": "1120", "name": "Lynnwood 6" }, "geometry": { "type": "MultiPolygon", "coordinates": [ [ [ [ -122.329527368442996, 47.810504236669502 ], [ -122.330212392552994, 47.810510000062997 ], [ -122.330220026755995, 47.810510071845002 ], [ -122.332990651600994, 47.810533026135197 ], [ -122.335649323807004, 47.810555329226403 ], [ -122.335768923019003, 47.810556326360199 ], [ -122.33576898053326, 47.810561842127839 ], [ -122.335664389162005, 47.810560967068497 ], [ -122.333005680946997, 47.810538680932197 ], [ -122.330235089615002, 47.810515654535799 ], [ -122.330227482370006, 47.810515591397397 ], [ -122.329542311604996, 47.810509886674197 ], [ -122.329260659059003, 47.8105075401308 ], [ -122.329260522760748, 47.810502044946979 ], [ -122.329527368442996, 47.810504236669502 ] ] ], [ [ [ -122.335975312250994, 47.818641004818701 ], [ -122.336362582150002, 47.818641137183 ], [ -122.336659268207001, 47.818641261070603 ], [ -122.336959007771, 47.818641343999701 ], [ -122.337160021865003, 47.818641440189502 ], [ -122.337160011129029, 47.818647049456317 ], [ -122.336974035371995, 47.818646986239102 ], [ -122.336674423439007, 47.818646884570803 ], [ -122.336377502893995, 47.818646782692397 ], [ -122.335990491979999, 47.818646647863297 ], [ -122.335868378672998, 47.818646604967697 ], [ -122.335868320244089, 47.818640979628391 ], [ -122.335975312250994, 47.818641004818701 ] ] ], [ [ [ -122.337224897146996, 47.819631984627797 ], [ -122.337224946222122, 47.819637655209561 ], [ -122.337185271083001, 47.8196377633735 ], [ -122.337185204004825, 47.819632069691721 ], [ -122.337224897146996, 47.819631984627797 ] ] ], [ [ [ -122.325626377183994, 47.808420551706199 ], [ -122.326439667874993, 47.808429117227597 ], [ -122.326439723977174, 47.808434605275593 ], [ -122.325643554996006, 47.808426213305097 ], [ -122.325418845697996, 47.808423843945597 ], [ -122.32542276741475, 47.808418392582574 ], [ -122.325626377183994, 47.808420551706199 ] ] ], [ [ [ -122.327288955081002, 47.809421833453001 ], [ -122.327363269664005, 47.809422832486902 ], [ -122.327340756591994, 47.808747657979502 ], [ -122.327381469208007, 47.808747981883599 ], [ -122.327503604623999, 47.808748868978498 ], [ -122.327928023336, 47.808751885017102 ], [ -122.328351939786003, 47.808755077876498 ], [ -122.328352011421998, 47.808757561627502 ], [ -122.328354048283003, 47.808757620429901 ], [ -122.328781579378997, 47.808762649942402 ], [ -122.328781694942975, 47.808768078739398 ], [ -122.328369213382999, 47.808763208187102 ], [ -122.328366923589996, 47.808763176984598 ], [ -122.328366849568994, 47.808760703160303 ], [ -122.327942745333004, 47.808757484016503 ], [ -122.327518358798002, 47.808754474798697 ], [ -122.327396493764994, 47.808753610268496 ], [ -122.327355585792006, 47.808753319510302 ], [ -122.327377980131999, 47.809428446127598 ], [ -122.327303982858993, 47.8094274294575 ], [ -122.326464547634004, 47.809420733742201 ], [ -122.326464491499479, 47.809415187757175 ], [ -122.327288955081002, 47.809421833453001 ] ] ], [ [ [ -122.329223205359995, 47.809591113711399 ], [ -122.329223318472742, 47.809596614292865 ], [ -122.328814769090997, 47.809593090210498 ], [ -122.328814646409853, 47.809587617483338 ], [ -122.329223205359995, 47.809591113711399 ] ] ] ] } },
{ "type": "Feature", "properties": { "precinct": "1157", "name": "Edmonds 30" }, "geometry": { "type": "Polygon", "coordinates": [ [ [ -122.343368248502998, 47.821183119062198 ], [ -122.343364679337995, 47.820344547297204 ], [ -122.343360455939006, 47.819466052666002 ], [ -122.343356727721002, 47.818639479053999 ], [ -122.343353249160003, 47.817821469879803 ], [ -122.342620904146003, 47.817836803096597 ], [ -122.342596864784994, 47.816923953596302 ], [ -122.342571943289002, 47.815980782063399 ], [ -122.342544396164001, 47.814929935996503 ], [ -122.342562068823, 47.814575729551201 ], [ -122.342582795620999, 47.814483684780903 ], [ -122.342632912328, 47.8144223562919 ], [ -122.342702537302998, 47.814366939483897 ], [ -122.342829356973994, 47.814318478260297 ], [ -122.342915408406, 47.814285465614397 ], [ -122.343102367276998, 47.814257802463402 ], [ -122.343264422432, 47.814248634709699 ], [ -122.343250305786, 47.813956199211503 ], [ -122.343246364410007, 47.8138733063304 ], [ -122.343208060028999, 47.813816060054897 ], [ -122.343147575583998, 47.813800921254 ], [ -122.342865555461998, 47.813779284954798 ], [ -122.342728561043998, 47.813775353904397 ], [ -122.342613975876006, 47.813772069400699 ], [ -122.342540132330001, 47.813769960273397 ], [ -122.342404021514994, 47.813691469970799 ], [ -122.342343320232004, 47.8136164382164 ], [ -122.342322924089004, 47.813510113087098 ], [ -122.342325541739001, 47.812324169373397 ], [ -122.341202667722996, 47.812345509134801 ], [ -122.341170435676005, 47.811569866516102 ], [ -122.341189166977998, 47.810167349181398 ], [ -122.343910934842995, 47.810137729264198 ], [ -122.343977762204005, 47.810545230189703 ], [ -122.343980862910001, 47.811000787624103 ], [ -122.343985185427002, 47.811934721379799 ], [ -122.343981937410007, 47.813185025155498 ], [ -122.344020224809, 47.813713037017997 ], [ -122.344042528277996, 47.814251286285597 ], [ -122.344772876847003, 47.814273929252799 ], [ -122.344908951297, 47.814298605846901 ], [ -122.345072135497006, 47.8143281511094 ], [ -122.345169835768999, 47.814397978813503 ], [ -122.345278086644996, 47.814480604860201 ], [ -122.345314756172002, 47.814586371405099 ], [ -122.345347743627997, 47.814740343217998 ], [ -122.345337216947996, 47.814867899338097 ], [ -122.345329155700995, 47.8155858075691 ], [ -122.345298821824002, 47.817825300353199 ], [ -122.346722871262998, 47.817814498953503 ], [ -122.346783931066, 47.817814290110903 ], [ -122.348221288785993, 47.817788727377597 ], [ -122.352065799260998, 47.817802463356998 ], [ -122.352125660748996, 47.818490679289397 ], [ -122.350814388550006, 47.818617097984898 ], [ -122.350544283234996, 47.818655817530001 ], [ -122.350212117132997, 47.8188171215618 ], [ -122.349895647319997, 47.818993125339198 ], [ -122.349684220111996, 47.8190720227444 ], [ -122.349359243383006, 47.819148740912297 ], [ -122.349183108095005, 47.819198977335397 ], [ -122.349038932694, 47.819263184901402 ], [ -122.348947765625994, 47.819330287484497 ], [ -122.348869738019999, 47.819411612014598 ], [ -122.348787970908006, 47.819521690574803 ], [ -122.348691592687999, 47.819706424680803 ], [ -122.348481924157994, 47.820071919359599 ], [ -122.348340028056995, 47.820370879116098 ], [ -122.348296483389007, 47.820465541333803 ], [ -122.348065791934005, 47.820808435252196 ], [ -122.347937088859993, 47.8209146796803 ], [ -122.347760972537003, 47.821000644811498 ], [ -122.347052364415006, 47.821255186571697 ], [ -122.346752197984998, 47.821363015710602 ], [ -122.346758035351996, 47.821440913990102 ], [ -122.346745317319005, 47.821441082457497 ], [ -122.345037483949, 47.821461892926997 ], [ -122.343371312716997, 47.821462932456498 ], [ -122.343368248502998, 47.821183119062198 ] ] ] } },
{ "type": "Feature", "properties": { "precinct": "1155", "name": "Edmonds 28" }, "geometry": { "type": "Polygon", "coordinates": [ [ [ -122.356287937887998, 47.821644347398198 ], [ -122.356196396135005, 47.821611891852903 ], [ -122.356054788744999, 47.8215555983234 ], [ -122.355900849397997, 47.821477960356503 ], [ -122.355807765242005, 47.8214103083046 ], [ -122.355735893602002, 47.8213544551921 ], [ -122.355608769059998, 47.8212194777851 ], [ -122.355430774442993, 47.821015856368 ], [ -122.355229021309, 47.820782990221701 ], [ -122.355165306288995, 47.820710233428997 ], [ -122.355014418710994, 47.820580455864402 ], [ -122.354918919498004, 47.820517119194697 ], [ -122.354743901508002, 47.8204320490565 ], [ -122.354586788673004, 47.8203674760911 ], [ -122.354447686368999, 47.820326999176203 ], [ -122.354309750276997, 47.8203089561543 ], [ -122.354268902710004, 47.820304358713202 ], [ -122.354049224247007, 47.820292801155901 ], [ -122.353816194196, 47.820311840928802 ], [ -122.353593287921001, 47.820346425584297 ], [ -122.353445479642005, 47.820390807659599 ], [ -122.353278824949001, 47.820451977661101 ], [ -122.353119708812997, 47.820527271646903 ], [ -122.352930788747997, 47.820662257309401 ], [ -122.352750623374007, 47.820852822393199 ], [ -122.352601851931993, 47.821003297251998 ], [ -122.352448374622, 47.821132154961198 ], [ -122.352323090370007, 47.821215909405701 ], [ -122.352207330314002, 47.821259949199998 ], [ -122.352189847068999, 47.820211968779802 ], [ -122.352177978786997, 47.819477101159698 ], [ -122.352172459933996, 47.819167243555697 ], [ -122.352125660748996, 47.818490679289397 ], [ -122.352065799260998, 47.817802463356998 ], [ -122.348221288785993, 47.817788727377597 ], [ -122.346783931066, 47.817814290110903 ], [ -122.346777902365005, 47.817381306477401 ], [ -122.346773512498004, 47.817091570705898 ], [ -122.346767726606004, 47.816666896146401 ], [ -122.346758025417003, 47.815986154263001 ], [ -122.347922673697994, 47.8159811735717 ], [ -122.348984565916993, 47.815977372522397 ], [ -122.350062741496998, 47.815973601799698 ], [ -122.350056255225994, 47.815595464628501 ], [ -122.35004962456, 47.8150558939682 ], [ -122.350320302251006, 47.815054699138201 ], [ -122.350316798991997, 47.814708997955996 ], [ -122.350308189705004, 47.814067142649101 ], [ -122.349850261824002, 47.814068338785397 ], [ -122.348461209887006, 47.8140717750397 ], [ -122.348459526548993, 47.813927157587301 ], [ -122.348452966729994, 47.813441654813502 ], [ -122.348447922920997, 47.813077636642603 ], [ -122.348442629898003, 47.812652869850801 ], [ -122.348436427701003, 47.812214404270598 ], [ -122.348432115221996, 47.811875396994701 ], [ -122.348430556848996, 47.811752456468497 ], [ -122.348435902820995, 47.811674238937201 ], [ -122.348454891149999, 47.811610150425501 ], [ -122.348488293661006, 47.811551782903898 ], [ -122.348547894099994, 47.81148449826 ], [ -122.348605058673002, 47.811438326269098 ], [ -122.348697681461999, 47.811386713565199 ], [ -122.348747964051, 47.811366167100601 ], [ -122.348838271117003, 47.811339776557702 ], [ -122.348917719037999, 47.811324841617697 ], [ -122.349035022801999, 47.811316858424803 ], [ -122.350296830459996, 47.811314589512797 ], [ -122.350292460779997, 47.810974040962499 ], [ -122.350279216773998, 47.810469346438701 ], [ -122.350478573733994, 47.810500802727603 ], [ -122.350788115879993, 47.810524453672897 ], [ -122.352029440365996, 47.810518410851103 ], [ -122.352915159827006, 47.810514171931104 ], [ -122.354700328194994, 47.810505490626298 ], [ -122.354705500917007, 47.811045765872002 ], [ -122.354710436673003, 47.811595299371099 ], [ -122.354715676739005, 47.8121551967226 ], [ -122.354720749245004, 47.812692046644102 ], [ -122.354725911586002, 47.813249288454102 ], [ -122.354731057210998, 47.813788622059803 ], [ -122.354734708025006, 47.814138349082398 ], [ -122.354739044236993, 47.8146501025996 ], [ -122.356334809592994, 47.814650089449501 ], [ -122.356344788664003, 47.815232115962601 ], [ -122.356353560049996, 47.815755721206401 ], [ -122.356362382136993, 47.816263729327602 ], [ -122.356372490000993, 47.816867433593998 ], [ -122.356379261645998, 47.817253707688103 ], [ -122.356387958194006, 47.817774742781097 ], [ -122.356403734018997, 47.818692501192999 ], [ -122.356411613353004, 47.819151081370599 ], [ -122.356419376990999, 47.819605720113103 ], [ -122.356437033667007, 47.8206566980408 ], [ -122.356449063691997, 47.821360373657001 ], [ -122.356445264857001, 47.821681323516799 ], [ -122.356287937887998, 47.821644347398198 ] ] ] } },
{ "type": "Feature", "properties": { "precinct": "1110", "name": "Edmonds 10" }, "geometry": { "type": "Polygon", "coordinates": [ [ [ -122.361664726252997, 47.8145810251957 ], [ -122.361958870029994, 47.814555808508402 ], [ -122.362636724387002, 47.8145583426546 ], [ -122.363206515786004, 47.814597140148202 ], [ -122.364039623221004, 47.814605325102399 ], [ -122.364181518688, 47.814632417073199 ], [ -122.364260825011996, 47.815647455868699 ], [ -122.364323392870006, 47.816294699353399 ], [ -122.364337004497003, 47.816472127811601 ], [ -122.364316857223002, 47.816943545389698 ], [ -122.367001599778007, 47.816934426735102 ], [ -122.367002386292, 47.817159145821499 ], [ -122.367003335671001, 47.8176039377934 ], [ -122.367013853073004, 47.817649810539699 ], [ -122.367042491228005, 47.817706151622801 ], [ -122.367102767454, 47.8177826329376 ], [ -122.367156794302005, 47.817837090312402 ], [ -122.367209886686993, 47.8178771647163 ], [ -122.367300962396001, 47.8179454346187 ], [ -122.367197490829, 47.818025741824002 ], [ -122.367140024609, 47.818078611337299 ], [ -122.367096384055003, 47.818134379955097 ], [ -122.367058450520005, 47.818193843085801 ], [ -122.367020644419995, 47.818274811367402 ], [ -122.367005334547002, 47.818359333347203 ], [ -122.367003287043005, 47.818685658641201 ], [ -122.367007428562005, 47.819255511373498 ], [ -122.367012415090002, 47.819681997872401 ], [ -122.367017307490997, 47.820122451998202 ], [ -122.367025273283005, 47.8209590844437 ], [ -122.367000613924006, 47.8210544435033 ], [ -122.366972920872001, 47.821116081981003 ], [ -122.366931358057002, 47.821173364518202 ], [ -122.366897295895001, 47.821208954027298 ], [ -122.366863238741999, 47.821244714383397 ], [ -122.366771946327006, 47.821324086646896 ], [ -122.366665933063004, 47.821387547162999 ], [ -122.366566893987994, 47.821428721618098 ], [ -122.366451813297004, 47.821460941567501 ], [ -122.366329889748002, 47.8214855417975 ], [ -122.366170073907, 47.821502253361103 ], [ -122.364266711997004, 47.821502495626 ], [ -122.361934229165996, 47.821496031066197 ], [ -122.361786589334002, 47.8214929711948 ], [ -122.361660176257004, 47.821485801170802 ], [ -122.361639401320005, 47.821484622612701 ], [ -122.361493081271007, 47.821471008543398 ], [ -122.361348045758007, 47.821452166600501 ], [ -122.361184146404, 47.821432536794397 ], [ -122.360811785188005, 47.821369223113798 ], [ -122.360580799217999, 47.821336836049397 ], [ -122.360386716378002, 47.821313295878397 ], [ -122.360082794679997, 47.821292765140498 ], [ -122.359765118987994, 47.821271731857699 ], [ -122.359226869813, 47.821243533154103 ], [ -122.359003689481, 47.821234260143001 ], [ -122.358930464390994, 47.821236266189203 ], [ -122.358587151018, 47.821260558457404 ], [ -122.358478406830002, 47.8212834315012 ], [ -122.358234272350998, 47.821340330861297 ], [ -122.358027733827996, 47.821412322603898 ], [ -122.357730252937998, 47.821541481825598 ], [ -122.357612679696004, 47.821593005451902 ], [ -122.357428248502003, 47.821655361458802 ], [ -122.35726655565, 47.821694877911298 ], [ -122.357094730892996, 47.821718677351001 ], [ -122.356940256656003, 47.821726821457702 ], [ -122.356676864237002, 47.821717309159901 ], [ -122.356526161610006, 47.821697896154397 ], [ -122.356445264857001, 47.821681323516799 ], [ -122.356449063691997, 47.821360373657001 ], [ -122.356437033667007, 47.8206566980408 ], [ -122.356419376990999, 47.819605720113103 ], [ -122.356411613353004, 47.819151081370599 ], [ -122.356403734018997, 47.818692501192999 ], [ -122.356387958194006, 47.817774742781097 ], [ -122.358318818501999, 47.817779917777301 ], [ -122.358311126025995, 47.816895897904601 ], [ -122.358305343834999, 47.816267029621201 ], [ -122.358307251091006, 47.816003257382299 ], [ -122.358303856605005, 47.815593888438102 ], [ -122.358310465404998, 47.815541787814198 ], [ -122.358341167340996, 47.815478397592898 ], [ -122.358366133689998, 47.815444903103398 ], [ -122.358443533973002, 47.815377548309797 ], [ -122.358483905710003, 47.8153315091566 ], [ -122.358506132006994, 47.815291368056897 ], [ -122.358520005456995, 47.815244054377303 ], [ -122.358524161957007, 47.815212380500498 ], [ -122.358520833403006, 47.8146150977337 ], [ -122.358518460170004, 47.8141367361467 ], [ -122.358528180969998, 47.814000192189802 ], [ -122.358559290515998, 47.813881527463401 ], [ -122.358591184377005, 47.813806810511501 ], [ -122.358644820752005, 47.813710124573397 ], [ -122.358788226653004, 47.813516955601798 ], [ -122.359117377502002, 47.813082408516401 ], [ -122.359233352849998, 47.812925507622097 ], [ -122.359278922841995, 47.812848723095897 ], [ -122.359328791463, 47.8127278373926 ], [ -122.359348945551005, 47.8126173738126 ], [ -122.359352953501997, 47.8125461138807 ], [ -122.359350899164994, 47.812217101101098 ], [ -122.359917135855, 47.812213991065299 ], [ -122.360151669635002, 47.812195432795797 ], [ -122.360266251358993, 47.812181391330803 ], [ -122.360409094120001, 47.812159430565103 ], [ -122.360571221732997, 47.812135755327198 ], [ -122.360698531525998, 47.812121971465501 ], [ -122.360834640716007, 47.812113211037001 ], [ -122.360967843162996, 47.8121094587353 ], [ -122.361647319740001, 47.812115879115801 ], [ -122.361649612036999, 47.812521493830303 ], [ -122.361653344125997, 47.813062218026801 ], [ -122.361635787609998, 47.813728310777599 ], [ -122.361650547189996, 47.814140080166098 ], [ -122.361651572485002, 47.814168690975897 ], [ -122.361638023572993, 47.814583314790198 ], [ -122.361664726252997, 47.8145810251957 ] ] ] } },
{ "type": "Feature", "properties": { "precinct": "1159", "name": "Edmonds 32" }, "geometry": { "type": "Polygon", "coordinates": [ [ [ -122.341328873760006, 47.821825116471302 ], [ -122.341330194107002, 47.822937317138098 ], [ -122.341330856585998, 47.8236771300027 ], [ -122.341331234853001, 47.824582065338603 ], [ -122.341331878510999, 47.825076384888597 ], [ -122.341332579465004, 47.825747562182698 ], [ -122.340654644840996, 47.8257475959823 ], [ -122.339271292345998, 47.825747670994303 ], [ -122.338988348449007, 47.825661428203603 ], [ -122.338619685694994, 47.825532699680998 ], [ -122.337803819517006, 47.825532477163399 ], [ -122.336635751507004, 47.8255321710933 ], [ -122.335901305229768, 47.825192398099965 ], [ -122.335901191782, 47.825080646225103 ], [ -122.335899094588996, 47.823014694321301 ], [ -122.335897869841006, 47.821809217161899 ], [ -122.336020071684004, 47.821807910461402 ], [ -122.336038263139997, 47.821807952775302 ], [ -122.336203258077006, 47.821808340130197 ], [ -122.336366011492004, 47.821808722549903 ], [ -122.336528714145004, 47.821809104506301 ], [ -122.336691362029995, 47.821809486051897 ], [ -122.336853877676006, 47.821809867307202 ], [ -122.336972716687001, 47.821810145752998 ], [ -122.337016574968999, 47.821810247739798 ], [ -122.337199631860003, 47.821810677515799 ], [ -122.337199918631995, 47.821560035648702 ], [ -122.337199945880997, 47.8215365332739 ], [ -122.337203196264994, 47.821454297754201 ], [ -122.337257822390995, 47.821454425235203 ], [ -122.337257980038004, 47.821372129667402 ], [ -122.337258022111001, 47.821350243675496 ], [ -122.337254108343998, 47.820985475515101 ], [ -122.337253594702005, 47.820937582240497 ], [ -122.337248199119998, 47.8204346201139 ], [ -122.337246053179996, 47.820234097200498 ], [ -122.337243973428997, 47.820039858909603 ], [ -122.337242892505003, 47.819939138759402 ], [ -122.337240462609003, 47.819712581586501 ], [ -122.337239658887995, 47.819637615099303 ], [ -122.337224946222122, 47.819637655209561 ], [ -122.337224897146996, 47.819631984627797 ], [ -122.337185204004825, 47.819632069691721 ], [ -122.337180446299996, 47.819228229623597 ], [ -122.337178120754999, 47.819030850456002 ], [ -122.337175538156998, 47.818811539748701 ], [ -122.337174568864, 47.8187292985806 ], [ -122.337174979235996, 47.8186470545443 ], [ -122.337160011129029, 47.818647049456317 ], [ -122.337160021865003, 47.818641440189502 ], [ -122.336959007771, 47.818641343999701 ], [ -122.336659268207001, 47.818641261070603 ], [ -122.336362582150002, 47.818641137183 ], [ -122.335975312250994, 47.818641004818701 ], [ -122.335868320244089, 47.818640979628391 ], [ -122.335863074093993, 47.818135897916001 ], [ -122.335859801100995, 47.817820664911999 ], [ -122.335859743032699, 47.817815074029639 ], [ -122.336809858593, 47.817815399806598 ], [ -122.338482744512007, 47.817821905486397 ], [ -122.341153148854005, 47.817832106528897 ], [ -122.342020590361003, 47.817825110245501 ], [ -122.342620904146003, 47.817836803096597 ], [ -122.343353249160003, 47.817821469879803 ], [ -122.343356727721002, 47.818639479053999 ], [ -122.343360455939006, 47.819466052666002 ], [ -122.343364679337995, 47.820344547297204 ], [ -122.343368248502998, 47.821183119062198 ], [ -122.343371312716997, 47.821462932456498 ], [ -122.341328886634003, 47.821458290171698 ], [ -122.341328873760006, 47.821825116471302 ] ] ] } },
{ "type": "Feature", "properties": { "precinct": "1160", "name": "Edmonds 33" }, "geometry": { "type": "Polygon", "coordinates": [ [ [ -122.352203666205, 47.821447481290299 ], [ -122.352202394415002, 47.8219076392716 ], [ -122.352201096762997, 47.822401643306002 ], [ -122.352200360167998, 47.822793243562003 ], [ -122.352200290083999, 47.822842943906103 ], [ -122.352200137005994, 47.823323908247602 ], [ -122.352207421776001, 47.823798176013803 ], [ -122.352212162936993, 47.824272477575299 ], [ -122.352210746913002, 47.825092352157398 ], [ -122.349410869921996, 47.825088492825103 ], [ -122.348983367523005, 47.825089194121702 ], [ -122.346777214331993, 47.825077479380496 ], [ -122.346776931497004, 47.824597292518497 ], [ -122.345946291179004, 47.824596123954898 ], [ -122.345138534789996, 47.8245943047216 ], [ -122.345001782981996, 47.8245822323277 ], [ -122.344804760648998, 47.824527857230599 ], [ -122.344709190071995, 47.824479336674102 ], [ -122.344607326480997, 47.824406993302397 ], [ -122.344527236198005, 47.824313368800397 ], [ -122.344452849931002, 47.824170997741902 ], [ -122.344355746684002, 47.823982657034001 ], [ -122.344310610090005, 47.823918302815997 ], [ -122.344245647536994, 47.823854725328403 ], [ -122.344182217064002, 47.823808778599798 ], [ -122.344144888203999, 47.823785279867899 ], [ -122.344013979066006, 47.823729086445702 ], [ -122.343918052411993, 47.823703192203503 ], [ -122.343816819262997, 47.823687306815302 ], [ -122.343626819362001, 47.823681678888398 ], [ -122.342174736825996, 47.823679098958799 ], [ -122.341330856585998, 47.8236771300027 ], [ -122.341330194107002, 47.822937317138098 ], [ -122.341328873760006, 47.821825116471302 ], [ -122.341328886634003, 47.821458290171698 ], [ -122.343371312716997, 47.821462932456498 ], [ -122.345037483949, 47.821461892926997 ], [ -122.346745317319005, 47.821441082457497 ], [ -122.346758035351996, 47.821440913990102 ], [ -122.346752197984998, 47.821363015710602 ], [ -122.347052364415006, 47.821255186571697 ], [ -122.347760972537003, 47.821000644811498 ], [ -122.347937088859993, 47.8209146796803 ], [ -122.348065791934005, 47.820808435252196 ], [ -122.348296483389007, 47.820465541333803 ], [ -122.348340028056995, 47.820370879116098 ], [ -122.348481924157994, 47.820071919359599 ], [ -122.348691592687999, 47.819706424680803 ], [ -122.348787970908006, 47.819521690574803 ], [ -122.348869738019999, 47.819411612014598 ], [ -122.348947765625994, 47.819330287484497 ], [ -122.349038932694, 47.819263184901402 ], [ -122.349183108095005, 47.819198977335397 ], [ -122.349359243383006, 47.819148740912297 ], [ -122.349684220111996, 47.8190720227444 ], [ -122.349895647319997, 47.818993125339198 ], [ -122.350212117132997, 47.8188171215618 ], [ -122.350544283234996, 47.818655817530001 ], [ -122.350814388550006, 47.818617097984898 ], [ -122.352125660748996, 47.818490679289397 ], [ -122.352172459933996, 47.819167243555697 ], [ -122.352177978786997, 47.819477101159698 ], [ -122.352189847068999, 47.820211968779802 ], [ -122.352207330314002, 47.821259949199998 ], [ -122.352203666205, 47.821447481290299 ] ] ] } },
{ "type": "Feature", "properties": { "precinct": "1101", "name": "Edmonds 1" }, "geometry": { "type": "Polygon", "coordinates": [ [ [ -122.374310463539004, 47.817776895858103 ], [ -122.374448372334996, 47.817776921159698 ], [ -122.377453370978003, 47.817777645863003 ], [ -122.377246555444003, 47.818061069295297 ], [ -122.377037848057, 47.818263970565603 ], [ -122.376726612403999, 47.818595588906597 ], [ -122.376157024676004, 47.8192577659592 ], [ -122.375899155274993, 47.819570323572599 ], [ -122.375638647911998, 47.819828590656499 ], [ -122.375353305054006, 47.820141604181501 ], [ -122.375120830279997, 47.8204356513614 ], [ -122.374704936851003, 47.820859676774802 ], [ -122.374446002004007, 47.821154079444199 ], [ -122.374157437603998, 47.821376389826597 ], [ -122.374027991898004, 47.821524404427002 ], [ -122.373951692012994, 47.821611292721201 ], [ -122.373860168966999, 47.8217168083792 ], [ -122.373546795403996, 47.822012114704499 ], [ -122.373128540818996, 47.8223232291583 ], [ -122.372789756195004, 47.822637126970399 ], [ -122.372474214978993, 47.822859796347302 ], [ -122.372003281150995, 47.823248392138801 ], [ -122.371587367371006, 47.823690485120103 ], [ -122.371292395609004, 47.823920671914401 ], [ -122.371089458472994, 47.824079526453303 ], [ -122.370671404131002, 47.824467061978901 ], [ -122.370279206678006, 47.8248000081215 ], [ -122.369888077324006, 47.825169098137302 ], [ -122.369496943623005, 47.825538273148403 ], [ -122.368894345445995, 47.826019625077301 ], [ -122.368502122294998, 47.826352479647397 ], [ -122.368057579262, 47.826740531835704 ], [ -122.367665882970996, 47.827091542022004 ], [ -122.367168865262002, 47.827461187557198 ], [ -122.366623752362003, 47.827942955252901 ], [ -122.365984299877994, 47.828522384546098 ], [ -122.365666707749995, 47.828746775393299 ], [ -122.365072015357995, 47.829222516048901 ], [ -122.364479139636998, 47.829725649940599 ], [ -122.364154436722004, 47.8299854348232 ], [ -122.363698256134995, 47.8297403954464 ], [ -122.363563613574001, 47.829627976740802 ], [ -122.362876794033994, 47.829242667025198 ], [ -122.363581356764996, 47.828677636604603 ], [ -122.364030836309993, 47.828317127302498 ], [ -122.364620024920001, 47.827844635979197 ], [ -122.364828356418997, 47.827677751548102 ], [ -122.365730331308995, 47.826974075057699 ], [ -122.366113902555995, 47.826640489958301 ], [ -122.366920033813997, 47.825967051099198 ], [ -122.366964805164002, 47.825914866819801 ], [ -122.367016009655998, 47.825787704938101 ], [ -122.367024883644007, 47.825674820311399 ], [ -122.366978554406998, 47.825141266475001 ], [ -122.366836688145, 47.824096667877001 ], [ -122.366865819303001, 47.823309664680103 ], [ -122.367021510094006, 47.822104435371401 ], [ -122.367025178256995, 47.821850065854498 ], [ -122.367021733987997, 47.821424158764401 ], [ -122.366771946327006, 47.821324086646896 ], [ -122.366863238741999, 47.821244714383397 ], [ -122.366897295895001, 47.821208954027298 ], [ -122.366931358057002, 47.821173364518202 ], [ -122.366972920872001, 47.821116081981003 ], [ -122.367000613924006, 47.8210544435033 ], [ -122.367025273283005, 47.8209590844437 ], [ -122.367017307490997, 47.820122451998202 ], [ -122.367012415090002, 47.819681997872401 ], [ -122.367007428562005, 47.819255511373498 ], [ -122.367003287043005, 47.818685658641201 ], [ -122.367005334547002, 47.818359333347203 ], [ -122.367020644419995, 47.818274811367402 ], [ -122.367058450520005, 47.818193843085801 ], [ -122.367096384055003, 47.818134379955097 ], [ -122.367140024609, 47.818078611337299 ], [ -122.367197490829, 47.818025741824002 ], [ -122.367300962396001, 47.8179454346187 ], [ -122.367417950966995, 47.817874799190101 ], [ -122.367536509359994, 47.817822822872998 ], [ -122.367651628266003, 47.817792143115099 ], [ -122.367863283774994, 47.817756396339398 ], [ -122.367924859693005, 47.817756425652199 ], [ -122.370447631573995, 47.817763983891403 ], [ -122.372173108618995, 47.817775886439499 ], [ -122.372240292802005, 47.817776266996802 ], [ -122.372306967075005, 47.817776568021401 ], [ -122.372647412700005, 47.8177766089401 ], [ -122.374310463539004, 47.817776895858103 ] ] ] } },
{ "type": "Feature", "properties": { "precinct": "1162", "name": "Edmonds 35" }, "geometry": { "type": "Polygon", "coordinates": [ [ [ -122.350101234223004, 47.828677935056497 ], [ -122.348483752809003, 47.828681057166698 ], [ -122.346779747775997, 47.828684273253003 ], [ -122.346779170188995, 47.827758346564302 ], [ -122.346778688870998, 47.827097105263803 ], [ -122.346778391764005, 47.826459596544296 ], [ -122.346777763553007, 47.825828177073198 ], [ -122.346777627511997, 47.825178756338502 ], [ -122.346777214331993, 47.825077479380496 ], [ -122.348983367523005, 47.825089194121702 ], [ -122.349410869921996, 47.825088492825103 ], [ -122.352210746913002, 47.825092352157398 ], [ -122.352212162936993, 47.824272477575299 ], [ -122.352207421776001, 47.823798176013803 ], [ -122.352200137005994, 47.823323908247602 ], [ -122.352200290083999, 47.822842943906103 ], [ -122.352200360167998, 47.822793243562003 ], [ -122.352201096762997, 47.822401643306002 ], [ -122.352202394415002, 47.8219076392716 ], [ -122.352203666205, 47.821447481290299 ], [ -122.352207330314002, 47.821259949199998 ], [ -122.352323090370007, 47.821215909405701 ], [ -122.352448374622, 47.821132154961198 ], [ -122.352601851931993, 47.821003297251998 ], [ -122.352750623374007, 47.820852822393199 ], [ -122.352930788747997, 47.820662257309401 ], [ -122.353119708812997, 47.820527271646903 ], [ -122.353278824949001, 47.820451977661101 ], [ -122.353445479642005, 47.820390807659599 ], [ -122.353593287921001, 47.820346425584297 ], [ -122.353816194196, 47.820311840928802 ], [ -122.354049224247007, 47.820292801155901 ], [ -122.354268902710004, 47.820304358713202 ], [ -122.354309750276997, 47.8203089561543 ], [ -122.354447686368999, 47.820326999176203 ], [ -122.354586788673004, 47.8203674760911 ], [ -122.354743901508002, 47.8204320490565 ], [ -122.354918919498004, 47.820517119194697 ], [ -122.355014418710994, 47.820580455864402 ], [ -122.355165306288995, 47.820710233428997 ], [ -122.355229021309, 47.820782990221701 ], [ -122.355430774442993, 47.821015856368 ], [ -122.355608769059998, 47.8212194777851 ], [ -122.355735893602002, 47.8213544551921 ], [ -122.355807765242005, 47.8214103083046 ], [ -122.355900849397997, 47.821477960356503 ], [ -122.356054788744999, 47.8215555983234 ], [ -122.356196396135005, 47.821611891852903 ], [ -122.356287937887998, 47.821644347398198 ], [ -122.356445264857001, 47.821681323516799 ], [ -122.356452728427001, 47.822004522468497 ], [ -122.356454909429999, 47.8224596646414 ], [ -122.356456471141996, 47.822893735555603 ], [ -122.356460683028004, 47.823729645347299 ], [ -122.356461503638002, 47.823999977677097 ], [ -122.356463788843996, 47.824493335313903 ], [ -122.356466357580004, 47.824978976855498 ], [ -122.356466633959997, 47.825040325184197 ], [ -122.356468717042006, 47.825492127421903 ], [ -122.356470565622004, 47.825970580801197 ], [ -122.356473282850004, 47.826478584426503 ], [ -122.356475176641993, 47.826975888337103 ], [ -122.356477800815, 47.827480722959898 ], [ -122.356478878404999, 47.827759792317302 ], [ -122.356482281012006, 47.8284988856322 ], [ -122.356483107952002, 47.828665536776498 ], [ -122.356410834440993, 47.8286656428144 ], [ -122.354483396820996, 47.8286694678985 ], [ -122.352201721916003, 47.828673941193898 ], [ -122.350101234223004, 47.828677935056497 ] ] ] } },
{ "type": "Feature", "properties": { "precinct": "1163", "name": "Edmonds 36" }, "geometry": { "type": "Polygon", "coordinates": [ [ [ -122.356482281012006, 47.8284988856322 ], [ -122.356478878404999, 47.827759792317302 ], [ -122.356477800815, 47.827480722959898 ], [ -122.356475176641993, 47.826975888337103 ], [ -122.356473282850004, 47.826478584426503 ], [ -122.356470565622004, 47.825970580801197 ], [ -122.356468717042006, 47.825492127421903 ], [ -122.356466633959997, 47.825040325184197 ], [ -122.356466357580004, 47.824978976855498 ], [ -122.356463788843996, 47.824493335313903 ], [ -122.356461503638002, 47.823999977677097 ], [ -122.356460683028004, 47.823729645347299 ], [ -122.356456471141996, 47.822893735555603 ], [ -122.356454909429999, 47.8224596646414 ], [ -122.356452728427001, 47.822004522468497 ], [ -122.356445264857001, 47.821681323516799 ], [ -122.356526161610006, 47.821697896154397 ], [ -122.356676864237002, 47.821717309159901 ], [ -122.356940256656003, 47.821726821457702 ], [ -122.357094730892996, 47.821718677351001 ], [ -122.35726655565, 47.821694877911298 ], [ -122.357428248502003, 47.821655361458802 ], [ -122.357612679696004, 47.821593005451902 ], [ -122.357730252937998, 47.821541481825598 ], [ -122.358027733827996, 47.821412322603898 ], [ -122.358234272350998, 47.821340330861297 ], [ -122.358478406830002, 47.8212834315012 ], [ -122.358587151018, 47.821260558457404 ], [ -122.358930464390994, 47.821236266189203 ], [ -122.359003689481, 47.821234260143001 ], [ -122.359226869813, 47.821243533154103 ], [ -122.359765118987994, 47.821271731857699 ], [ -122.360082794679997, 47.821292765140498 ], [ -122.360386716378002, 47.821313295878397 ], [ -122.360580799217999, 47.821336836049397 ], [ -122.360811785188005, 47.821369223113798 ], [ -122.361184146404, 47.821432536794397 ], [ -122.361348045758007, 47.821452166600501 ], [ -122.361493081271007, 47.821471008543398 ], [ -122.361639401320005, 47.821484622612701 ], [ -122.361660176257004, 47.821485801170802 ], [ -122.361786589334002, 47.8214929711948 ], [ -122.361934229165996, 47.821496031066197 ], [ -122.364266711997004, 47.821502495626 ], [ -122.366170073907, 47.821502253361103 ], [ -122.366329889748002, 47.8214855417975 ], [ -122.366451813297004, 47.821460941567501 ], [ -122.366566893987994, 47.821428721618098 ], [ -122.366665933063004, 47.821387547162999 ], [ -122.366771946327006, 47.821324086646896 ], [ -122.367021733987997, 47.821424158764401 ], [ -122.367025178256995, 47.821850065854498 ], [ -122.367021510094006, 47.822104435371401 ], [ -122.366865819303001, 47.823309664680103 ], [ -122.366836688145, 47.824096667877001 ], [ -122.366978554406998, 47.825141266475001 ], [ -122.367024883644007, 47.825674820311399 ], [ -122.367016009655998, 47.825787704938101 ], [ -122.366964805164002, 47.825914866819801 ], [ -122.366920033813997, 47.825967051099198 ], [ -122.365581001321004, 47.825968992521702 ], [ -122.364331637695997, 47.825956776896199 ], [ -122.362547197737996, 47.825939285610701 ], [ -122.361755527148006, 47.825931541529499 ], [ -122.361755506942004, 47.826068898731798 ], [ -122.361066860004001, 47.826051116625003 ], [ -122.360801447648001, 47.826077457365201 ], [ -122.360566209745997, 47.8261605486964 ], [ -122.360418233003998, 47.826199628819801 ], [ -122.360314446882001, 47.8262356334956 ], [ -122.360022425929003, 47.826257187663401 ], [ -122.359884501542993, 47.826291934323898 ], [ -122.359742164162995, 47.826349703945802 ], [ -122.358944285774001, 47.8268227289485 ], [ -122.358949334537002, 47.826994207782299 ], [ -122.358963351209994, 47.827470271483698 ], [ -122.359039533368005, 47.828346263956497 ], [ -122.359016529757994, 47.828481185917198 ], [ -122.358983090549998, 47.828676570989003 ], [ -122.358904553247001, 47.829103571721497 ], [ -122.358728383767001, 47.829551155101903 ], [ -122.356481786353001, 47.829555588726699 ], [ -122.356517944884999, 47.8291926488073 ], [ -122.356483107952002, 47.828665536776498 ], [ -122.356482281012006, 47.8284988856322 ] ] ] } },
{ "type": "Feature", "properties": { "precinct": "1161", "name": "Edmonds 34" }, "geometry": { "type": "Polygon", "coordinates": [ [ [ -122.346781798913995, 47.831891171378203 ], [ -122.346781375223003, 47.831371313402897 ], [ -122.346780669699001, 47.830493286937198 ], [ -122.346393012497998, 47.830500391538799 ], [ -122.345174462692995, 47.8305009242385 ], [ -122.343790496994998, 47.830501832248302 ], [ -122.341344816106002, 47.830505256169403 ], [ -122.3413440498, 47.8303739941095 ], [ -122.341341198711007, 47.829873790852403 ], [ -122.341338223557003, 47.8293343451044 ], [ -122.341334870832995, 47.828694479374001 ], [ -122.341334300846995, 47.828272649600201 ], [ -122.341333880003006, 47.827716032705297 ], [ -122.341333121488006, 47.826885478794999 ], [ -122.341333048541998, 47.826585660435299 ], [ -122.341332579465004, 47.825747562182698 ], [ -122.341331878510999, 47.825076384888597 ], [ -122.341331234853001, 47.824582065338603 ], [ -122.341330856585998, 47.8236771300027 ], [ -122.342174736825996, 47.823679098958799 ], [ -122.343626819362001, 47.823681678888398 ], [ -122.343816819262997, 47.823687306815302 ], [ -122.343918052411993, 47.823703192203503 ], [ -122.344013979066006, 47.823729086445702 ], [ -122.344144888203999, 47.823785279867899 ], [ -122.344182217064002, 47.823808778599798 ], [ -122.344245647536994, 47.823854725328403 ], [ -122.344310610090005, 47.823918302815997 ], [ -122.344355746684002, 47.823982657034001 ], [ -122.344452849931002, 47.824170997741902 ], [ -122.344527236198005, 47.824313368800397 ], [ -122.344607326480997, 47.824406993302397 ], [ -122.344709190071995, 47.824479336674102 ], [ -122.344804760648998, 47.824527857230599 ], [ -122.345001782981996, 47.8245822323277 ], [ -122.345138534789996, 47.8245943047216 ], [ -122.345946291179004, 47.824596123954898 ], [ -122.346776931497004, 47.824597292518497 ], [ -122.346777214331993, 47.825077479380496 ], [ -122.346777627511997, 47.825178756338502 ], [ -122.346777763553007, 47.825828177073198 ], [ -122.346778391764005, 47.826459596544296 ], [ -122.346778688870998, 47.827097105263803 ], [ -122.346779170188995, 47.827758346564302 ], [ -122.346779747775997, 47.828684273253003 ], [ -122.348483752809003, 47.828681057166698 ], [ -122.350101234223004, 47.828677935056497 ], [ -122.352201721916003, 47.828673941193898 ], [ -122.352201375090999, 47.82880101992 ], [ -122.352200641859, 47.829453194885197 ], [ -122.352199929416997, 47.8300713520077 ], [ -122.352199468047004, 47.830698074462497 ], [ -122.352198746433999, 47.831333283582197 ], [ -122.352197466126995, 47.832314075624701 ], [ -122.352053926590997, 47.832314269608801 ], [ -122.350386419022996, 47.8323164536977 ], [ -122.348761157881, 47.832318481437703 ], [ -122.346782139631998, 47.832321058732802 ], [ -122.346781798913995, 47.831891171378203 ] ] ] } },
{ "type": "Feature", "properties": { "precinct": "1147", "name": "Edmonds 22" }, "geometry": { "type": "Polygon", "coordinates": [ [ [ -122.356399688774005, 47.834312412382801 ], [ -122.355972437459002, 47.834705326835397 ], [ -122.355992819066998, 47.834584750607704 ], [ -122.355934632992003, 47.834510206682303 ], [ -122.355797350857003, 47.834463708144 ], [ -122.355676981279998, 47.834438405471303 ], [ -122.355573017777999, 47.834434391823599 ], [ -122.355485654510005, 47.834440953998197 ], [ -122.355431700489007, 47.834475776528798 ], [ -122.355383743033002, 47.834506834398503 ], [ -122.355297762920998, 47.834577813784001 ], [ -122.355220399754003, 47.834664874779399 ], [ -122.355110541567996, 47.834720149192897 ], [ -122.354967009784005, 47.834738169552701 ], [ -122.354678912403998, 47.8347043883143 ], [ -122.354437350178003, 47.834643081686799 ], [ -122.354202667880003, 47.834538667649603 ], [ -122.354038420885004, 47.834423289837602 ], [ -122.353909524177993, 47.834332891170298 ], [ -122.353893401136006, 47.834269183613301 ], [ -122.353873208408999, 47.834188220970702 ], [ -122.353928523058002, 47.833991603939701 ], [ -122.353959881408997, 47.833880649943303 ], [ -122.353829894022994, 47.833527548781902 ], [ -122.353853775461005, 47.833300588114902 ], [ -122.353874254927007, 47.832263928687802 ], [ -122.353818835439995, 47.830965219324099 ], [ -122.353799671437002, 47.830485625836502 ], [ -122.354333612190999, 47.830485289632001 ], [ -122.354341334618994, 47.830054779501701 ], [ -122.356012441627996, 47.8300562590087 ], [ -122.356479720690999, 47.830056715516598 ], [ -122.356480609556996, 47.829602131852397 ], [ -122.356481786353001, 47.829555588726699 ], [ -122.358728383767001, 47.829551155101903 ], [ -122.358904553247001, 47.829103571721497 ], [ -122.358983090549998, 47.828676570989003 ], [ -122.359016529757994, 47.828481185917198 ], [ -122.359039533368005, 47.828346263956497 ], [ -122.358963351209994, 47.827470271483698 ], [ -122.358949334537002, 47.826994207782299 ], [ -122.358944285774001, 47.8268227289485 ], [ -122.359742164162995, 47.826349703945802 ], [ -122.359884501542993, 47.826291934323898 ], [ -122.360022425929003, 47.826257187663401 ], [ -122.360314446882001, 47.8262356334956 ], [ -122.360418233003998, 47.826199628819801 ], [ -122.360566209745997, 47.8261605486964 ], [ -122.360801447648001, 47.826077457365201 ], [ -122.361066860004001, 47.826051116625003 ], [ -122.361755506942004, 47.826068898731798 ], [ -122.361755527148006, 47.825931541529499 ], [ -122.362547197737996, 47.825939285610701 ], [ -122.364331637695997, 47.825956776896199 ], [ -122.365581001321004, 47.825968992521702 ], [ -122.366920033813997, 47.825967051099198 ], [ -122.366113902555995, 47.826640489958301 ], [ -122.365730331308995, 47.826974075057699 ], [ -122.364828356418997, 47.827677751548102 ], [ -122.364620024920001, 47.827844635979197 ], [ -122.364030836309993, 47.828317127302498 ], [ -122.363581356764996, 47.828677636604603 ], [ -122.362876794033994, 47.829242667025198 ], [ -122.363563613574001, 47.829627976740802 ], [ -122.363698256134995, 47.8297403954464 ], [ -122.364154436722004, 47.8299854348232 ], [ -122.363884422612998, 47.830201299846301 ], [ -122.363332227756999, 47.830703796194697 ], [ -122.362781127720993, 47.831261030340997 ], [ -122.362228400717001, 47.831763528137103 ], [ -122.361319348932994, 47.832559640838497 ], [ -122.360727206624006, 47.833090164218397 ], [ -122.360134245799003, 47.833593275379798 ], [ -122.359860529849001, 47.833926571692103 ], [ -122.359505409014005, 47.834261381768201 ], [ -122.359033728463004, 47.834735104485603 ], [ -122.358404059332997, 47.835375881963202 ], [ -122.357801020942006, 47.835953404802602 ], [ -122.357734179453999, 47.836017362119101 ], [ -122.357185892716998, 47.836656875013603 ], [ -122.356693124198003, 47.837090081522398 ], [ -122.356603624689001, 47.837179960808797 ], [ -122.356467652947003, 47.837316815862998 ], [ -122.356463183995999, 47.837078237138002 ], [ -122.356464520729006, 47.836465726275499 ], [ -122.356466115884999, 47.835948582336997 ], [ -122.356466444101997, 47.835648073121597 ], [ -122.356467562540004, 47.835183976033399 ], [ -122.356469995010002, 47.834331697511601 ], [ -122.356469955292994, 47.8342784011151 ], [ -122.356399688774005, 47.834312412382801 ] ] ] } },
{ "type": "Feature", "properties": { "precinct": "1164", "name": "Edmonds 37" }, "geometry": { "type": "Polygon", "coordinates": [ [ [ -122.344542158574995, 47.836552707728501 ], [ -122.344093380575003, 47.836734813172399 ], [ -122.343620491514997, 47.836997952851199 ], [ -122.343269332397995, 47.837245944234603 ], [ -122.343128025007005, 47.837410530498502 ], [ -122.342880362632997, 47.837698883007697 ], [ -122.342666676197993, 47.8379478831014 ], [ -122.342254620776998, 47.838237805041899 ], [ -122.342010620571997, 47.838302635234001 ], [ -122.341690118691005, 47.838310207582303 ], [ -122.341512886545004, 47.838272787855402 ], [ -122.341346923616996, 47.838237789315698 ], [ -122.341041384487994, 47.837989815059302 ], [ -122.340704994231999, 47.837573786369603 ], [ -122.340476348641999, 47.837291379106397 ], [ -122.339943001136007, 47.836631767745999 ], [ -122.339612235792998, 47.835935808604603 ], [ -122.339342566794997, 47.835362517804597 ], [ -122.339193356780996, 47.835045301200999 ], [ -122.339051216702003, 47.834743584900203 ], [ -122.338981608159997, 47.834502865476097 ], [ -122.338997936658004, 47.834329048612297 ], [ -122.339019979968995, 47.834106657314898 ], [ -122.339038482993004, 47.833937610241698 ], [ -122.339068628198007, 47.833661215451002 ], [ -122.339082304349006, 47.833536275384503 ], [ -122.339063412905006, 47.833271580946302 ], [ -122.339051402685996, 47.833103535025003 ], [ -122.338906849156999, 47.832560899298002 ], [ -122.338797743038, 47.832274600222703 ], [ -122.338711635690004, 47.832131609939601 ], [ -122.338639431302994, 47.832011655987003 ], [ -122.338584535088998, 47.831944258828997 ], [ -122.338371313682998, 47.831718454143001 ], [ -122.338267242623999, 47.831675438576497 ], [ -122.338083108877996, 47.831609828564297 ], [ -122.337928750638, 47.8315704741186 ], [ -122.337745617354813, 47.831511958534364 ], [ -122.337744988756, 47.831442043850402 ], [ -122.337736889653002, 47.8305397294423 ], [ -122.337736644832006, 47.830512478440497 ], [ -122.337734162106997, 47.830235880199297 ], [ -122.337733073940001, 47.8301146592799 ], [ -122.337720436268, 47.828706772731998 ], [ -122.337691737170005, 47.8284750686027 ], [ -122.337610471399998, 47.827818955816198 ], [ -122.337586061422002, 47.827690142523501 ], [ -122.337553271752995, 47.827588259262903 ], [ -122.337545216462999, 47.827563231426801 ], [ -122.337488206459, 47.827439187824098 ], [ -122.337415418297994, 47.827318956576001 ], [ -122.337327371580997, 47.827203452902602 ], [ -122.337224717129004, 47.827093557007302 ], [ -122.337108230012007, 47.826990104273698 ], [ -122.337032063262996, 47.826931455178602 ], [ -122.336966577629994, 47.826885624192201 ], [ -122.336191441066006, 47.826368274081098 ], [ -122.336126862664003, 47.826320740353196 ], [ -122.336069507114999, 47.826269189350903 ], [ -122.336019919099002, 47.8262141158975 ], [ -122.335977775323997, 47.826154782985597 ], [ -122.335945231739004, 47.826094227201999 ], [ -122.335921223962998, 47.826030478937597 ], [ -122.335906775479003, 47.825965435484697 ], [ -122.335902025394006, 47.825901039048702 ], [ -122.335901692324001, 47.825573705773202 ], [ -122.335901305229768, 47.825192398099965 ], [ -122.336635751507004, 47.8255321710933 ], [ -122.337803819517006, 47.825532477163399 ], [ -122.338619685694994, 47.825532699680998 ], [ -122.338988348449007, 47.825661428203603 ], [ -122.339271292345998, 47.825747670994303 ], [ -122.340654644840996, 47.8257475959823 ], [ -122.341332579465004, 47.825747562182698 ], [ -122.341333048541998, 47.826585660435299 ], [ -122.341333121488006, 47.826885478794999 ], [ -122.341333880003006, 47.827716032705297 ], [ -122.341334300846995, 47.828272649600201 ], [ -122.341334870832995, 47.828694479374001 ], [ -122.341338223557003, 47.8293343451044 ], [ -122.341341198711007, 47.829873790852403 ], [ -122.3413440498, 47.8303739941095 ], [ -122.341344816106002, 47.830505256169403 ], [ -122.343790496994998, 47.830501832248302 ], [ -122.345174462692995, 47.8305009242385 ], [ -122.346393012497998, 47.830500391538799 ], [ -122.346780669699001, 47.830493286937198 ], [ -122.346781375223003, 47.831371313402897 ], [ -122.346781798913995, 47.831891171378203 ], [ -122.346782139631998, 47.832321058732802 ], [ -122.344337649972005, 47.832350922237303 ], [ -122.344304841671004, 47.8337219190946 ], [ -122.344307007869006, 47.834564194274201 ], [ -122.344291750105, 47.835803943864697 ], [ -122.344375836793006, 47.835964180623399 ], [ -122.345024138824002, 47.836357136905299 ], [ -122.344542158574995, 47.836552707728501 ] ] ] } },
{ "type": "Feature", "properties": { "precinct": "1123", "name": "Lynnwood 9" }, "geometry": { "type": "MultiPolygon", "coordinates": [ [ [ [ -122.333850196748003, 47.830979822733603 ], [ -122.333730608481005, 47.830928095447902 ], [ -122.333394265240003, 47.830773734031503 ], [ -122.333091451689995, 47.830634697034697 ], [ -122.332737439076183, 47.83047229947077 ], [ -122.332743774262994, 47.830473936487699 ], [ -122.333106227816003, 47.830640341857098 ], [ -122.333408974682996, 47.830779333825099 ], [ -122.333745361549006, 47.8309337684084 ], [ -122.333865359813998, 47.830985489400902 ], [ -122.333923442480852, 47.831007434585509 ], [ -122.333850196748003, 47.830979822733603 ] ] ], [ [ [ -122.332709314911, 47.830463197301299 ], [ -122.332646915897996, 47.830435225328102 ], [ -122.332579614049678, 47.830409796171153 ], [ -122.332580696392995, 47.830410133022497 ], [ -122.332662044884003, 47.8304408799508 ], [ -122.332714682315654, 47.830464613254421 ], [ -122.332709314911, 47.830463197301299 ] ] ] ] } },
{ "type": "Feature", "properties": { "precinct": "1565", "name": "Edmonds 51" }, "geometry": { "type": "Polygon", "coordinates": [ [ [ -122.332646915897996, 47.830435225328102 ], [ -122.332709314911, 47.830463197301299 ], [ -122.332714682315654, 47.830464613254421 ], [ -122.332724064250996, 47.830468843406102 ], [ -122.332737439076183, 47.83047229947077 ], [ -122.333091451689995, 47.830634697034697 ], [ -122.333394265240003, 47.830773734031503 ], [ -122.333730608481005, 47.830928095447902 ], [ -122.333850196748003, 47.830979822733603 ], [ -122.333923442480852, 47.831007434585509 ], [ -122.333989614098996, 47.831032435992199 ], [ -122.334140014168995, 47.831081145027099 ], [ -122.334294981414999, 47.831122860682299 ], [ -122.334453800784999, 47.831157389922303 ], [ -122.334617492906006, 47.831184824574798 ], [ -122.334740275734006, 47.831200222823398 ], [ -122.334864105299005, 47.831211399769998 ], [ -122.334991909951995, 47.831218443773103 ], [ -122.335119112472995, 47.831220983165899 ], [ -122.335244465867007, 47.831219139592399 ], [ -122.335487089745996, 47.8312113922481 ], [ -122.335599012290999, 47.8312097293338 ], [ -122.335708883094995, 47.831211810421699 ], [ -122.335820490486995, 47.831217708053899 ], [ -122.335931392687002, 47.831227389561803 ], [ -122.336058767102998, 47.8312416564034 ], [ -122.336372714495994, 47.831298484243497 ], [ -122.336905062091006, 47.831415080417997 ], [ -122.337664811828006, 47.831581479112799 ], [ -122.337664033997996, 47.831494823877001 ], [ -122.337708979591, 47.831504667532997 ], [ -122.337730451746495, 47.831509370443214 ], [ -122.337738037418006, 47.832312548077297 ], [ -122.337601449199994, 47.832832666548299 ], [ -122.337373840690006, 47.833601702306197 ], [ -122.337164212041003, 47.834306493599598 ], [ -122.33696021275, 47.8350475414694 ], [ -122.336778403460002, 47.835711436227697 ], [ -122.336721330575003, 47.835919976942797 ], [ -122.335965801127998, 47.835917060760501 ], [ -122.333741424569993, 47.8358893034342 ], [ -122.331891343558993, 47.835866193278697 ], [ -122.330546942086002, 47.835849368395003 ], [ -122.330380055310002, 47.837050224823102 ], [ -122.330308702260993, 47.837558253540102 ], [ -122.330308870563002, 47.837564078017799 ], [ -122.330106054645, 47.83755705203 ], [ -122.327553540056996, 47.837468348701599 ], [ -122.326886039808997, 47.837464734936603 ], [ -122.325151241284374, 47.83745528425824 ], [ -122.325169741744006, 47.837144614009198 ], [ -122.325188130068994, 47.836835838164802 ], [ -122.325203838510006, 47.836572043743601 ], [ -122.325217495483002, 47.836342710782198 ], [ -122.325217367530996, 47.836236979474997 ], [ -122.325223860714004, 47.836164678838102 ], [ -122.325235454424003, 47.8360938373295 ], [ -122.325252185520995, 47.836023462213298 ], [ -122.325274215883994, 47.835953143857203 ], [ -122.325302140462, 47.835871807674501 ], [ -122.325312673997999, 47.835843680164999 ], [ -122.325332694761997, 47.835789370232398 ], [ -122.325378076611997, 47.835707520946897 ], [ -122.325432251535005, 47.835624430545302 ], [ -122.325486616155999, 47.835552339684398 ], [ -122.325546509953995, 47.835482262760898 ], [ -122.325634683556004, 47.8353922917224 ], [ -122.325706815868003, 47.835327651279201 ], [ -122.325810616466001, 47.835245585878504 ], [ -122.325893910093001, 47.835187346801902 ], [ -122.326011790948002, 47.835114409925801 ], [ -122.326383398437002, 47.834908554600503 ], [ -122.326792756233999, 47.834679651847203 ], [ -122.327495398588994, 47.834288009774198 ], [ -122.327545080633996, 47.834260226596903 ], [ -122.327628449318993, 47.834213605298999 ], [ -122.327725324973997, 47.8341585364333 ], [ -122.327822694906004, 47.834099998475303 ], [ -122.327841951652999, 47.8340884216368 ], [ -122.327842216923003, 47.834088261638101 ], [ -122.327899368543996, 47.834053902629201 ], [ -122.327962519520995, 47.834015902728801 ], [ -122.327975004020004, 47.834007763633103 ], [ -122.328184904200995, 47.833870917280102 ], [ -122.328234485514997, 47.833836103869601 ], [ -122.328360147026999, 47.833733595541801 ], [ -122.328485434702998, 47.8336417152859 ], [ -122.328607489017003, 47.833547901680397 ], [ -122.328726238827002, 47.833452235730498 ], [ -122.328841623003996, 47.833354774921098 ], [ -122.328966865203, 47.833243468832102 ], [ -122.329087505717993, 47.833130224825403 ], [ -122.329256211748003, 47.832966478803002 ], [ -122.329296602664996, 47.8329216386688 ], [ -122.329316088084994, 47.832900008290501 ], [ -122.329419392648006, 47.832784887594002 ], [ -122.329488718487994, 47.832700333737897 ], [ -122.329524389924003, 47.832656827334603 ], [ -122.329571647126997, 47.832599065358899 ], [ -122.329601268817001, 47.832560829708299 ], [ -122.329627260573005, 47.832526899366698 ], [ -122.329673207666005, 47.832466850633601 ], [ -122.329822924748001, 47.832271182793399 ], [ -122.329850359644993, 47.832235328153203 ], [ -122.330158075718003, 47.831833163682298 ], [ -122.330525087392999, 47.831353494868701 ], [ -122.330585516612999, 47.8312745156001 ], [ -122.330632219706999, 47.831213474180998 ], [ -122.330646175295996, 47.831195670028599 ], [ -122.330856019440006, 47.830921989697799 ], [ -122.330926385612997, 47.830838559248598 ], [ -122.331006388559004, 47.8307591702834 ], [ -122.331095563453999, 47.830684335346803 ], [ -122.331192048011005, 47.830615443515804 ], [ -122.331263809261998, 47.830570689808098 ], [ -122.331339212388002, 47.830528667166099 ], [ -122.331413120888001, 47.830492066144799 ], [ -122.331495664659002, 47.830455592054498 ], [ -122.331626432985999, 47.830406696395897 ], [ -122.331739792392995, 47.8303744887844 ], [ -122.331862977623999, 47.830350454584803 ], [ -122.331986468907004, 47.830336728315601 ], [ -122.332073915050998, 47.830332954621497 ], [ -122.332150803095004, 47.830333616717603 ], [ -122.332243691299993, 47.830339425987802 ], [ -122.332335474104994, 47.830350664357098 ], [ -122.332425453032002, 47.830367246533797 ], [ -122.332512943118005, 47.830389046569302 ], [ -122.332579614049678, 47.830409796171153 ], [ -122.332646915897996, 47.830435225328102 ] ] ] } },
{ "type": "Feature", "properties": { "precinct": "1148", "name": "Edmonds 23" }, "geometry": { "type": "Polygon", "coordinates": [ [ [ -122.335898759852, 47.844733568766202 ], [ -122.335909816197997, 47.844008942345098 ], [ -122.335913237330999, 47.843793394512403 ], [ -122.337188314759999, 47.8438001895856 ], [ -122.337373875593002, 47.843808287705698 ], [ -122.337574403220003, 47.843840866303097 ], [ -122.337680571549996, 47.843867574258397 ], [ -122.337862295706003, 47.843936388209798 ], [ -122.337999809371993, 47.844008096735799 ], [ -122.338505564857996, 47.844347184544901 ], [ -122.339091990048999, 47.844781347489203 ], [ -122.339145522581006, 47.844731286772102 ], [ -122.339952079013003, 47.844173462164697 ], [ -122.340477128472003, 47.843810254644701 ], [ -122.341492347016001, 47.843075722715803 ], [ -122.341860478721998, 47.842814490072399 ], [ -122.342134386161007, 47.842622106633101 ], [ -122.342251604481007, 47.842556293741197 ], [ -122.342367272206999, 47.842507124871403 ], [ -122.342473233920998, 47.842474364063897 ], [ -122.342603728876, 47.842444878498704 ], [ -122.342707697256003, 47.842431081234203 ], [ -122.343051092311995, 47.842404524726597 ], [ -122.343471675328004, 47.842371206144399 ], [ -122.343631701034994, 47.842341757431299 ], [ -122.343935340580998, 47.842261397705698 ], [ -122.344101914093002, 47.842194674180902 ], [ -122.344213132486999, 47.842150188854099 ], [ -122.344328005681007, 47.842021511139798 ], [ -122.344435485489001, 47.841901242440201 ], [ -122.344504980587999, 47.841787816222897 ], [ -122.344604599118995, 47.841624979719803 ], [ -122.344694906811, 47.841561833832898 ], [ -122.344840093135005, 47.841460173595998 ], [ -122.345199463704006, 47.841300927025898 ], [ -122.345494247942, 47.841248871807103 ], [ -122.345688612738002, 47.841209968940397 ], [ -122.345811841566004, 47.841193342898201 ], [ -122.346119662603002, 47.8411519096218 ], [ -122.346754521281994, 47.841099461547103 ], [ -122.348292280566, 47.8409857764658 ], [ -122.349456629608994, 47.840847033649297 ], [ -122.349838439373997, 47.840759279757698 ], [ -122.350442854329003, 47.840519389294798 ], [ -122.351511255987006, 47.840095189907899 ], [ -122.351644574738003, 47.840023412918001 ], [ -122.351721254444001, 47.839982035470598 ], [ -122.352148581950999, 47.839623926447501 ], [ -122.352561293069996, 47.839236276422298 ], [ -122.352768814884001, 47.839038922368999 ], [ -122.352966867359001, 47.8388311540972 ], [ -122.353163469500998, 47.838574049035799 ], [ -122.353263485607002, 47.838443245696197 ], [ -122.353370847983996, 47.838302575788397 ], [ -122.353446932050005, 47.837928739473497 ], [ -122.353447978508996, 47.837877655200302 ], [ -122.353454667170993, 47.837619819721297 ], [ -122.353360706209003, 47.837367006795297 ], [ -122.353275546565996, 47.8371365271922 ], [ -122.353139548510995, 47.8367695380336 ], [ -122.353105053652996, 47.836669571580202 ], [ -122.353091584669997, 47.836557500261399 ], [ -122.353084267398998, 47.836446889951901 ], [ -122.353087661474007, 47.836336993622801 ], [ -122.353193167984998, 47.836167900394599 ], [ -122.353315137093006, 47.835952660763702 ], [ -122.353439313897994, 47.835708599881201 ], [ -122.353442385733999, 47.835657146808899 ], [ -122.353446994053996, 47.835571312128202 ], [ -122.353415649349003, 47.835491954206702 ], [ -122.353368786434999, 47.835386840187901 ], [ -122.353297445774004, 47.835245547689098 ], [ -122.353187773190996, 47.8350296185452 ], [ -122.352143707845002, 47.835324895086302 ], [ -122.351387191620006, 47.835514032892 ], [ -122.351219191530006, 47.835548397203802 ], [ -122.351095902034999, 47.835545064351699 ], [ -122.350918101928002, 47.835540314186701 ], [ -122.350845758603, 47.835538361017498 ], [ -122.350453985491001, 47.835527881587097 ], [ -122.350237781022003, 47.835567597363401 ], [ -122.349993865596005, 47.835582402609496 ], [ -122.349923655479998, 47.835583762562202 ], [ -122.349733369502005, 47.8355872303692 ], [ -122.349355132319005, 47.8356044155923 ], [ -122.348987697045999, 47.835677582363097 ], [ -122.348750686287005, 47.835719626825203 ], [ -122.348533429431001, 47.835758239598803 ], [ -122.348396317319995, 47.835769654318 ], [ -122.348135893676996, 47.835742172824098 ], [ -122.347948750051003, 47.835713892295999 ], [ -122.347742687421004, 47.835682690178601 ], [ -122.347594814800004, 47.835674281706297 ], [ -122.347385708442999, 47.835695732378902 ], [ -122.347128063764004, 47.835763324674097 ], [ -122.346771101973999, 47.835864108077097 ], [ -122.346018801908997, 47.836076460968002 ], [ -122.345432104134005, 47.836242059804398 ], [ -122.345024138824002, 47.836357136905299 ], [ -122.344375836793006, 47.835964180623399 ], [ -122.344291750105, 47.835803943864697 ], [ -122.344307007869006, 47.834564194274201 ], [ -122.344304841671004, 47.8337219190946 ], [ -122.344337649972005, 47.832350922237303 ], [ -122.346782139631998, 47.832321058732802 ], [ -122.348761157881, 47.832318481437703 ], [ -122.350386419022996, 47.8323164536977 ], [ -122.352053926590997, 47.832314269608801 ], [ -122.352197466126995, 47.832314075624701 ], [ -122.352198746433999, 47.831333283582197 ], [ -122.352199468047004, 47.830698074462497 ], [ -122.352199929416997, 47.8300713520077 ], [ -122.352200641859, 47.829453194885197 ], [ -122.352201375090999, 47.82880101992 ], [ -122.352201721916003, 47.828673941193898 ], [ -122.354483396820996, 47.8286694678985 ], [ -122.356410834440993, 47.8286656428144 ], [ -122.356483107952002, 47.828665536776498 ], [ -122.356517944884999, 47.8291926488073 ], [ -122.356481786353001, 47.829555588726699 ], [ -122.356480609556996, 47.829602131852397 ], [ -122.356479720690999, 47.830056715516598 ], [ -122.356012441627996, 47.8300562590087 ], [ -122.354341334618994, 47.830054779501701 ], [ -122.354333612190999, 47.830485289632001 ], [ -122.353799671437002, 47.830485625836502 ], [ -122.353818835439995, 47.830965219324099 ], [ -122.353874254927007, 47.832263928687802 ], [ -122.353853775461005, 47.833300588114902 ], [ -122.353829894022994, 47.833527548781902 ], [ -122.353959881408997, 47.833880649943303 ], [ -122.353928523058002, 47.833991603939701 ], [ -122.353873208408999, 47.834188220970702 ], [ -122.353893401136006, 47.834269183613301 ], [ -122.353909524177993, 47.834332891170298 ], [ -122.354038420885004, 47.834423289837602 ], [ -122.354202667880003, 47.834538667649603 ], [ -122.354437350178003, 47.834643081686799 ], [ -122.354678912403998, 47.8347043883143 ], [ -122.354967009784005, 47.834738169552701 ], [ -122.355110541567996, 47.834720149192897 ], [ -122.355220399754003, 47.834664874779399 ], [ -122.355297762920998, 47.834577813784001 ], [ -122.355383743033002, 47.834506834398503 ], [ -122.355431700489007, 47.834475776528798 ], [ -122.355485654510005, 47.834440953998197 ], [ -122.355573017777999, 47.834434391823599 ], [ -122.355676981279998, 47.834438405471303 ], [ -122.355797350857003, 47.834463708144 ], [ -122.355934632992003, 47.834510206682303 ], [ -122.355992819066998, 47.834584750607704 ], [ -122.355972437459002, 47.834705326835397 ], [ -122.356399688774005, 47.834312412382801 ], [ -122.356469955292994, 47.8342784011151 ], [ -122.356469995010002, 47.834331697511601 ], [ -122.356467562540004, 47.835183976033399 ], [ -122.356466444101997, 47.835648073121597 ], [ -122.356466115884999, 47.835948582336997 ], [ -122.356464520729006, 47.836465726275499 ], [ -122.356463183995999, 47.837078237138002 ], [ -122.356467652947003, 47.837316815862998 ], [ -122.356326727699994, 47.8374583643064 ], [ -122.355990696757999, 47.837803448969602 ], [ -122.355686165818, 47.8380425456428 ], [ -122.355140897664, 47.8385611031472 ], [ -122.355096806754005, 47.838602562716503 ], [ -122.354556421199007, 47.839079750645098 ], [ -122.354040152132995, 47.839615739470098 ], [ -122.354008359548999, 47.8396426404395 ], [ -122.353771850281007, 47.839840982422302 ], [ -122.353278096807003, 47.840225258011799 ], [ -122.352852513905006, 47.840556014612503 ], [ -122.352320201753997, 47.840858453537798 ], [ -122.351786953870004, 47.841146593280101 ], [ -122.351177842674005, 47.841400005810399 ], [ -122.3506516076, 47.841580337828198 ], [ -122.350025352117001, 47.841752825940297 ], [ -122.348917728461998, 47.841934351953199 ], [ -122.348016257240005, 47.8420450131891 ], [ -122.347323943440998, 47.8421352459114 ], [ -122.346526587894004, 47.8422722786717 ], [ -122.346424262727993, 47.8422899997176 ], [ -122.345426741042004, 47.842633780772097 ], [ -122.344810701374001, 47.8429480020543 ], [ -122.344307941362004, 47.843236217416703 ], [ -122.343733690056993, 47.843569674137299 ], [ -122.343104418538999, 47.843989627713803 ], [ -122.342307388094, 47.844576140034299 ], [ -122.341423835580002, 47.845199347399699 ], [ -122.341336709695284, 47.845269330531337 ], [ -122.341336867931005, 47.845241669766203 ], [ -122.341317760907557, 47.845254260996825 ], [ -122.341321954742995, 47.845197606810203 ], [ -122.340440661540995, 47.845776733946202 ], [ -122.340022580649006, 47.8462297025429 ], [ -122.339899371103002, 47.846229955526198 ], [ -122.339324014362006, 47.846229825039103 ], [ -122.338705884608999, 47.846229570373097 ], [ -122.338062553486679, 47.846229349138035 ], [ -122.337768889912994, 47.845906535203198 ], [ -122.337759000550562, 47.845906527854659 ], [ -122.337753881116001, 47.845900899399801 ], [ -122.337243716114131, 47.845900533835156 ], [ -122.337242719010007, 47.845808717301999 ], [ -122.337236397458, 47.845735192766497 ], [ -122.337219096686994, 47.845637698989101 ], [ -122.337199083328002, 47.845563915586197 ], [ -122.337154448158998, 47.845446330888798 ], [ -122.337107413530006, 47.845353388011397 ], [ -122.337035271358005, 47.8452406865174 ], [ -122.336951488861004, 47.845135729800901 ], [ -122.336890332178996, 47.8450704040117 ], [ -122.336837433352997, 47.845019686974602 ], [ -122.336822411547772, 47.845014107024355 ], [ -122.336822345873998, 47.845014044057102 ], [ -122.336610801722998, 47.844935338221497 ], [ -122.336321711730363, 47.844828119047456 ], [ -122.336036165585995, 47.844722049744902 ], [ -122.336008024790573, 47.844711596112411 ], [ -122.335980816968004, 47.844701385614698 ], [ -122.335979567199004, 47.844763610943502 ], [ -122.335898759852, 47.844733568766202 ] ] ] } },
{ "type": "Feature", "properties": { "precinct": "1393", "name": "Edmonds 38" }, "geometry": { "type": "Polygon", "coordinates": [ [ [ -122.335925348535, 47.842859421609397 ], [ -122.33592957191, 47.842127429921298 ], [ -122.335934321056001, 47.841378464874701 ], [ -122.335938110220994, 47.840666615368399 ], [ -122.335942189956995, 47.839964787102403 ], [ -122.335945202467002, 47.839489442758001 ], [ -122.334480245264999, 47.839479388084499 ], [ -122.334369850306999, 47.839253682653499 ], [ -122.334120527706006, 47.838713531232898 ], [ -122.334016354827995, 47.838632211797403 ], [ -122.333932661147003, 47.838607604731898 ], [ -122.333363470506995, 47.838624073502601 ], [ -122.333228242209003, 47.838612995726898 ], [ -122.333112868691998, 47.8385843472144 ], [ -122.332769515406, 47.838435730289198 ], [ -122.332364737735006, 47.838257841820401 ], [ -122.332207823613999, 47.838113033537297 ], [ -122.332047988598006, 47.837990455489702 ], [ -122.33196806814, 47.837955428784802 ], [ -122.331891185301998, 47.837937414940697 ], [ -122.331800398092, 47.837931493103397 ], [ -122.331729809224001, 47.8379374743201 ], [ -122.331592587488998, 47.837963008244401 ], [ -122.331430722511001, 47.838016627461897 ], [ -122.331301823573, 47.838083525112197 ], [ -122.331233574696995, 47.838135231499898 ], [ -122.330981800318, 47.838266118928402 ], [ -122.330325047553004, 47.8381239139933 ], [ -122.330308870563002, 47.837564078017799 ], [ -122.330308702260993, 47.837558253540102 ], [ -122.330380055310002, 47.837050224823102 ], [ -122.330546942086002, 47.835849368395003 ], [ -122.331891343558993, 47.835866193278697 ], [ -122.333741424569993, 47.8358893034342 ], [ -122.335965801127998, 47.835917060760501 ], [ -122.336721330575003, 47.835919976942797 ], [ -122.336778403460002, 47.835711436227697 ], [ -122.33696021275, 47.8350475414694 ], [ -122.337164212041003, 47.834306493599598 ], [ -122.337373840690006, 47.833601702306197 ], [ -122.337601449199994, 47.832832666548299 ], [ -122.337738037418006, 47.832312548077297 ], [ -122.337730451746495, 47.831509370443214 ], [ -122.337745623963002, 47.831512693517702 ], [ -122.337745617354813, 47.831511958534364 ], [ -122.337928750638, 47.8315704741186 ], [ -122.338083108877996, 47.831609828564297 ], [ -122.338267242623999, 47.831675438576497 ], [ -122.338371313682998, 47.831718454143001 ], [ -122.338584535088998, 47.831944258828997 ], [ -122.338639431302994, 47.832011655987003 ], [ -122.338711635690004, 47.832131609939601 ], [ -122.338797743038, 47.832274600222703 ], [ -122.338906849156999, 47.832560899298002 ], [ -122.339051402685996, 47.833103535025003 ], [ -122.339063412905006, 47.833271580946302 ], [ -122.339082304349006, 47.833536275384503 ], [ -122.339068628198007, 47.833661215451002 ], [ -122.339038482993004, 47.833937610241698 ], [ -122.339019979968995, 47.834106657314898 ], [ -122.338997936658004, 47.834329048612297 ], [ -122.338981608159997, 47.834502865476097 ], [ -122.339051216702003, 47.834743584900203 ], [ -122.339193356780996, 47.835045301200999 ], [ -122.339342566794997, 47.835362517804597 ], [ -122.339612235792998, 47.835935808604603 ], [ -122.339943001136007, 47.836631767745999 ], [ -122.340476348641999, 47.837291379106397 ], [ -122.340704994231999, 47.837573786369603 ], [ -122.341041384487994, 47.837989815059302 ], [ -122.341346923616996, 47.838237789315698 ], [ -122.341512886545004, 47.838272787855402 ], [ -122.341690118691005, 47.838310207582303 ], [ -122.342010620571997, 47.838302635234001 ], [ -122.342254620776998, 47.838237805041899 ], [ -122.342666676197993, 47.8379478831014 ], [ -122.342880362632997, 47.837698883007697 ], [ -122.343128025007005, 47.837410530498502 ], [ -122.343269332397995, 47.837245944234603 ], [ -122.343620491514997, 47.836997952851199 ], [ -122.344093380575003, 47.836734813172399 ], [ -122.344542158574995, 47.836552707728501 ], [ -122.345024138824002, 47.836357136905299 ], [ -122.345432104134005, 47.836242059804398 ], [ -122.346018801908997, 47.836076460968002 ], [ -122.346771101973999, 47.835864108077097 ], [ -122.347128063764004, 47.835763324674097 ], [ -122.347385708442999, 47.835695732378902 ], [ -122.347594814800004, 47.835674281706297 ], [ -122.347742687421004, 47.835682690178601 ], [ -122.347948750051003, 47.835713892295999 ], [ -122.348135893676996, 47.835742172824098 ], [ -122.348396317319995, 47.835769654318 ], [ -122.348533429431001, 47.835758239598803 ], [ -122.348750686287005, 47.835719626825203 ], [ -122.348987697045999, 47.835677582363097 ], [ -122.349355132319005, 47.8356044155923 ], [ -122.349733369502005, 47.8355872303692 ], [ -122.349923655479998, 47.835583762562202 ], [ -122.349993865596005, 47.835582402609496 ], [ -122.350237781022003, 47.835567597363401 ], [ -122.350453985491001, 47.835527881587097 ], [ -122.350845758603, 47.835538361017498 ], [ -122.350918101928002, 47.835540314186701 ], [ -122.351095902034999, 47.835545064351699 ], [ -122.351219191530006, 47.835548397203802 ], [ -122.351387191620006, 47.835514032892 ], [ -122.352143707845002, 47.835324895086302 ], [ -122.353187773190996, 47.8350296185452 ], [ -122.353297445774004, 47.835245547689098 ], [ -122.353368786434999, 47.835386840187901 ], [ -122.353415649349003, 47.835491954206702 ], [ -122.353446994053996, 47.835571312128202 ], [ -122.353442385733999, 47.835657146808899 ], [ -122.353439313897994, 47.835708599881201 ], [ -122.353315137093006, 47.835952660763702 ], [ -122.353193167984998, 47.836167900394599 ], [ -122.353087661474007, 47.836336993622801 ], [ -122.353084267398998, 47.836446889951901 ], [ -122.353091584669997, 47.836557500261399 ], [ -122.353105053652996, 47.836669571580202 ], [ -122.353139548510995, 47.8367695380336 ], [ -122.353275546565996, 47.8371365271922 ], [ -122.353360706209003, 47.837367006795297 ], [ -122.353454667170993, 47.837619819721297 ], [ -122.353447978508996, 47.837877655200302 ], [ -122.353446932050005, 47.837928739473497 ], [ -122.353370847983996, 47.838302575788397 ], [ -122.353263485607002, 47.838443245696197 ], [ -122.353163469500998, 47.838574049035799 ], [ -122.352966867359001, 47.8388311540972 ], [ -122.352768814884001, 47.839038922368999 ], [ -122.352561293069996, 47.839236276422298 ], [ -122.352148581950999, 47.839623926447501 ], [ -122.351721254444001, 47.839982035470598 ], [ -122.351644574738003, 47.840023412918001 ], [ -122.351511255987006, 47.840095189907899 ], [ -122.350442854329003, 47.840519389294798 ], [ -122.349838439373997, 47.840759279757698 ], [ -122.349456629608994, 47.840847033649297 ], [ -122.348292280566, 47.8409857764658 ], [ -122.346754521281994, 47.841099461547103 ], [ -122.346119662603002, 47.8411519096218 ], [ -122.345811841566004, 47.841193342898201 ], [ -122.345688612738002, 47.841209968940397 ], [ -122.345494247942, 47.841248871807103 ], [ -122.345199463704006, 47.841300927025898 ], [ -122.344840093135005, 47.841460173595998 ], [ -122.344694906811, 47.841561833832898 ], [ -122.344604599118995, 47.841624979719803 ], [ -122.344504980587999, 47.841787816222897 ], [ -122.344435485489001, 47.841901242440201 ], [ -122.344328005681007, 47.842021511139798 ], [ -122.344213132486999, 47.842150188854099 ], [ -122.344101914093002, 47.842194674180902 ], [ -122.343935340580998, 47.842261397705698 ], [ -122.343631701034994, 47.842341757431299 ], [ -122.343471675328004, 47.842371206144399 ], [ -122.343051092311995, 47.842404524726597 ], [ -122.342707697256003, 47.842431081234203 ], [ -122.342603728876, 47.842444878498704 ], [ -122.342473233920998, 47.842474364063897 ], [ -122.342367272206999, 47.842507124871403 ], [ -122.342251604481007, 47.842556293741197 ], [ -122.342134386161007, 47.842622106633101 ], [ -122.341860478721998, 47.842814490072399 ], [ -122.341492347016001, 47.843075722715803 ], [ -122.340477128472003, 47.843810254644701 ], [ -122.339952079013003, 47.844173462164697 ], [ -122.339145522581006, 47.844731286772102 ], [ -122.339091990048999, 47.844781347489203 ], [ -122.338505564857996, 47.844347184544901 ], [ -122.337999809371993, 47.844008096735799 ], [ -122.337862295706003, 47.843936388209798 ], [ -122.337680571549996, 47.843867574258397 ], [ -122.337574403220003, 47.843840866303097 ], [ -122.337373875593002, 47.843808287705698 ], [ -122.337188314759999, 47.8438001895856 ], [ -122.335913237330999, 47.843793394512403 ], [ -122.335924092029003, 47.843061830284597 ], [ -122.335925348535, 47.842859421609397 ] ] ] } },
{ "type": "Feature", "properties": { "precinct": "1392", "name": "Edmonds 26" }, "geometry": { "type": "Polygon", "coordinates": [ [ [ -122.326886039808997, 47.837464734936603 ], [ -122.327553540056996, 47.837468348701599 ], [ -122.330106054645, 47.83755705203 ], [ -122.330308870563002, 47.837564078017799 ], [ -122.330325047553004, 47.8381239139933 ], [ -122.330981800318, 47.838266118928402 ], [ -122.331233574696995, 47.838135231499898 ], [ -122.331301823573, 47.838083525112197 ], [ -122.331430722511001, 47.838016627461897 ], [ -122.331592587488998, 47.837963008244401 ], [ -122.331729809224001, 47.8379374743201 ], [ -122.331800398092, 47.837931493103397 ], [ -122.331891185301998, 47.837937414940697 ], [ -122.33196806814, 47.837955428784802 ], [ -122.332047988598006, 47.837990455489702 ], [ -122.332207823613999, 47.838113033537297 ], [ -122.332364737735006, 47.838257841820401 ], [ -122.332769515406, 47.838435730289198 ], [ -122.333112868691998, 47.8385843472144 ], [ -122.333228242209003, 47.838612995726898 ], [ -122.333363470506995, 47.838624073502601 ], [ -122.333932661147003, 47.838607604731898 ], [ -122.334016354827995, 47.838632211797403 ], [ -122.334120527706006, 47.838713531232898 ], [ -122.334369850306999, 47.839253682653499 ], [ -122.334480245264999, 47.839479388084499 ], [ -122.335945202467002, 47.839489442758001 ], [ -122.335942189956995, 47.839964787102403 ], [ -122.335938110220994, 47.840666615368399 ], [ -122.335934321056001, 47.841378464874701 ], [ -122.33592957191, 47.842127429921298 ], [ -122.335925348535, 47.842859421609397 ], [ -122.335924092029003, 47.843061830284597 ], [ -122.334773138607005, 47.843033254364101 ], [ -122.332919592810995, 47.842987239038898 ], [ -122.330351230405995, 47.8429233948182 ], [ -122.330349260025997, 47.8428552142013 ], [ -122.330325698487997, 47.842057523171398 ], [ -122.330308280918999, 47.841155299581601 ], [ -122.329427541694002, 47.841138469114199 ], [ -122.328542384689001, 47.841003785124201 ], [ -122.328415190022994, 47.840988997213103 ], [ -122.327636310157999, 47.840920351461499 ], [ -122.327517931683005, 47.8409111876094 ], [ -122.327277741163002, 47.840897276450001 ], [ -122.327044855840995, 47.840889523300298 ], [ -122.326479497272999, 47.840880886924097 ], [ -122.324919243390994, 47.840886435807398 ], [ -122.324064710502, 47.840895442569803 ], [ -122.324003031586074, 47.840854664301013 ], [ -122.324004828477996, 47.840851695277102 ], [ -122.324053999716, 47.840770449423303 ], [ -122.324194179168998, 47.840538825966902 ], [ -122.324345759590003, 47.840288361817599 ], [ -122.324398586748998, 47.840201072308297 ], [ -122.324416669019001, 47.840171194774904 ], [ -122.324543210971001, 47.839962100072597 ], [ -122.324714607185996, 47.839678886181403 ], [ -122.3247460706, 47.839626895571797 ], [ -122.324754309295002, 47.839612542086599 ], [ -122.324816752624002, 47.839499107906597 ], [ -122.324867875297002, 47.8393947660931 ], [ -122.324893960924996, 47.839335514822601 ], [ -122.324909783416999, 47.839295345644501 ], [ -122.324927887140007, 47.839249388387501 ], [ -122.324948362642999, 47.839186494992802 ], [ -122.324955544196996, 47.839164434967401 ], [ -122.32496916334, 47.839122599699003 ], [ -122.325002055853005, 47.838991579867503 ], [ -122.325011170786993, 47.838939912336699 ], [ -122.325052569291998, 47.838705229136202 ], [ -122.325072488569006, 47.838592312917299 ], [ -122.325073620224003, 47.838578435393899 ], [ -122.325083295010998, 47.838459813614897 ], [ -122.325103514678005, 47.838203233599799 ], [ -122.325122699177001, 47.837934562138699 ], [ -122.325123841028002, 47.837915378671198 ], [ -122.325150913079995, 47.837460795653101 ], [ -122.325151241284374, 47.83745528425824 ], [ -122.326886039808997, 47.837464734936603 ] ] ] } },
{ "type": "Feature", "properties": { "precinct": "8905", "name": "NRV Lwd Sewer Treatment" }, "geometry": { "type": "MultiPolygon", "coordinates": [ [ [ [ -122.337435876260997, 47.846644903679199 ], [ -122.337060768851998, 47.846316773999902 ], [ -122.33696568773, 47.846233623711598 ], [ -122.337071546537004, 47.846231973875298 ], [ -122.337043318469995, 47.846171679120197 ], [ -122.337027977545006, 47.846116784233097 ], [ -122.337021780599002, 47.846061169025504 ], [ -122.337025201794006, 47.846003628998297 ], [ -122.337037344953004, 47.8459483725578 ], [ -122.337065415679007, 47.845880482254898 ], [ -122.337063631204998, 47.8457839367248 ], [ -122.337048141300997, 47.845671290591298 ], [ -122.337017922650006, 47.845559952812899 ], [ -122.336983304618002, 47.845472407858999 ], [ -122.336927761506999, 47.845365601609103 ], [ -122.336858578728993, 47.845262487671498 ], [ -122.336776287700005, 47.845163830886598 ], [ -122.336709896742377, 47.845097556675697 ], [ -122.336724581045999, 47.845103011234301 ], [ -122.336791424764002, 47.845169477663099 ], [ -122.336873714757004, 47.845268143454 ], [ -122.336942917740004, 47.845371261621899 ], [ -122.336998505756, 47.845478048389303 ], [ -122.337032886691006, 47.845565573073699 ], [ -122.337062976715004, 47.845676898153499 ], [ -122.337078538076, 47.845789564941803 ], [ -122.337080463909004, 47.845886145500899 ], [ -122.337052138833002, 47.845954020265097 ], [ -122.337039995924997, 47.8460092389235 ], [ -122.337036920445001, 47.846066764510802 ], [ -122.337043137492003, 47.846122427134901 ], [ -122.337058334868004, 47.8461773023215 ], [ -122.337086703482001, 47.846237604223901 ], [ -122.336980393239003, 47.846239263608702 ], [ -122.337075581996999, 47.846322437664199 ], [ -122.337444674120235, 47.846644938374524 ], [ -122.337435876260997, 47.846644903679199 ] ] ], [ [ [ -122.335978828858998, 47.844825915010297 ], [ -122.335979567199004, 47.844763610943502 ], [ -122.335980816968004, 47.844701385614698 ], [ -122.336008024790573, 47.844711596112411 ], [ -122.335995669732995, 47.844707006504002 ], [ -122.335994719279, 47.844769276479802 ], [ -122.335993770061634, 47.844831462640265 ], [ -122.335978828858998, 47.844825915010297 ] ] ], [ [ [ -122.336610801722998, 47.844935338221497 ], [ -122.336822345873998, 47.845014044057102 ], [ -122.336822411547772, 47.845014107024355 ], [ -122.336625518651999, 47.844940969838397 ], [ -122.336328990766006, 47.844830822926497 ], [ -122.336321711730363, 47.844828119047456 ], [ -122.336610801722998, 47.844935338221497 ] ] ], [ [ [ -122.337753881116001, 47.845900899399801 ], [ -122.337759000550562, 47.845906527854659 ], [ -122.337243777050006, 47.845906145005003 ], [ -122.337243716114131, 47.845900533835156 ], [ -122.337753881116001, 47.845900899399801 ] ] ], [ [ [ -122.338705884608999, 47.846229570373097 ], [ -122.339324014362006, 47.846229825039103 ], [ -122.339899371103002, 47.846229955526198 ], [ -122.340022580649006, 47.8462297025429 ], [ -122.340440661540995, 47.845776733946202 ], [ -122.341321954742995, 47.845197606810203 ], [ -122.341317760907557, 47.845254260996825 ], [ -122.340461555274004, 47.845818487163299 ], [ -122.340075446515996, 47.846235188153301 ], [ -122.339914456022996, 47.846235620697101 ], [ -122.339339049268006, 47.846235427960202 ], [ -122.338720837845997, 47.846235217617803 ], [ -122.338067686428005, 47.846234991598102 ], [ -122.338062553486679, 47.846229349138035 ], [ -122.338705884608999, 47.846229570373097 ] ] ] ] } },
{ "type": "Feature", "properties": { "precinct": "1390", "name": "Edmonds 21" }, "geometry": { "type": "Polygon", "coordinates": [ [ [ -122.327624001751076, 47.84972126703007 ], [ -122.327638880864001, 47.849739315542401 ], [ -122.327639171586, 47.849718077719203 ], [ -122.327645781447998, 47.849234408112501 ], [ -122.327659839603001, 47.848730371456298 ], [ -122.327670290556, 47.848346081055901 ], [ -122.327795227671004, 47.848349077067098 ], [ -122.327812681479003, 47.848349494791599 ], [ -122.328342124703994, 47.848362187448103 ], [ -122.328377251716006, 47.848363029753799 ], [ -122.328724024268993, 47.848371341030202 ], [ -122.328871237851004, 47.848374869380201 ], [ -122.329069372663994, 47.8483796177144 ], [ -122.329111863183002, 47.848380636022597 ], [ -122.329472313148003, 47.848389273433497 ], [ -122.329681677880004, 47.8483942902404 ], [ -122.329764180816994, 47.8483962661684 ], [ -122.330271655415004, 47.848407841314 ], [ -122.330344468177998, 47.848409502016899 ], [ -122.330373471841, 47.848410163017697 ], [ -122.330414118201006, 47.848411090745202 ], [ -122.330421874288007, 47.8481041022238 ], [ -122.330427665805004, 47.847873221773199 ], [ -122.330432477181006, 47.847681348001302 ], [ -122.330437289832005, 47.847489473308997 ], [ -122.330443751855995, 47.8472318139099 ], [ -122.330447181511005, 47.847095062020301 ], [ -122.330455637016001, 47.846757911663303 ], [ -122.330457715929001, 47.846675038918498 ], [ -122.330458386817995, 47.846648268975002 ], [ -122.330456093527999, 47.846611925679703 ], [ -122.330453453100006, 47.846570091304002 ], [ -122.330398584592004, 47.845700753836901 ], [ -122.330355826269994, 47.845023254715201 ], [ -122.330346584742003, 47.844876836176901 ], [ -122.330332002887133, 47.844876614132836 ], [ -122.330331659579997, 47.844871222815698 ], [ -122.330290908628996, 47.844870556448697 ], [ -122.330011774387003, 47.844866328574597 ], [ -122.329686285829993, 47.844861335869801 ], [ -122.329565563540996, 47.844859488722904 ], [ -122.328970619673001, 47.844850480410997 ], [ -122.328380257929993, 47.844841409073403 ], [ -122.328145438700005, 47.844837882537497 ], [ -122.327829119059004, 47.844833021027199 ], [ -122.327729791588993, 47.844831492239202 ], [ -122.327631992112998, 47.844830028851099 ], [ -122.327326731225, 47.844820223842298 ], [ -122.326727422698994, 47.844801064011897 ], [ -122.326377826428995, 47.844789864700701 ], [ -122.326146459167006, 47.844782433312602 ], [ -122.325861586556002, 47.844773385461998 ], [ -122.325825905553998, 47.844771966712699 ], [ -122.325474769124, 47.844760355648802 ], [ -122.325073181259, 47.8447470890871 ], [ -122.325012534460996, 47.844745053126999 ], [ -122.324946059329548, 47.844742847061816 ], [ -122.324946311383002, 47.844733369813802 ], [ -122.324931358113844, 47.844733436532877 ], [ -122.324931590738998, 47.844727772998702 ], [ -122.324906644646006, 47.844727841244001 ], [ -122.324850136071007, 47.844728064053697 ], [ -122.324849627117999, 47.844728070694899 ], [ -122.324807374168003, 47.8447282792877 ], [ -122.324318657250004, 47.844730456776098 ], [ -122.323707760871002, 47.844733111604803 ], [ -122.323180860039997, 47.844735352984003 ], [ -122.323096863066993, 47.844735762287101 ], [ -122.322916185820006, 47.844738202436702 ], [ -122.322370103625005, 47.844746174864703 ], [ -122.322344655958005, 47.844746506368402 ], [ -122.322289675357993, 47.844746794368497 ], [ -122.321716419067002, 47.844748176384002 ], [ -122.321386515005003, 47.844748958767497 ], [ -122.320979225383994, 47.844749890071903 ], [ -122.320490479927997, 47.844751023326502 ], [ -122.320027188154, 47.844752079815002 ], [ -122.319728850340994, 47.844752789588398 ], [ -122.319701359459003, 47.844752889789703 ], [ -122.319674884034001, 47.844752891318599 ], [ -122.319634154116997, 47.844752992733 ], [ -122.319567461515007, 47.844753174431098 ], [ -122.319509922253076, 47.844753922564401 ], [ -122.319582116310997, 47.8446495252185 ], [ -122.319650543622998, 47.844550573543799 ], [ -122.319714128307993, 47.844458624256198 ], [ -122.319742526930995, 47.844420076239302 ], [ -122.319787894759003, 47.844358497461997 ], [ -122.319884424460994, 47.844227473119901 ], [ -122.319944116063994, 47.844163942087199 ], [ -122.320013827462006, 47.844098230526399 ], [ -122.320086435516004, 47.844037303961301 ], [ -122.320162581706995, 47.843980186080302 ], [ -122.320241591119, 47.843927060177101 ], [ -122.320326398828996, 47.8438758963635 ], [ -122.320415291052001, 47.843827929574601 ], [ -122.320508059130006, 47.843783199399297 ], [ -122.320592952070001, 47.843746610379903 ], [ -122.320679256296003, 47.843713474461701 ], [ -122.320839326045004, 47.843655492527901 ], [ -122.321003726247, 47.843596434763697 ], [ -122.321171984805005, 47.843528937826903 ], [ -122.321309469675995, 47.843464759533703 ], [ -122.321440601356997, 47.843394856908503 ], [ -122.321564833609003, 47.843319520457001 ], [ -122.321680850297, 47.843239638145803 ], [ -122.321785237577004, 47.843158199724797 ], [ -122.321882696282998, 47.843071986433898 ], [ -122.321943416837996, 47.843014677783003 ], [ -122.321976891812, 47.842983088886598 ], [ -122.322030688466, 47.842932323147402 ], [ -122.322087037575002, 47.842879148309002 ], [ -122.322324774101006, 47.842654803692596 ], [ -122.322334678535, 47.842645456529901 ], [ -122.322424748437996, 47.842560545358801 ], [ -122.322685207891993, 47.842315140386702 ], [ -122.322940819268993, 47.842074185286002 ], [ -122.322999983404998, 47.842018409439298 ], [ -122.323400710989006, 47.8416396682751 ], [ -122.323431924526005, 47.841610167577898 ], [ -122.323553345912003, 47.841488324109001 ], [ -122.323672767949006, 47.841351997919197 ], [ -122.323779242441006, 47.841212419277802 ], [ -122.323870562303995, 47.841073267557498 ], [ -122.323870728090995, 47.841073270792997 ], [ -122.324003031586074, 47.840854664301013 ], [ -122.324064710502, 47.840895442569803 ], [ -122.324919243390994, 47.840886435807398 ], [ -122.326479497272999, 47.840880886924097 ], [ -122.327044855840995, 47.840889523300298 ], [ -122.327277741163002, 47.840897276450001 ], [ -122.327517931683005, 47.8409111876094 ], [ -122.327636310157999, 47.840920351461499 ], [ -122.328415190022994, 47.840988997213103 ], [ -122.328542384689001, 47.841003785124201 ], [ -122.329427541694002, 47.841138469114199 ], [ -122.330308280918999, 47.841155299581601 ], [ -122.330325698487997, 47.842057523171398 ], [ -122.330349260025997, 47.8428552142013 ], [ -122.330351230405995, 47.8429233948182 ], [ -122.332919592810995, 47.842987239038898 ], [ -122.334773138607005, 47.843033254364101 ], [ -122.335924092029003, 47.843061830284597 ], [ -122.335913237330999, 47.843793394512403 ], [ -122.335909816197997, 47.844008942345098 ], [ -122.335898759852, 47.844733568766202 ], [ -122.335979567199004, 47.844763610943502 ], [ -122.335978828858998, 47.844825915010297 ], [ -122.335993770061634, 47.844831462640265 ], [ -122.335993768796001, 47.844831545555898 ], [ -122.336299875259996, 47.8449452521292 ], [ -122.336709896742377, 47.845097556675697 ], [ -122.336776287700005, 47.845163830886598 ], [ -122.336858578728993, 47.845262487671498 ], [ -122.336927761506999, 47.845365601609103 ], [ -122.336983304618002, 47.845472407858999 ], [ -122.337017922650006, 47.845559952812899 ], [ -122.337048141300997, 47.845671290591298 ], [ -122.337063631204998, 47.8457839367248 ], [ -122.337065415679007, 47.845880482254898 ], [ -122.337037344953004, 47.8459483725578 ], [ -122.337025201794006, 47.846003628998297 ], [ -122.337021780599002, 47.846061169025504 ], [ -122.337027977545006, 47.846116784233097 ], [ -122.337043318469995, 47.846171679120197 ], [ -122.337071546537004, 47.846231973875298 ], [ -122.33696568773, 47.846233623711598 ], [ -122.337060768851998, 47.846316773999902 ], [ -122.337435876260997, 47.846644903679199 ], [ -122.337444674120235, 47.846644938374524 ], [ -122.337451030829001, 47.846650492660203 ], [ -122.338733055508996, 47.846655601248997 ], [ -122.339221739188005, 47.846657544145401 ], [ -122.339035617193005, 47.846854990825499 ], [ -122.338976129657993, 47.846919750142099 ], [ -122.339167998736997, 47.846920479273699 ], [ -122.339402653069001, 47.846922833095597 ], [ -122.339537838788729, 47.846924372325518 ], [ -122.339130168460997, 47.8473206870475 ], [ -122.338677083543999, 47.847813955488 ], [ -122.338334845725996, 47.848284683309103 ], [ -122.338103808829004, 47.848639726255101 ], [ -122.338050584797998, 47.848700579298097 ], [ -122.337769115472994, 47.849019953333297 ], [ -122.337366727998003, 47.849471419370097 ], [ -122.337099373800996, 47.849803716627399 ], [ -122.336727612822997, 47.850223072874698 ], [ -122.335266001890005, 47.850215979534298 ], [ -122.335171447744003, 47.850572650319599 ], [ -122.335012640958993, 47.850855874621899 ], [ -122.334740831215001, 47.851210845789701 ], [ -122.334426666591995, 47.851896694914103 ], [ -122.333675324067997, 47.853716259601399 ], [ -122.333168037446995, 47.853748364569398 ], [ -122.333017744615006, 47.853728400464703 ], [ -122.332537413314995, 47.853724160730799 ], [ -122.332148723946005, 47.853701580282099 ], [ -122.331405744966005, 47.853595727808099 ], [ -122.330932627386005, 47.853471083132199 ], [ -122.330445433242005, 47.853282184708902 ], [ -122.329604647650001, 47.852945647324702 ], [ -122.329297430978002, 47.8527992880461 ], [ -122.328976793866005, 47.852629025000098 ], [ -122.328743174810995, 47.852474246448303 ], [ -122.328376656423998, 47.852108017896001 ], [ -122.327702839085006, 47.851044889580201 ], [ -122.327591045483004, 47.850805829122699 ], [ -122.327529770824, 47.850517523878999 ], [ -122.327623764378004, 47.849733720314802 ], [ -122.327624001751076, 47.84972126703007 ] ] ] } },
{ "type": "Feature", "properties": { "precinct": "1422", "name": "Lynnwood 19" }, "geometry": { "type": "MultiPolygon", "coordinates": [ [ [ [ -122.319567461515007, 47.844753174431098 ], [ -122.319634154116997, 47.844752992733 ], [ -122.319674884034001, 47.844752891318599 ], [ -122.319701359459003, 47.844752889789703 ], [ -122.319728850340994, 47.844752789588398 ], [ -122.320027188154, 47.844752079815002 ], [ -122.320490479927997, 47.844751023326502 ], [ -122.320979225383994, 47.844749890071903 ], [ -122.321386515005003, 47.844748958767497 ], [ -122.321716419067002, 47.844748176384002 ], [ -122.322289675357993, 47.844746794368497 ], [ -122.322344655958005, 47.844746506368402 ], [ -122.322370103625005, 47.844746174864703 ], [ -122.322916185820006, 47.844738202436702 ], [ -122.323096863066993, 47.844735762287101 ], [ -122.323180860039997, 47.844735352984003 ], [ -122.323707760871002, 47.844733111604803 ], [ -122.324318657250004, 47.844730456776098 ], [ -122.324807374168003, 47.8447282792877 ], [ -122.324849627117999, 47.844728070694899 ], [ -122.324850136071007, 47.844728064053697 ], [ -122.324906644646006, 47.844727841244001 ], [ -122.324931590738998, 47.844727772998702 ], [ -122.324931358113844, 47.844733436532877 ], [ -122.324921693885997, 47.844733479653101 ], [ -122.324864840071996, 47.844733733062299 ], [ -122.324864520730003, 47.8447337345305 ], [ -122.324822470276004, 47.844733921594198 ], [ -122.324333468540004, 47.844736095654703 ], [ -122.323722522300997, 47.8447387395044 ], [ -122.323195577001997, 47.844741017503303 ], [ -122.323111574688994, 47.844741381005697 ], [ -122.322930916675006, 47.844743793936203 ], [ -122.322385052756005, 47.8447517851695 ], [ -122.322359409881003, 47.844752159700697 ], [ -122.322304493746003, 47.844752412682297 ], [ -122.321731117319004, 47.8447538026209 ], [ -122.321401262758997, 47.844754588892897 ], [ -122.320994035346999, 47.844755548218203 ], [ -122.320505360715003, 47.844756684202203 ], [ -122.320041894105003, 47.844757751110997 ], [ -122.319744032466005, 47.844758431334498 ], [ -122.319716075496004, 47.8447584953188 ], [ -122.319689604440995, 47.844758556167001 ], [ -122.319648878292995, 47.844758649440301 ], [ -122.319582647158001, 47.844758799956701 ], [ -122.319506428932996, 47.8447589741345 ], [ -122.319509922253076, 47.844753922564401 ], [ -122.319567461515007, 47.844753174431098 ] ] ], [ [ [ -122.325012534460996, 47.844745053126999 ], [ -122.325073181259, 47.8447470890871 ], [ -122.325474769124, 47.844760355648802 ], [ -122.325825905553998, 47.844771966712699 ], [ -122.325861586556002, 47.844773385461998 ], [ -122.326146459167006, 47.844782433312602 ], [ -122.326377826428995, 47.844789864700701 ], [ -122.326727422698994, 47.844801064011897 ], [ -122.327326731225, 47.844820223842298 ], [ -122.327631992112998, 47.844830028851099 ], [ -122.327729791588993, 47.844831492239202 ], [ -122.327829119059004, 47.844833021027199 ], [ -122.328145438700005, 47.844837882537497 ], [ -122.328380257929993, 47.844841409073403 ], [ -122.328970619673001, 47.844850480410997 ], [ -122.329565563540996, 47.844859488722904 ], [ -122.329686285829993, 47.844861335869801 ], [ -122.330011774387003, 47.844866328574597 ], [ -122.330290908628996, 47.844870556448697 ], [ -122.330331659579997, 47.844871222815698 ], [ -122.330332002887133, 47.844876614132836 ], [ -122.330305613178993, 47.844876212285598 ], [ -122.330026820371003, 47.844871962877903 ], [ -122.329701112075, 47.844866998273702 ], [ -122.329580454120006, 47.844865158393901 ], [ -122.328985691476007, 47.844856089300698 ], [ -122.328395100275003, 47.844847081301303 ], [ -122.328160507980996, 47.844843501445297 ], [ -122.327844122456, 47.844838674115799 ], [ -122.327744731161005, 47.844837156968197 ], [ -122.327647055175007, 47.844835666787397 ], [ -122.327341756430002, 47.844825894691702 ], [ -122.326742120692003, 47.844806698718997 ], [ -122.326392575358994, 47.8447955068753 ], [ -122.326161279633993, 47.844788101565001 ], [ -122.325876452992006, 47.844778981176702 ], [ -122.325840875501996, 47.844777630348297 ], [ -122.325489912335001, 47.844766005365202 ], [ -122.325088279309, 47.844752704352302 ], [ -122.325027273472003, 47.844750683879397 ], [ -122.324945922558001, 47.844747989692998 ], [ -122.324946059329548, 47.844742847061816 ], [ -122.325012534460996, 47.844745053126999 ] ] ], [ [ [ -122.327623764378004, 47.849733720314802 ], [ -122.327537757729004, 47.849629449879302 ], [ -122.327489288937002, 47.849555535832202 ], [ -122.327427252766, 47.849487883948001 ], [ -122.327352662237999, 47.849426307343897 ], [ -122.327265524816994, 47.849371064081602 ], [ -122.327169860797312, 47.849325435945836 ], [ -122.327182406784004, 47.8493298777734 ], [ -122.327280254792996, 47.849376701263097 ], [ -122.327367855131001, 47.849431960958903 ], [ -122.327442434868004, 47.849493533201198 ], [ -122.327504260476999, 47.8495612049268 ], [ -122.327552944502003, 47.849635073878503 ], [ -122.327624001751076, 47.84972126703007 ], [ -122.327623764378004, 47.849733720314802 ] ] ] ] } },
{ "type": "Feature", "properties": { "precinct": "1391", "name": "Edmonds 24" }, "geometry": { "type": "Polygon", "coordinates": [ [ [ -122.334397252350996, 47.859596365932198 ], [ -122.333102701184004, 47.859440524843599 ], [ -122.330994271592999, 47.8595121188973 ], [ -122.330943334606005, 47.859511843320199 ], [ -122.330930602231007, 47.859511839168597 ], [ -122.330826180301003, 47.8595112358447 ], [ -122.330721759506005, 47.859510717872098 ], [ -122.330477263996002, 47.859509463914499 ], [ -122.329169206092999, 47.859502592219499 ], [ -122.328358749878007, 47.859584740610899 ], [ -122.327991607371999, 47.859622015966202 ], [ -122.327041984330208, 47.859334068728934 ], [ -122.326694240674996, 47.859167319621598 ], [ -122.326498996629994, 47.8590735267355 ], [ -122.326343624638994, 47.858998886079704 ], [ -122.326340997719996, 47.8589976240686 ], [ -122.326183002023001, 47.858921723845597 ], [ -122.325449596284997, 47.858569392026403 ], [ -122.325449638345006, 47.858567650765103 ], [ -122.325369096163996, 47.858528921844197 ], [ -122.325288554129997, 47.858490193765697 ], [ -122.325314773516993, 47.857407609724902 ], [ -122.325314763438001, 47.857407259914801 ], [ -122.325313030898997, 47.857350232129797 ], [ -122.325311364406005, 47.857295403887299 ], [ -122.325244195367006, 47.856508204447898 ], [ -122.325218946671001, 47.856212290699801 ], [ -122.325205820264003, 47.856058455234603 ], [ -122.325187705285003, 47.855846143835599 ], [ -122.325162615229004, 47.855552095550102 ], [ -122.32514793912739, 47.855552159429308 ], [ -122.325147450084003, 47.8555464706793 ], [ -122.325141750363798, 47.855546496968103 ], [ -122.325122846476006, 47.855324992203897 ], [ -122.325109822664004, 47.855172380628701 ], [ -122.325097003348006, 47.855021854338297 ], [ -122.325084184391997, 47.854871337936203 ], [ -122.325069010679002, 47.854693545103203 ], [ -122.325049624098995, 47.854466377284801 ], [ -122.325030237689006, 47.8542392094581 ], [ -122.325001455329996, 47.853901783223101 ], [ -122.324986301145003, 47.853809106936097 ], [ -122.324981719820997, 47.853781093102697 ], [ -122.324977346010996, 47.8537543440885 ], [ -122.324968390896998, 47.853699581240001 ], [ -122.324963866144003, 47.853671906713998 ], [ -122.324956709207001, 47.853614932591903 ], [ -122.324939665246006, 47.853412548560598 ], [ -122.324938482415007, 47.853398488056399 ], [ -122.324919835873004, 47.853177116521699 ], [ -122.324912465451007, 47.853157230916999 ], [ -122.324906189971998, 47.853056327142603 ], [ -122.324898513311993, 47.852932897838699 ], [ -122.324899049324998, 47.852930533011097 ], [ -122.324896439845006, 47.852899559872903 ], [ -122.324879168611005, 47.852694465616501 ], [ -122.324874542111004, 47.852639538332397 ], [ -122.324867620556006, 47.852557360821699 ], [ -122.324860698582, 47.8524751680226 ], [ -122.324858721197003, 47.852451662257103 ], [ -122.324858244127995, 47.8524460028421 ], [ -122.324846899248001, 47.852311215443997 ], [ -122.324838814594003, 47.852215147189803 ], [ -122.324835210898996, 47.852172064099399 ], [ -122.324816936169, 47.851955126276799 ], [ -122.324798327853998, 47.851734024984502 ], [ -122.324786985646, 47.851599226745499 ], [ -122.324775276218006, 47.851460074765001 ], [ -122.324757038984004, 47.851243354137203 ], [ -122.324732448388005, 47.850951264785401 ], [ -122.324726685152001, 47.850882795446303 ], [ -122.324720920700003, 47.850814329720897 ], [ -122.324701286552994, 47.850581106266098 ], [ -122.324697417197001, 47.850535147934202 ], [ -122.324676990384006, 47.850292397322299 ], [ -122.324672527809, 47.8502391564218 ], [ -122.324670266127995, 47.850212176530398 ], [ -122.324666843453997, 47.850157361268401 ], [ -122.324667596048997, 47.850102550010199 ], [ -122.324667971921002, 47.8500750832143 ], [ -122.324676249036003, 47.8497902439724 ], [ -122.324682225074, 47.849584509918401 ], [ -122.324688201065996, 47.849378775860202 ], [ -122.324693678073004, 47.849190199959097 ], [ -122.324700131464994, 47.848968048376101 ], [ -122.324700801586005, 47.848940265578896 ], [ -122.324702143074006, 47.848884650490298 ], [ -122.324703545705006, 47.848826517540601 ], [ -122.324704205865999, 47.848799131593701 ], [ -122.324745929651996, 47.8488042402887 ], [ -122.324820710668007, 47.848823841022501 ], [ -122.324907335158002, 47.848846546401397 ], [ -122.326850159531006, 47.849248107224597 ], [ -122.326967144872995, 47.849265540392203 ], [ -122.327077950684995, 47.8492928957495 ], [ -122.327169860797312, 47.849325435945836 ], [ -122.327265524816994, 47.849371064081602 ], [ -122.327352662237999, 47.849426307343897 ], [ -122.327427252766, 47.849487883948001 ], [ -122.327489288937002, 47.849555535832202 ], [ -122.327537757729004, 47.849629449879302 ], [ -122.327623764378004, 47.849733720314802 ], [ -122.327529770824, 47.850517523878999 ], [ -122.327591045483004, 47.850805829122699 ], [ -122.327702839085006, 47.851044889580201 ], [ -122.328376656423998, 47.852108017896001 ], [ -122.328743174810995, 47.852474246448303 ], [ -122.328976793866005, 47.852629025000098 ], [ -122.329297430978002, 47.8527992880461 ], [ -122.329604647650001, 47.852945647324702 ], [ -122.330445433242005, 47.853282184708902 ], [ -122.330932627386005, 47.853471083132199 ], [ -122.331405744966005, 47.853595727808099 ], [ -122.332148723946005, 47.853701580282099 ], [ -122.332537413314995, 47.853724160730799 ], [ -122.333017744615006, 47.853728400464703 ], [ -122.333168037446995, 47.853748364569398 ], [ -122.333675324067997, 47.853716259601399 ], [ -122.334426666591995, 47.851896694914103 ], [ -122.334740831215001, 47.851210845789701 ], [ -122.335012640958993, 47.850855874621899 ], [ -122.335171447744003, 47.850572650319599 ], [ -122.335266001890005, 47.850215979534298 ], [ -122.336727612822997, 47.850223072874698 ], [ -122.336530382120998, 47.850445281350801 ], [ -122.336067755756005, 47.851155536893401 ], [ -122.335635308348998, 47.851748003701601 ], [ -122.335344185913996, 47.852385224540399 ], [ -122.335329494107995, 47.852422948703101 ], [ -122.335838041304001, 47.8525050372712 ], [ -122.335973818856004, 47.852498625162298 ], [ -122.336054534964006, 47.852174097395299 ], [ -122.33695242942153, 47.852272004856232 ], [ -122.336947324552995, 47.852281930604804 ], [ -122.336900661808997, 47.852372661376499 ], [ -122.336864424751994, 47.852446156386101 ], [ -122.336785754982003, 47.852610395737102 ], [ -122.336750750536766, 47.852687992360998 ], [ -122.335285386224996, 47.852535006105199 ], [ -122.335050053608995, 47.853129678956698 ], [ -122.334811997925001, 47.853753519483803 ], [ -122.334688983527997, 47.8543056712602 ], [ -122.334591579332994, 47.854792793945599 ], [ -122.334466787248004, 47.855318920027102 ], [ -122.334417334177004, 47.855756228384401 ], [ -122.334366618990998, 47.856167590944203 ], [ -122.334315902971994, 47.856578952566103 ], [ -122.334304126361005, 47.856998457041698 ], [ -122.334361302651004, 47.857512768674198 ], [ -122.334342688644995, 47.8577315138957 ], [ -122.334379553600002, 47.858072148255602 ], [ -122.334540161003005, 47.858605581102999 ], [ -122.334695767734004, 47.859071814887201 ], [ -122.334724304228004, 47.8591777776941 ], [ -122.334397252350996, 47.859596365932198 ] ] ] } },
{ "type": "Feature", "properties": { "precinct": "4040", "name": "Meadowdale" }, "geometry": { "type": "MultiPolygon", "coordinates": [ [ [ [ -122.325147450084003, 47.8555464706793 ], [ -122.32514793912739, 47.855552159429308 ], [ -122.325142235734006, 47.855552184253902 ], [ -122.325141750363798, 47.855546496968103 ], [ -122.325147450084003, 47.8555464706793 ] ] ], [ [ [ -122.327991607371999, 47.859622015966202 ], [ -122.328358749878007, 47.859584740610899 ], [ -122.329169206092999, 47.859502592219499 ], [ -122.330477263996002, 47.859509463914499 ], [ -122.330721759506005, 47.859510717872098 ], [ -122.330826180301003, 47.8595112358447 ], [ -122.330930602231007, 47.859511839168597 ], [ -122.330943334606005, 47.859511843320199 ], [ -122.330994271592999, 47.8595121188973 ], [ -122.333102701184004, 47.859440524843599 ], [ -122.334397252350996, 47.859596365932198 ], [ -122.334724304228004, 47.8591777776941 ], [ -122.334729324779843, 47.859196334739075 ], [ -122.334412363807999, 47.859602034790697 ], [ -122.333117659230993, 47.859446167061002 ], [ -122.331009401794006, 47.8595177626907 ], [ -122.330958289910001, 47.859517494807498 ], [ -122.330945657344003, 47.8595174290773 ], [ -122.330841061911997, 47.859516882012798 ], [ -122.330736466483003, 47.8595163348527 ], [ -122.330492153370997, 47.859515056942399 ], [ -122.329184098499994, 47.859508205139399 ], [ -122.328373816558994, 47.8595903747335 ], [ -122.328006735260999, 47.8596276421341 ], [ -122.327048268550001, 47.859337082121201 ], [ -122.327041984330208, 47.859334068728934 ], [ -122.327991607371999, 47.859622015966202 ] ] ] ] } }
]
}
