COUNTY COUNCIL DISTRICT 1 Council District 1,Nate Nehring,Total,-1,19204
COUNTY COUNCIL DISTRICT 1 Council District 1,WRITE-IN,Total,-1,1843
COUNTY COUNCIL DISTRICT 1 Council District 1,Nate Nehring,MARYSVILLE  1,1047,81
COUNTY COUNCIL DISTRICT 1 Council District 1,WRITE-IN,MARYSVILLE  1,1047,12
COUNTY COUNCIL DISTRICT 1 Council District 1,Nate Nehring,MARYSVILLE  2,1048,54
COUNTY COUNCIL DISTRICT 1 Council District 1,WRITE-IN,MARYSVILLE  2,1048,5
COUNTY COUNCIL DISTRICT 1 Council District 1,Nate Nehring,ARLINGTON  1,1049,121
COUNTY COUNCIL DISTRICT 1 Council District 1,WRITE-IN,ARLINGTON  1,1049,15
COUNTY COUNCIL DISTRICT 1 Council District 1,Nate Nehring,ARLINGTON  2,1050,91
COUNTY COUNCIL DISTRICT 1 Council District 1,WRITE-IN,ARLINGTON  2,1050,12
COUNTY COUNCIL DISTRICT 1 Council District 1,Nate Nehring,ARLINGTON  3,1051,80
COUNTY COUNCIL DISTRICT 1 Council District 1,WRITE-IN,ARLINGTON  3,1051,22
COUNTY COUNCIL DISTRICT 1 Council District 1,Nate Nehring,MARYSVILLE  4,1128,98
COUNTY COUNCIL DISTRICT 1 Council District 1,WRITE-IN,MARYSVILLE  4,1128,19
COUNTY COUNCIL DISTRICT 1 Council District 1,Nate Nehring,MARYSVILLE  6,1129,128
COUNTY COUNCIL DISTRICT 1 Council District 1,WRITE-IN,MARYSVILLE  6,1129,14
COUNTY COUNCIL DISTRICT 1 Council District 1,Nate Nehring,ARLINGTON  4,1130,78
COUNTY COUNCIL DISTRICT 1 Council District 1,WRITE-IN,ARLINGTON  4,1130,2
COUNTY COUNCIL DISTRICT 1 Council District 1,Nate Nehring,STANWOOD 1,1199,66
COUNTY COUNCIL DISTRICT 1 Council District 1,WRITE-IN,STANWOOD 1,1199,10
COUNTY COUNCIL DISTRICT 1 Council District 1,Nate Nehring,STANWOOD 2,1200,127
COUNTY COUNCIL DISTRICT 1 Council District 1,WRITE-IN,STANWOOD 2,1200,12
COUNTY COUNCIL DISTRICT 1 Council District 1,Nate Nehring,MARYSVILLE  3,1261,150
COUNTY COUNCIL DISTRICT 1 Council District 1,WRITE-IN,MARYSVILLE  3,1261,7
COUNTY COUNCIL DISTRICT 1 Council District 1,Nate Nehring,MARYSVILLE  9,1299,50
COUNTY COUNCIL DISTRICT 1 Council District 1,WRITE-IN,MARYSVILLE  9,1299,6
COUNTY COUNCIL DISTRICT 1 Council District 1,Nate Nehring,MARYSVILLE 11,1342,173
COUNTY COUNCIL DISTRICT 1 Council District 1,WRITE-IN,MARYSVILLE 11,1342,16
COUNTY COUNCIL DISTRICT 1 Council District 1,Nate Nehring,MARYSVILLE  7,1350,117
COUNTY COUNCIL DISTRICT 1 Council District 1,WRITE-IN,MARYSVILLE  7,1350,23
COUNTY COUNCIL DISTRICT 1 Council District 1,Nate Nehring,MARYSVILLE  8,1351,141
COUNTY COUNCIL DISTRICT 1 Council District 1,WRITE-IN,MARYSVILLE  8,1351,16
COUNTY COUNCIL DISTRICT 1 Council District 1,Nate Nehring,GRANITE FALLS 1,1384,117
COUNTY COUNCIL DISTRICT 1 Council District 1,WRITE-IN,GRANITE FALLS 1,1384,13
COUNTY COUNCIL DISTRICT 1 Council District 1,Nate Nehring,GRANITE FALLS 2,1385,106
COUNTY COUNCIL DISTRICT 1 Council District 1,WRITE-IN,GRANITE FALLS 2,1385,6
COUNTY COUNCIL DISTRICT 1 Council District 1,Nate Nehring,ARLINGTON  5,1386,184
COUNTY COUNCIL DISTRICT 1 Council District 1,WRITE-IN,ARLINGTON  5,1386,19
COUNTY COUNCIL DISTRICT 1 Council District 1,Nate Nehring,MARYSVILLE  5,1428,209
COUNTY COUNCIL DISTRICT 1 Council District 1,WRITE-IN,MARYSVILLE  5,1428,19
COUNTY COUNCIL DISTRICT 1 Council District 1,Nate Nehring,MARYSVILLE 10,1429,107
COUNTY COUNCIL DISTRICT 1 Council District 1,WRITE-IN,MARYSVILLE 10,1429,21
COUNTY COUNCIL DISTRICT 1 Council District 1,Nate Nehring,MARYSVILLE 13,1430,137
COUNTY COUNCIL DISTRICT 1 Council District 1,WRITE-IN,MARYSVILLE 13,1430,8
COUNTY COUNCIL DISTRICT 1 Council District 1,Nate Nehring,MARYSVILLE 15,1465,164
COUNTY COUNCIL DISTRICT 1 Council District 1,WRITE-IN,MARYSVILLE 15,1465,18
COUNTY COUNCIL DISTRICT 1 Council District 1,Nate Nehring,MARYSVILLE 16,1466,146
COUNTY COUNCIL DISTRICT 1 Council District 1,WRITE-IN,MARYSVILLE 16,1466,19
COUNTY COUNCIL DISTRICT 1 Council District 1,Nate Nehring,MARYSVILLE 17,1467,164
COUNTY COUNCIL DISTRICT 1 Council District 1,WRITE-IN,MARYSVILLE 17,1467,15
COUNTY COUNCIL DISTRICT 1 Council District 1,Nate Nehring,MARYSVILLE 18,1468,128
COUNTY COUNCIL DISTRICT 1 Council District 1,WRITE-IN,MARYSVILLE 18,1468,15
COUNTY COUNCIL DISTRICT 1 Council District 1,Nate Nehring,MARYSVILLE 19,1494,219
COUNTY COUNCIL DISTRICT 1 Council District 1,WRITE-IN,MARYSVILLE 19,1494,13
COUNTY COUNCIL DISTRICT 1 Council District 1,Nate Nehring,ARLINGTON  6,1498,93
COUNTY COUNCIL DISTRICT 1 Council District 1,WRITE-IN,ARLINGTON  6,1498,4
COUNTY COUNCIL DISTRICT 1 Council District 1,Nate Nehring,ARLINGTON  7,1499,138
COUNTY COUNCIL DISTRICT 1 Council District 1,WRITE-IN,ARLINGTON  7,1499,9
COUNTY COUNCIL DISTRICT 1 Council District 1,Nate Nehring,MARYSVILLE 20,1504,131
COUNTY COUNCIL DISTRICT 1 Council District 1,WRITE-IN,MARYSVILLE 20,1504,11
COUNTY COUNCIL DISTRICT 1 Council District 1,Nate Nehring,STANWOOD 3,1509,136
COUNTY COUNCIL DISTRICT 1 Council District 1,WRITE-IN,STANWOOD 3,1509,15
COUNTY COUNCIL DISTRICT 1 Council District 1,Nate Nehring,ARLINGTON  8,1518,171
COUNTY COUNCIL DISTRICT 1 Council District 1,WRITE-IN,ARLINGTON  8,1518,9
COUNTY COUNCIL DISTRICT 1 Council District 1,Nate Nehring,MARYSVILLE 21,1540,142
COUNTY COUNCIL DISTRICT 1 Council District 1,WRITE-IN,MARYSVILLE 21,1540,22
COUNTY COUNCIL DISTRICT 1 Council District 1,Nate Nehring,MARYSVILLE 22,1541,174
COUNTY COUNCIL DISTRICT 1 Council District 1,WRITE-IN,MARYSVILLE 22,1541,23
COUNTY COUNCIL DISTRICT 1 Council District 1,Nate Nehring,MARYSVILLE 23,1542,82
COUNTY COUNCIL DISTRICT 1 Council District 1,WRITE-IN,MARYSVILLE 23,1542,11
COUNTY COUNCIL DISTRICT 1 Council District 1,Nate Nehring,MARYSVILLE 24,1543,137
COUNTY COUNCIL DISTRICT 1 Council District 1,WRITE-IN,MARYSVILLE 24,1543,8
COUNTY COUNCIL DISTRICT 1 Council District 1,Nate Nehring,MARYSVILLE 26,1544,160
COUNTY COUNCIL DISTRICT 1 Council District 1,WRITE-IN,MARYSVILLE 26,1544,19
COUNTY COUNCIL DISTRICT 1 Council District 1,Nate Nehring,ARLINGTON  9,1569,76
COUNTY COUNCIL DISTRICT 1 Council District 1,WRITE-IN,ARLINGTON  9,1569,4
COUNTY COUNCIL DISTRICT 1 Council District 1,Nate Nehring,ARLINGTON 10,1570,70
COUNTY COUNCIL DISTRICT 1 Council District 1,WRITE-IN,ARLINGTON 10,1570,4
COUNTY COUNCIL DISTRICT 1 Council District 1,Nate Nehring,MARYSVILLE 27,1571,136
COUNTY COUNCIL DISTRICT 1 Council District 1,WRITE-IN,MARYSVILLE 27,1571,3
COUNTY COUNCIL DISTRICT 1 Council District 1,Nate Nehring,MARYSVILLE 28,1572,109
COUNTY COUNCIL DISTRICT 1 Council District 1,WRITE-IN,MARYSVILLE 28,1572,8
COUNTY COUNCIL DISTRICT 1 Council District 1,Nate Nehring,ARLINGTON 11,1574,80
COUNTY COUNCIL DISTRICT 1 Council District 1,WRITE-IN,ARLINGTON 11,1574,7
COUNTY COUNCIL DISTRICT 1 Council District 1,Nate Nehring,MARYSVILLE 14,1628,93
COUNTY COUNCIL DISTRICT 1 Council District 1,WRITE-IN,MARYSVILLE 14,1628,10
COUNTY COUNCIL DISTRICT 1 Council District 1,Nate Nehring,ARLINGTON 12,1636,78
COUNTY COUNCIL DISTRICT 1 Council District 1,WRITE-IN,ARLINGTON 12,1636,7
COUNTY COUNCIL DISTRICT 1 Council District 1,Nate Nehring,DARRINGTON,1637,123
COUNTY COUNCIL DISTRICT 1 Council District 1,WRITE-IN,DARRINGTON,1637,22
COUNTY COUNCIL DISTRICT 1 Council District 1,Nate Nehring,STANWOOD 4,1641,225
COUNTY COUNCIL DISTRICT 1 Council District 1,WRITE-IN,STANWOOD 4,1641,21
COUNTY COUNCIL DISTRICT 1 Council District 1,Nate Nehring,ARLINGTON 13,1643,145
COUNTY COUNCIL DISTRICT 1 Council District 1,WRITE-IN,ARLINGTON 13,1643,0
COUNTY COUNCIL DISTRICT 1 Council District 1,Nate Nehring,MARYSVILLE 25,1650,66
COUNTY COUNCIL DISTRICT 1 Council District 1,WRITE-IN,MARYSVILLE 25,1650,18
COUNTY COUNCIL DISTRICT 1 Council District 1,Nate Nehring,MARYSVILLE 29,1651,63
COUNTY COUNCIL DISTRICT 1 Council District 1,WRITE-IN,MARYSVILLE 29,1651,5
COUNTY COUNCIL DISTRICT 1 Council District 1,Nate Nehring,ARLINGTON 14,1661,140
COUNTY COUNCIL DISTRICT 1 Council District 1,WRITE-IN,ARLINGTON 14,1661,8
COUNTY COUNCIL DISTRICT 1 Council District 1,Nate Nehring,STANWOOD 5,1669,144
COUNTY COUNCIL DISTRICT 1 Council District 1,WRITE-IN,STANWOOD 5,1669,14
COUNTY COUNCIL DISTRICT 1 Council District 1,Nate Nehring,GRANITE FALLS 3,1670,75
COUNTY COUNCIL DISTRICT 1 Council District 1,WRITE-IN,GRANITE FALLS 3,1670,6
COUNTY COUNCIL DISTRICT 1 Council District 1,Nate Nehring,MARYSVILLE 12,1676,153
COUNTY COUNCIL DISTRICT 1 Council District 1,WRITE-IN,MARYSVILLE 12,1676,18
COUNTY COUNCIL DISTRICT 1 Council District 1,Nate Nehring,MARYSVILLE 30,1677,141
COUNTY COUNCIL DISTRICT 1 Council District 1,WRITE-IN,MARYSVILLE 30,1677,9
COUNTY COUNCIL DISTRICT 1 Council District 1,Nate Nehring,MARYSVILLE 31,1678,82
COUNTY COUNCIL DISTRICT 1 Council District 1,WRITE-IN,MARYSVILLE 31,1678,28
COUNTY COUNCIL DISTRICT 1 Council District 1,Nate Nehring,MARYSVILLE 32,1679,122
COUNTY COUNCIL DISTRICT 1 Council District 1,WRITE-IN,MARYSVILLE 32,1679,23
COUNTY COUNCIL DISTRICT 1 Council District 1,Nate Nehring,MARYSVILLE 33,1680,0
COUNTY COUNCIL DISTRICT 1 Council District 1,WRITE-IN,MARYSVILLE 33,1680,0
COUNTY COUNCIL DISTRICT 1 Council District 1,Nate Nehring,ARLINGTON 15,1686,117
COUNTY COUNCIL DISTRICT 1 Council District 1,WRITE-IN,ARLINGTON 15,1686,14
COUNTY COUNCIL DISTRICT 1 Council District 1,Nate Nehring,ARLINGTON 16,1687,95
COUNTY COUNCIL DISTRICT 1 Council District 1,WRITE-IN,ARLINGTON 16,1687,13
COUNTY COUNCIL DISTRICT 1 Council District 1,Nate Nehring,MARYSVILLE 34,1701,110
COUNTY COUNCIL DISTRICT 1 Council District 1,WRITE-IN,MARYSVILLE 34,1701,8
COUNTY COUNCIL DISTRICT 1 Council District 1,Nate Nehring,STANWOOD 6,1711,125
COUNTY COUNCIL DISTRICT 1 Council District 1,WRITE-IN,STANWOOD 6,1711,8
COUNTY COUNCIL DISTRICT 1 Council District 1,Nate Nehring,STANWOOD 7,1712,87
COUNTY COUNCIL DISTRICT 1 Council District 1,WRITE-IN,STANWOOD 7,1712,6
COUNTY COUNCIL DISTRICT 1 Council District 1,Nate Nehring,MARYSVILLE 35,1728,127
COUNTY COUNCIL DISTRICT 1 Council District 1,WRITE-IN,MARYSVILLE 35,1728,8
COUNTY COUNCIL DISTRICT 1 Council District 1,Nate Nehring,MARYSVILLE 36,1729,105
COUNTY COUNCIL DISTRICT 1 Council District 1,WRITE-IN,MARYSVILLE 36,1729,7
COUNTY COUNCIL DISTRICT 1 Council District 1,Nate Nehring,MARYSVILLE 37,1730,130
COUNTY COUNCIL DISTRICT 1 Council District 1,WRITE-IN,MARYSVILLE 37,1730,14
COUNTY COUNCIL DISTRICT 1 Council District 1,Nate Nehring,MARYSVILLE 38,1731,106
COUNTY COUNCIL DISTRICT 1 Council District 1,WRITE-IN,MARYSVILLE 38,1731,4
COUNTY COUNCIL DISTRICT 1 Council District 1,Nate Nehring,MARYSVILLE 39,1732,109
COUNTY COUNCIL DISTRICT 1 Council District 1,WRITE-IN,MARYSVILLE 39,1732,8
COUNTY COUNCIL DISTRICT 1 Council District 1,Nate Nehring,MARYSVILLE 40,1733,136
COUNTY COUNCIL DISTRICT 1 Council District 1,WRITE-IN,MARYSVILLE 40,1733,7
COUNTY COUNCIL DISTRICT 1 Council District 1,Nate Nehring,MARYSVILLE 41,1734,81
COUNTY COUNCIL DISTRICT 1 Council District 1,WRITE-IN,MARYSVILLE 41,1734,10
COUNTY COUNCIL DISTRICT 1 Council District 1,Nate Nehring,MARYSVILLE 42,1735,130
COUNTY COUNCIL DISTRICT 1 Council District 1,WRITE-IN,MARYSVILLE 42,1735,10
COUNTY COUNCIL DISTRICT 1 Council District 1,Nate Nehring,MARYSVILLE 43,1736,151
COUNTY COUNCIL DISTRICT 1 Council District 1,WRITE-IN,MARYSVILLE 43,1736,10
COUNTY COUNCIL DISTRICT 1 Council District 1,Nate Nehring,MARYSVILLE 44,1737,81
COUNTY COUNCIL DISTRICT 1 Council District 1,WRITE-IN,MARYSVILLE 44,1737,14
COUNTY COUNCIL DISTRICT 1 Council District 1,Nate Nehring,MARYSVILLE 45,1738,142
COUNTY COUNCIL DISTRICT 1 Council District 1,WRITE-IN,MARYSVILLE 45,1738,14
COUNTY COUNCIL DISTRICT 1 Council District 1,Nate Nehring,MARYSVILLE 46,1739,180
COUNTY COUNCIL DISTRICT 1 Council District 1,WRITE-IN,MARYSVILLE 46,1739,17
COUNTY COUNCIL DISTRICT 1 Council District 1,Nate Nehring,MARYSVILLE 47,1740,163
COUNTY COUNCIL DISTRICT 1 Council District 1,WRITE-IN,MARYSVILLE 47,1740,18
COUNTY COUNCIL DISTRICT 1 Council District 1,Nate Nehring,MARYSVILLE 48,1741,121
COUNTY COUNCIL DISTRICT 1 Council District 1,WRITE-IN,MARYSVILLE 48,1741,14
COUNTY COUNCIL DISTRICT 1 Council District 1,Nate Nehring,MARYSVILLE 49,1742,122
COUNTY COUNCIL DISTRICT 1 Council District 1,WRITE-IN,MARYSVILLE 49,1742,11
COUNTY COUNCIL DISTRICT 1 Council District 1,Nate Nehring,MARYSVILLE 50,1743,135
COUNTY COUNCIL DISTRICT 1 Council District 1,WRITE-IN,MARYSVILLE 50,1743,17
COUNTY COUNCIL DISTRICT 1 Council District 1,Nate Nehring,MARYSVILLE 51,1744,71
COUNTY COUNCIL DISTRICT 1 Council District 1,WRITE-IN,MARYSVILLE 51,1744,14
COUNTY COUNCIL DISTRICT 1 Council District 1,Nate Nehring,MARYSVILLE 52,1745,81
COUNTY COUNCIL DISTRICT 1 Council District 1,WRITE-IN,MARYSVILLE 52,1745,16
COUNTY COUNCIL DISTRICT 1 Council District 1,Nate Nehring,MARYSVILLE 53,1746,100
COUNTY COUNCIL DISTRICT 1 Council District 1,WRITE-IN,MARYSVILLE 53,1746,8
COUNTY COUNCIL DISTRICT 1 Council District 1,Nate Nehring,MARYSVILLE 54,1747,92
COUNTY COUNCIL DISTRICT 1 Council District 1,WRITE-IN,MARYSVILLE 54,1747,10
COUNTY COUNCIL DISTRICT 1 Council District 1,Nate Nehring,MARYSVILLE 55,1748,85
COUNTY COUNCIL DISTRICT 1 Council District 1,WRITE-IN,MARYSVILLE 55,1748,10
COUNTY COUNCIL DISTRICT 1 Council District 1,Nate Nehring,ARLINGTON 17,1751,1
COUNTY COUNCIL DISTRICT 1 Council District 1,WRITE-IN,ARLINGTON 17,1751,0
COUNTY COUNCIL DISTRICT 1 Council District 1,Nate Nehring,ARLINGTON 18,1760,12
COUNTY COUNCIL DISTRICT 1 Council District 1,WRITE-IN,ARLINGTON 18,1760,2
COUNTY COUNCIL DISTRICT 1 Council District 1,Nate Nehring,MARYSVILLE 56,1766,153
COUNTY COUNCIL DISTRICT 1 Council District 1,WRITE-IN,MARYSVILLE 56,1766,15
COUNTY COUNCIL DISTRICT 1 Council District 1,Nate Nehring,MARYSVILLE 57,1767,45
COUNTY COUNCIL DISTRICT 1 Council District 1,WRITE-IN,MARYSVILLE 57,1767,5
COUNTY COUNCIL DISTRICT 1 Council District 1,Nate Nehring,MARYSVILLE 58,1768,70
COUNTY COUNCIL DISTRICT 1 Council District 1,WRITE-IN,MARYSVILLE 58,1768,6
COUNTY COUNCIL DISTRICT 1 Council District 1,Nate Nehring,MARYSVILLE 59,1769,77
COUNTY COUNCIL DISTRICT 1 Council District 1,WRITE-IN,MARYSVILLE 59,1769,11
COUNTY COUNCIL DISTRICT 1 Council District 1,Nate Nehring,MARYSVILLE 60,1770,93
COUNTY COUNCIL DISTRICT 1 Council District 1,WRITE-IN,MARYSVILLE 60,1770,5
COUNTY COUNCIL DISTRICT 1 Council District 1,Nate Nehring,GRANITE FALLS 4,1778,29
COUNTY COUNCIL DISTRICT 1 Council District 1,WRITE-IN,GRANITE FALLS 4,1778,0
COUNTY COUNCIL DISTRICT 1 Council District 1,Nate Nehring,MARYSVILLE 61,1780,86
COUNTY COUNCIL DISTRICT 1 Council District 1,WRITE-IN,MARYSVILLE 61,1780,5
COUNTY COUNCIL DISTRICT 1 Council District 1,Nate Nehring,ARLINGTON 19,1794,77
COUNTY COUNCIL DISTRICT 1 Council District 1,WRITE-IN,ARLINGTON 19,1794,9
COUNTY COUNCIL DISTRICT 1 Council District 1,Nate Nehring,MARYSVILLE 62,1795,83
COUNTY COUNCIL DISTRICT 1 Council District 1,WRITE-IN,MARYSVILLE 62,1795,9
COUNTY COUNCIL DISTRICT 1 Council District 1,Nate Nehring,MARYSVILLE 63,1797,71
COUNTY COUNCIL DISTRICT 1 Council District 1,WRITE-IN,MARYSVILLE 63,1797,13
COUNTY COUNCIL DISTRICT 1 Council District 1,Nate Nehring,MARYSVILLE 64,1799,63
COUNTY COUNCIL DISTRICT 1 Council District 1,WRITE-IN,MARYSVILLE 64,1799,9
COUNTY COUNCIL DISTRICT 1 Council District 1,Nate Nehring,MARYSVILLE 65,1814,107
COUNTY COUNCIL DISTRICT 1 Council District 1,WRITE-IN,MARYSVILLE 65,1814,2
COUNTY COUNCIL DISTRICT 1 Council District 1,Nate Nehring,ARLINGTON 20,1821,127
COUNTY COUNCIL DISTRICT 1 Council District 1,WRITE-IN,ARLINGTON 20,1821,8
COUNTY COUNCIL DISTRICT 1 Council District 1,Nate Nehring,MARYSVILLE 66,1823,112
COUNTY COUNCIL DISTRICT 1 Council District 1,WRITE-IN,MARYSVILLE 66,1823,8
COUNTY COUNCIL DISTRICT 1 Council District 1,Nate Nehring,MARYSVILLE 67,1825,45
COUNTY COUNCIL DISTRICT 1 Council District 1,WRITE-IN,MARYSVILLE 67,1825,5
COUNTY COUNCIL DISTRICT 1 Council District 1,Nate Nehring,ARLINGTON 21,1827,0
COUNTY COUNCIL DISTRICT 1 Council District 1,WRITE-IN,ARLINGTON 21,1827,0
COUNTY COUNCIL DISTRICT 1 Council District 1,Nate Nehring,MARYSVILLE 68,1831,79
COUNTY COUNCIL DISTRICT 1 Council District 1,WRITE-IN,MARYSVILLE 68,1831,6
COUNTY COUNCIL DISTRICT 1 Council District 1,Nate Nehring,MARYSVILLE 69,1835,0
COUNTY COUNCIL DISTRICT 1 Council District 1,WRITE-IN,MARYSVILLE 69,1835,0
COUNTY COUNCIL DISTRICT 1 Council District 1,Nate Nehring,MARYSVILLE 70,1848,101
COUNTY COUNCIL DISTRICT 1 Council District 1,WRITE-IN,MARYSVILLE 70,1848,10
COUNTY COUNCIL DISTRICT 1 Council District 1,Nate Nehring,MARYSVILLE 71,1849,29
COUNTY COUNCIL DISTRICT 1 Council District 1,WRITE-IN,MARYSVILLE 71,1849,2
COUNTY COUNCIL DISTRICT 1 Council District 1,Nate Nehring,ARLINGTON 22,1850,94
COUNTY COUNCIL DISTRICT 1 Council District 1,WRITE-IN,ARLINGTON 22,1850,7
COUNTY COUNCIL DISTRICT 1 Council District 1,Nate Nehring,ARLINGTON 24,1859,25
COUNTY COUNCIL DISTRICT 1 Council District 1,WRITE-IN,ARLINGTON 24,1859,2
COUNTY COUNCIL DISTRICT 1 Council District 1,Nate Nehring,ARLINGTON 23,1860,78
COUNTY COUNCIL DISTRICT 1 Council District 1,WRITE-IN,ARLINGTON 23,1860,3
COUNTY COUNCIL DISTRICT 1 Council District 1,Nate Nehring,MARYSVILLE 72,1862,69
COUNTY COUNCIL DISTRICT 1 Council District 1,WRITE-IN,MARYSVILLE 72,1862,6
COUNTY COUNCIL DISTRICT 1 Council District 1,Nate Nehring,MARYSVILLE 73,1863,73
COUNTY COUNCIL DISTRICT 1 Council District 1,WRITE-IN,MARYSVILLE 73,1863,4
COUNTY COUNCIL DISTRICT 1 Council District 1,Nate Nehring,ARLINGTON 25,1864,33
COUNTY COUNCIL DISTRICT 1 Council District 1,WRITE-IN,ARLINGTON 25,1864,2
COUNTY COUNCIL DISTRICT 1 Council District 1,Nate Nehring,GRANITE FALLS 5,1866,43
COUNTY COUNCIL DISTRICT 1 Council District 1,WRITE-IN,GRANITE FALLS 5,1866,6
COUNTY COUNCIL DISTRICT 1 Council District 1,Nate Nehring,STANWOOD 8,1870,75
COUNTY COUNCIL DISTRICT 1 Council District 1,WRITE-IN,STANWOOD 8,1870,18
COUNTY COUNCIL DISTRICT 1 Council District 1,Nate Nehring,FLORENCE,4002,32
COUNTY COUNCIL DISTRICT 1 Council District 1,WRITE-IN,FLORENCE,4002,10
COUNTY COUNCIL DISTRICT 1 Council District 1,Nate Nehring,PORT SUSAN,4004,231
COUNTY COUNCIL DISTRICT 1 Council District 1,WRITE-IN,PORT SUSAN,4004,21
COUNTY COUNCIL DISTRICT 1 Council District 1,Nate Nehring,NORDEN,4011,61
COUNTY COUNCIL DISTRICT 1 Council District 1,WRITE-IN,NORDEN,4011,6
COUNTY COUNCIL DISTRICT 1 Council District 1,Nate Nehring,TRAFTON,4015,52
COUNTY COUNCIL DISTRICT 1 Council District 1,WRITE-IN,TRAFTON,4015,14
COUNTY COUNCIL DISTRICT 1 Council District 1,Nate Nehring,BOULDER,4016,86
COUNTY COUNCIL DISTRICT 1 Council District 1,WRITE-IN,BOULDER,4016,7
COUNTY COUNCIL DISTRICT 1 Council District 1,Nate Nehring,PACKWOOD,4020,84
COUNTY COUNCIL DISTRICT 1 Council District 1,WRITE-IN,PACKWOOD,4020,10
COUNTY COUNCIL DISTRICT 1 Council District 1,Nate Nehring,BRYANT,4021,39
COUNTY COUNCIL DISTRICT 1 Council District 1,WRITE-IN,BRYANT,4021,3
COUNTY COUNCIL DISTRICT 1 Council District 1,Nate Nehring,CEDARHOME,4022,151
COUNTY COUNCIL DISTRICT 1 Council District 1,WRITE-IN,CEDARHOME,4022,15
COUNTY COUNCIL DISTRICT 1 Council District 1,Nate Nehring,EDGECOMB,4023,60
COUNTY COUNCIL DISTRICT 1 Council District 1,WRITE-IN,EDGECOMB,4023,3
COUNTY COUNCIL DISTRICT 1 Council District 1,Nate Nehring,CLIFF,4025,129
COUNTY COUNCIL DISTRICT 1 Council District 1,WRITE-IN,CLIFF,4025,11
COUNTY COUNCIL DISTRICT 1 Council District 1,Nate Nehring,ARMSTRONG,4027,106
COUNTY COUNCIL DISTRICT 1 Council District 1,WRITE-IN,ARMSTRONG,4027,4
COUNTY COUNCIL DISTRICT 1 Council District 1,Nate Nehring,GREGORY,4028,82
COUNTY COUNCIL DISTRICT 1 Council District 1,WRITE-IN,GREGORY,4028,13
COUNTY COUNCIL DISTRICT 1 Council District 1,Nate Nehring,STANBY,4030,35
COUNTY COUNCIL DISTRICT 1 Council District 1,WRITE-IN,STANBY,4030,1
COUNTY COUNCIL DISTRICT 1 Council District 1,Nate Nehring,HARTFORD,4033,51
COUNTY COUNCIL DISTRICT 1 Council District 1,WRITE-IN,HARTFORD,4033,2
COUNTY COUNCIL DISTRICT 1 Council District 1,Nate Nehring,HAZEL,4034,120
COUNTY COUNCIL DISTRICT 1 Council District 1,WRITE-IN,HAZEL,4034,10
COUNTY COUNCIL DISTRICT 1 Council District 1,Nate Nehring,ROBE,4035,60
COUNTY COUNCIL DISTRICT 1 Council District 1,WRITE-IN,ROBE,4035,16
COUNTY COUNCIL DISTRICT 1 Council District 1,Nate Nehring,SILVANA,4037,84
COUNTY COUNCIL DISTRICT 1 Council District 1,WRITE-IN,SILVANA,4037,9
COUNTY COUNCIL DISTRICT 1 Council District 1,Nate Nehring,LOCHSLOY,4042,124
COUNTY COUNCIL DISTRICT 1 Council District 1,WRITE-IN,LOCHSLOY,4042,6
COUNTY COUNCIL DISTRICT 1 Council District 1,Nate Nehring,SUNNYSIDE,4044,29
COUNTY COUNCIL DISTRICT 1 Council District 1,WRITE-IN,SUNNYSIDE,4044,1
COUNTY COUNCIL DISTRICT 1 Council District 1,Nate Nehring,JIM CREEK,4053,103
COUNTY COUNCIL DISTRICT 1 Council District 1,WRITE-IN,JIM CREEK,4053,11
COUNTY COUNCIL DISTRICT 1 Council District 1,Nate Nehring,OUTLOOK,4057,84
COUNTY COUNCIL DISTRICT 1 Council District 1,WRITE-IN,OUTLOOK,4057,7
COUNTY COUNCIL DISTRICT 1 Council District 1,Nate Nehring,OSO,4060,92
COUNTY COUNCIL DISTRICT 1 Council District 1,WRITE-IN,OSO,4060,11
COUNTY COUNCIL DISTRICT 1 Council District 1,Nate Nehring,LAKEWOOD,4061,120
COUNTY COUNCIL DISTRICT 1 Council District 1,WRITE-IN,LAKEWOOD,4061,12
COUNTY COUNCIL DISTRICT 1 Council District 1,Nate Nehring,NEWBERG,4069,105
COUNTY COUNCIL DISTRICT 1 Council District 1,WRITE-IN,NEWBERG,4069,8
COUNTY COUNCIL DISTRICT 1 Council District 1,Nate Nehring,VILLAGE,4073,93
COUNTY COUNCIL DISTRICT 1 Council District 1,WRITE-IN,VILLAGE,4073,9
COUNTY COUNCIL DISTRICT 1 Council District 1,Nate Nehring,LAKE GOODWIN,4087,138
COUNTY COUNCIL DISTRICT 1 Council District 1,WRITE-IN,LAKE GOODWIN,4087,15
COUNTY COUNCIL DISTRICT 1 Council District 1,Nate Nehring,ALMA,4151,16
COUNTY COUNCIL DISTRICT 1 Council District 1,WRITE-IN,ALMA,4151,5
COUNTY COUNCIL DISTRICT 1 Council District 1,Nate Nehring,LOMA,4167,149
COUNTY COUNCIL DISTRICT 1 Council District 1,WRITE-IN,LOMA,4167,13
COUNTY COUNCIL DISTRICT 1 Council District 1,Nate Nehring,SAUK,4211,68
COUNTY COUNCIL DISTRICT 1 Council District 1,WRITE-IN,SAUK,4211,13
COUNTY COUNCIL DISTRICT 1 Council District 1,Nate Nehring,BURN HILL,4264,61
COUNTY COUNCIL DISTRICT 1 Council District 1,WRITE-IN,BURN HILL,4264,4
COUNTY COUNCIL DISTRICT 1 Council District 1,Nate Nehring,SISCO,4270,113
COUNTY COUNCIL DISTRICT 1 Council District 1,WRITE-IN,SISCO,4270,10
COUNTY COUNCIL DISTRICT 1 Council District 1,Nate Nehring,PILCHUCK,4275,71
COUNTY COUNCIL DISTRICT 1 Council District 1,WRITE-IN,PILCHUCK,4275,10
COUNTY COUNCIL DISTRICT 1 Council District 1,Nate Nehring,KACKMAN,4296,87
COUNTY COUNCIL DISTRICT 1 Council District 1,WRITE-IN,KACKMAN,4296,11
COUNTY COUNCIL DISTRICT 1 Council District 1,Nate Nehring,RAILROAD,4318,45
COUNTY COUNCIL DISTRICT 1 Council District 1,WRITE-IN,RAILROAD,4318,4
COUNTY COUNCIL DISTRICT 1 Council District 1,Nate Nehring,ROWLAND,4319,103
COUNTY COUNCIL DISTRICT 1 Council District 1,WRITE-IN,ROWLAND,4319,12
COUNTY COUNCIL DISTRICT 1 Council District 1,Nate Nehring,SLEEPY HOLLOW,4321,93
COUNTY COUNCIL DISTRICT 1 Council District 1,WRITE-IN,SLEEPY HOLLOW,4321,7
COUNTY COUNCIL DISTRICT 1 Council District 1,Nate Nehring,THOMPSON,4323,170
COUNTY COUNCIL DISTRICT 1 Council District 1,WRITE-IN,THOMPSON,4323,13
COUNTY COUNCIL DISTRICT 1 Council District 1,Nate Nehring,TIMBER,4325,0
COUNTY COUNCIL DISTRICT 1 Council District 1,WRITE-IN,TIMBER,4325,0
COUNTY COUNCIL DISTRICT 1 Council District 1,Nate Nehring,TRONSON,4326,120
COUNTY COUNCIL DISTRICT 1 Council District 1,WRITE-IN,TRONSON,4326,3
COUNTY COUNCIL DISTRICT 1 Council District 1,Nate Nehring,WATERS,4332,197
COUNTY COUNCIL DISTRICT 1 Council District 1,WRITE-IN,WATERS,4332,12
COUNTY COUNCIL DISTRICT 1 Council District 1,Nate Nehring,WILLOW,4335,111
COUNTY COUNCIL DISTRICT 1 Council District 1,WRITE-IN,WILLOW,4335,5
COUNTY COUNCIL DISTRICT 1 Council District 1,Nate Nehring,HEIGHTS,4347,100
COUNTY COUNCIL DISTRICT 1 Council District 1,WRITE-IN,HEIGHTS,4347,8
COUNTY COUNCIL DISTRICT 1 Council District 1,Nate Nehring,MCRAE,4352,115
COUNTY COUNCIL DISTRICT 1 Council District 1,WRITE-IN,MCRAE,4352,4
COUNTY COUNCIL DISTRICT 1 Council District 1,Nate Nehring,RONCREST,4360,48
COUNTY COUNCIL DISTRICT 1 Council District 1,WRITE-IN,RONCREST,4360,3
COUNTY COUNCIL DISTRICT 1 Council District 1,Nate Nehring,STRAUS,4363,160
COUNTY COUNCIL DISTRICT 1 Council District 1,WRITE-IN,STRAUS,4363,19
COUNTY COUNCIL DISTRICT 1 Council District 1,Nate Nehring,LOOP,4374,55
COUNTY COUNCIL DISTRICT 1 Council District 1,WRITE-IN,LOOP,4374,6
COUNTY COUNCIL DISTRICT 1 Council District 1,Nate Nehring,GETCHELL,4416,85
COUNTY COUNCIL DISTRICT 1 Council District 1,WRITE-IN,GETCHELL,4416,8
COUNTY COUNCIL DISTRICT 1 Council District 1,Nate Nehring,PORTAGE,4433,57
COUNTY COUNCIL DISTRICT 1 Council District 1,WRITE-IN,PORTAGE,4433,4
COUNTY COUNCIL DISTRICT 1 Council District 1,Nate Nehring,SPADA,4439,2
COUNTY COUNCIL DISTRICT 1 Council District 1,WRITE-IN,SPADA,4439,0
COUNTY COUNCIL DISTRICT 1 Council District 1,Nate Nehring,HAPPY VALLEY,4457,71
COUNTY COUNCIL DISTRICT 1 Council District 1,WRITE-IN,HAPPY VALLEY,4457,11
COUNTY COUNCIL DISTRICT 1 Council District 1,Nate Nehring,MENZEL,4470,96
COUNTY COUNCIL DISTRICT 1 Council District 1,WRITE-IN,MENZEL,4470,9
COUNTY COUNCIL DISTRICT 1 Council District 1,Nate Nehring,SHOECRAFT,4483,201
COUNTY COUNCIL DISTRICT 1 Council District 1,WRITE-IN,SHOECRAFT,4483,12
COUNTY COUNCIL DISTRICT 1 Council District 1,Nate Nehring,WENBERG,4488,153
COUNTY COUNCIL DISTRICT 1 Council District 1,WRITE-IN,WENBERG,4488,8
COUNTY COUNCIL DISTRICT 1 Council District 1,Nate Nehring,STILLAGUAMISH,4496,25
COUNTY COUNCIL DISTRICT 1 Council District 1,WRITE-IN,STILLAGUAMISH,4496,5
COUNTY COUNCIL DISTRICT 1 Council District 1,Nate Nehring,LAKE HOWARD,4502,150
COUNTY COUNCIL DISTRICT 1 Council District 1,WRITE-IN,LAKE HOWARD,4502,17
COUNTY COUNCIL DISTRICT 1 Council District 1,Nate Nehring,JORDAN TRAILS,4515,39
COUNTY COUNCIL DISTRICT 1 Council District 1,WRITE-IN,JORDAN TRAILS,4515,6
COUNTY COUNCIL DISTRICT 1 Council District 1,Nate Nehring,PILOT,4517,65
COUNTY COUNCIL DISTRICT 1 Council District 1,WRITE-IN,PILOT,4517,7
COUNTY COUNCIL DISTRICT 1 Council District 1,Nate Nehring,ARNOT,4519,66
COUNTY COUNCIL DISTRICT 1 Council District 1,WRITE-IN,ARNOT,4519,7
COUNTY COUNCIL DISTRICT 1 Council District 1,Nate Nehring,BOSWORTH,4521,65
COUNTY COUNCIL DISTRICT 1 Council District 1,WRITE-IN,BOSWORTH,4521,5
COUNTY COUNCIL DISTRICT 1 Council District 1,Nate Nehring,CASSIDY,4522,104
COUNTY COUNCIL DISTRICT 1 Council District 1,WRITE-IN,CASSIDY,4522,6
COUNTY COUNCIL DISTRICT 1 Council District 1,Nate Nehring,FIRTREE,4529,57
COUNTY COUNCIL DISTRICT 1 Council District 1,WRITE-IN,FIRTREE,4529,7
COUNTY COUNCIL DISTRICT 1 Council District 1,Nate Nehring,HUCKLEBERRY,4533,49
COUNTY COUNCIL DISTRICT 1 Council District 1,WRITE-IN,HUCKLEBERRY,4533,4
COUNTY COUNCIL DISTRICT 1 Council District 1,Nate Nehring,MCDONALD,4545,105
COUNTY COUNCIL DISTRICT 1 Council District 1,WRITE-IN,MCDONALD,4545,8
COUNTY COUNCIL DISTRICT 1 Council District 1,Nate Nehring,SANDMAN,4555,71
COUNTY COUNCIL DISTRICT 1 Council District 1,WRITE-IN,SANDMAN,4555,6
COUNTY COUNCIL DISTRICT 1 Council District 1,Nate Nehring,TRANGEN,4557,93
COUNTY COUNCIL DISTRICT 1 Council District 1,WRITE-IN,TRANGEN,4557,7
COUNTY COUNCIL DISTRICT 1 Council District 1,Nate Nehring,AIRPARK,4573,100
COUNTY COUNCIL DISTRICT 1 Council District 1,WRITE-IN,AIRPARK,4573,6
COUNTY COUNCIL DISTRICT 1 Council District 1,Nate Nehring,JORDAN BRIDGE,4583,34
COUNTY COUNCIL DISTRICT 1 Council District 1,WRITE-IN,JORDAN BRIDGE,4583,1
COUNTY COUNCIL DISTRICT 1 Council District 1,Nate Nehring,KAYAK,4638,149
COUNTY COUNCIL DISTRICT 1 Council District 1,WRITE-IN,KAYAK,4638,9
COUNTY COUNCIL DISTRICT 1 Council District 1,Nate Nehring,HENNING,4647,177
COUNTY COUNCIL DISTRICT 1 Council District 1,WRITE-IN,HENNING,4647,17
COUNTY COUNCIL DISTRICT 1 Council District 1,Nate Nehring,MCFARLAND,4681,107
COUNTY COUNCIL DISTRICT 1 Council District 1,WRITE-IN,MCFARLAND,4681,8
COUNTY COUNCIL DISTRICT 1 Council District 1,Nate Nehring,SILVANA TERRACE,4682,71
COUNTY COUNCIL DISTRICT 1 Council District 1,WRITE-IN,SILVANA TERRACE,4682,7
COUNTY COUNCIL DISTRICT 1 Council District 1,Nate Nehring,STAR CREEK,4683,74
COUNTY COUNCIL DISTRICT 1 Council District 1,WRITE-IN,STAR CREEK,4683,4
COUNTY COUNCIL DISTRICT 1 Council District 1,Nate Nehring,KETCHUM,4700,152
COUNTY COUNCIL DISTRICT 1 Council District 1,WRITE-IN,KETCHUM,4700,25
COUNTY COUNCIL DISTRICT 1 Council District 1,Nate Nehring,ROSE,4708,115
COUNTY COUNCIL DISTRICT 1 Council District 1,WRITE-IN,ROSE,4708,5
COUNTY COUNCIL DISTRICT 1 Council District 1,Nate Nehring,SUNDAY LAKE,4714,207
COUNTY COUNCIL DISTRICT 1 Council District 1,WRITE-IN,SUNDAY LAKE,4714,13
COUNTY COUNCIL DISTRICT 1 Council District 1,Nate Nehring,NORTH FORK,4759,48
COUNTY COUNCIL DISTRICT 1 Council District 1,WRITE-IN,NORTH FORK,4759,2
COUNTY COUNCIL DISTRICT 1 Council District 1,Nate Nehring,SOUTH LAKE GOODWIN,4779,80
COUNTY COUNCIL DISTRICT 1 Council District 1,WRITE-IN,SOUTH LAKE GOODWIN,4779,5
COUNTY COUNCIL DISTRICT 1 Council District 1,Nate Nehring,TREE FARM,4816,79
COUNTY COUNCIL DISTRICT 1 Council District 1,WRITE-IN,TREE FARM,4816,10
COUNTY COUNCIL DISTRICT 1 Council District 1,Nate Nehring,GLENMORE,4832,66
COUNTY COUNCIL DISTRICT 1 Council District 1,WRITE-IN,GLENMORE,4832,3
COUNTY COUNCIL DISTRICT 1 Council District 1,Nate Nehring,MCELROY,4834,39
COUNTY COUNCIL DISTRICT 1 Council District 1,WRITE-IN,MCELROY,4834,1
COUNTY COUNCIL DISTRICT 1 Council District 1,Nate Nehring,BURN,4836,41
COUNTY COUNCIL DISTRICT 1 Council District 1,WRITE-IN,BURN,4836,4
COUNTY COUNCIL DISTRICT 1 Council District 1,Nate Nehring,EAGLE,4837,14
COUNTY COUNCIL DISTRICT 1 Council District 1,WRITE-IN,EAGLE,4837,1
COUNTY COUNCIL DISTRICT 1 Council District 1,Nate Nehring,MCPHERSON,4838,11
COUNTY COUNCIL DISTRICT 1 Council District 1,WRITE-IN,MCPHERSON,4838,1
COUNTY COUNCIL DISTRICT 1 Council District 1,Nate Nehring,FINN,4851,77
COUNTY COUNCIL DISTRICT 1 Council District 1,WRITE-IN,FINN,4851,4
COUNTY COUNCIL DISTRICT 1 Council District 1,Nate Nehring,CANYON CREEK,4858,43
COUNTY COUNCIL DISTRICT 1 Council District 1,WRITE-IN,CANYON CREEK,4858,2
COUNTY COUNCIL DISTRICT 1 Council District 1,Nate Nehring,FREEDOM,4867,80
COUNTY COUNCIL DISTRICT 1 Council District 1,WRITE-IN,FREEDOM,4867,10
COUNTY COUNCIL DISTRICT 4 Council District 4,Jared Mead,Total,-1,16427
COUNTY COUNCIL DISTRICT 4 Council District 4,WRITE-IN,Total,-1,920
COUNTY COUNCIL DISTRICT 4 Council District 4,Jared Mead,MOUNTLAKE TERRACE  1,1090,166
COUNTY COUNCIL DISTRICT 4 Council District 4,WRITE-IN,MOUNTLAKE TERRACE  1,1090,5
COUNTY COUNCIL DISTRICT 4 Council District 4,Jared Mead,MOUNTLAKE TERRACE  2,1091,125
COUNTY COUNCIL DISTRICT 4 Council District 4,WRITE-IN,MOUNTLAKE TERRACE  2,1091,3
COUNTY COUNCIL DISTRICT 4 Council District 4,Jared Mead,MOUNTLAKE TERRACE  3,1092,134
COUNTY COUNCIL DISTRICT 4 Council District 4,WRITE-IN,MOUNTLAKE TERRACE  3,1092,5
COUNTY COUNCIL DISTRICT 4 Council District 4,Jared Mead,MOUNTLAKE TERRACE  5,1093,150
COUNTY COUNCIL DISTRICT 4 Council District 4,WRITE-IN,MOUNTLAKE TERRACE  5,1093,8
COUNTY COUNCIL DISTRICT 4 Council District 4,Jared Mead,MOUNTLAKE TERRACE  6,1094,131
COUNTY COUNCIL DISTRICT 4 Council District 4,WRITE-IN,MOUNTLAKE TERRACE  6,1094,5
COUNTY COUNCIL DISTRICT 4 Council District 4,Jared Mead,MOUNTLAKE TERRACE  7,1095,72
COUNTY COUNCIL DISTRICT 4 Council District 4,WRITE-IN,MOUNTLAKE TERRACE  7,1095,3
COUNTY COUNCIL DISTRICT 4 Council District 4,Jared Mead,MOUNTLAKE TERRACE  8,1096,127
COUNTY COUNCIL DISTRICT 4 Council District 4,WRITE-IN,MOUNTLAKE TERRACE  8,1096,5
COUNTY COUNCIL DISTRICT 4 Council District 4,Jared Mead,MOUNTLAKE TERRACE  9,1097,116
COUNTY COUNCIL DISTRICT 4 Council District 4,WRITE-IN,MOUNTLAKE TERRACE  9,1097,7
COUNTY COUNCIL DISTRICT 4 Council District 4,Jared Mead,MOUNTLAKE TERRACE 10,1137,197
COUNTY COUNCIL DISTRICT 4 Council District 4,WRITE-IN,MOUNTLAKE TERRACE 10,1137,7
COUNTY COUNCIL DISTRICT 4 Council District 4,Jared Mead,MOUNTLAKE TERRACE 11,1138,128
COUNTY COUNCIL DISTRICT 4 Council District 4,WRITE-IN,MOUNTLAKE TERRACE 11,1138,7
COUNTY COUNCIL DISTRICT 4 Council District 4,Jared Mead,MOUNTLAKE TERRACE 12,1139,164
COUNTY COUNCIL DISTRICT 4 Council District 4,WRITE-IN,MOUNTLAKE TERRACE 12,1139,6
COUNTY COUNCIL DISTRICT 4 Council District 4,Jared Mead,MOUNTLAKE TERRACE 13,1140,186
COUNTY COUNCIL DISTRICT 4 Council District 4,WRITE-IN,MOUNTLAKE TERRACE 13,1140,2
COUNTY COUNCIL DISTRICT 4 Council District 4,Jared Mead,MOUNTLAKE TERRACE 14,1141,171
COUNTY COUNCIL DISTRICT 4 Council District 4,WRITE-IN,MOUNTLAKE TERRACE 14,1141,10
COUNTY COUNCIL DISTRICT 4 Council District 4,Jared Mead,MOUNTLAKE TERRACE 15,1142,124
COUNTY COUNCIL DISTRICT 4 Council District 4,WRITE-IN,MOUNTLAKE TERRACE 15,1142,4
COUNTY COUNCIL DISTRICT 4 Council District 4,Jared Mead,BRIER 1,1179,126
COUNTY COUNCIL DISTRICT 4 Council District 4,WRITE-IN,BRIER 1,1179,12
COUNTY COUNCIL DISTRICT 4 Council District 4,Jared Mead,BRIER 2,1180,127
COUNTY COUNCIL DISTRICT 4 Council District 4,WRITE-IN,BRIER 2,1180,7
COUNTY COUNCIL DISTRICT 4 Council District 4,Jared Mead,BRIER 3,1181,135
COUNTY COUNCIL DISTRICT 4 Council District 4,WRITE-IN,BRIER 3,1181,7
COUNTY COUNCIL DISTRICT 4 Council District 4,Jared Mead,MOUNTLAKE TERRACE 17,1189,180
COUNTY COUNCIL DISTRICT 4 Council District 4,WRITE-IN,MOUNTLAKE TERRACE 17,1189,6
COUNTY COUNCIL DISTRICT 4 Council District 4,Jared Mead,MOUNTLAKE TERRACE 18,1190,153
COUNTY COUNCIL DISTRICT 4 Council District 4,WRITE-IN,MOUNTLAKE TERRACE 18,1190,8
COUNTY COUNCIL DISTRICT 4 Council District 4,Jared Mead,MOUNTLAKE TERRACE 19,1191,176
COUNTY COUNCIL DISTRICT 4 Council District 4,WRITE-IN,MOUNTLAKE TERRACE 19,1191,12
COUNTY COUNCIL DISTRICT 4 Council District 4,Jared Mead,BRIER 4,1276,129
COUNTY COUNCIL DISTRICT 4 Council District 4,WRITE-IN,BRIER 4,1276,11
COUNTY COUNCIL DISTRICT 4 Council District 4,Jared Mead,BRIER 5,1277,132
COUNTY COUNCIL DISTRICT 4 Council District 4,WRITE-IN,BRIER 5,1277,6
COUNTY COUNCIL DISTRICT 4 Council District 4,Jared Mead,MILL CREEK  1,1301,141
COUNTY COUNCIL DISTRICT 4 Council District 4,WRITE-IN,MILL CREEK  1,1301,4
COUNTY COUNCIL DISTRICT 4 Council District 4,Jared Mead,MILL CREEK  2,1302,97
COUNTY COUNCIL DISTRICT 4 Council District 4,WRITE-IN,MILL CREEK  2,1302,15
COUNTY COUNCIL DISTRICT 4 Council District 4,Jared Mead,MILL CREEK  3,1303,70
COUNTY COUNCIL DISTRICT 4 Council District 4,WRITE-IN,MILL CREEK  3,1303,8
COUNTY COUNCIL DISTRICT 4 Council District 4,Jared Mead,MILL CREEK  4,1304,137
COUNTY COUNCIL DISTRICT 4 Council District 4,WRITE-IN,MILL CREEK  4,1304,4
COUNTY COUNCIL DISTRICT 4 Council District 4,Jared Mead,BRIER 6,1343,115
COUNTY COUNCIL DISTRICT 4 Council District 4,WRITE-IN,BRIER 6,1343,2
COUNTY COUNCIL DISTRICT 4 Council District 4,Jared Mead,BRIER 7,1344,102
COUNTY COUNCIL DISTRICT 4 Council District 4,WRITE-IN,BRIER 7,1344,4
COUNTY COUNCIL DISTRICT 4 Council District 4,Jared Mead,MILL CREEK  5,1353,183
COUNTY COUNCIL DISTRICT 4 Council District 4,WRITE-IN,MILL CREEK  5,1353,4
COUNTY COUNCIL DISTRICT 4 Council District 4,Jared Mead,MILL CREEK  6,1354,116
COUNTY COUNCIL DISTRICT 4 Council District 4,WRITE-IN,MILL CREEK  6,1354,10
COUNTY COUNCIL DISTRICT 4 Council District 4,Jared Mead,MILL CREEK  7,1367,7
COUNTY COUNCIL DISTRICT 4 Council District 4,WRITE-IN,MILL CREEK  7,1367,0
COUNTY COUNCIL DISTRICT 4 Council District 4,Jared Mead,MILL CREEK  8,1376,150
COUNTY COUNCIL DISTRICT 4 Council District 4,WRITE-IN,MILL CREEK  8,1376,11
COUNTY COUNCIL DISTRICT 4 Council District 4,Jared Mead,MILL CREEK  9,1377,157
COUNTY COUNCIL DISTRICT 4 Council District 4,WRITE-IN,MILL CREEK  9,1377,5
COUNTY COUNCIL DISTRICT 4 Council District 4,Jared Mead,MOUNTLAKE TERRACE  4,1432,129
COUNTY COUNCIL DISTRICT 4 Council District 4,WRITE-IN,MOUNTLAKE TERRACE  4,1432,1
COUNTY COUNCIL DISTRICT 4 Council District 4,Jared Mead,MILL CREEK 10,1472,80
COUNTY COUNCIL DISTRICT 4 Council District 4,WRITE-IN,MILL CREEK 10,1472,6
COUNTY COUNCIL DISTRICT 4 Council District 4,Jared Mead,MILL CREEK 11,1473,91
COUNTY COUNCIL DISTRICT 4 Council District 4,WRITE-IN,MILL CREEK 11,1473,5
COUNTY COUNCIL DISTRICT 4 Council District 4,Jared Mead,MILL CREEK 12,1495,68
COUNTY COUNCIL DISTRICT 4 Council District 4,WRITE-IN,MILL CREEK 12,1495,11
COUNTY COUNCIL DISTRICT 4 Council District 4,Jared Mead,MILL CREEK 13,1505,84
COUNTY COUNCIL DISTRICT 4 Council District 4,WRITE-IN,MILL CREEK 13,1505,4
COUNTY COUNCIL DISTRICT 4 Council District 4,Jared Mead,BOTHELL 31,1598,160
COUNTY COUNCIL DISTRICT 4 Council District 4,WRITE-IN,BOTHELL 31,1598,9
COUNTY COUNCIL DISTRICT 4 Council District 4,Jared Mead,BOTHELL 32,1599,107
COUNTY COUNCIL DISTRICT 4 Council District 4,WRITE-IN,BOTHELL 32,1599,8
COUNTY COUNCIL DISTRICT 4 Council District 4,Jared Mead,BOTHELL 33,1600,152
COUNTY COUNCIL DISTRICT 4 Council District 4,WRITE-IN,BOTHELL 33,1600,10
COUNTY COUNCIL DISTRICT 4 Council District 4,Jared Mead,BOTHELL 34,1601,187
COUNTY COUNCIL DISTRICT 4 Council District 4,WRITE-IN,BOTHELL 34,1601,9
COUNTY COUNCIL DISTRICT 4 Council District 4,Jared Mead,BOTHELL 35,1602,110
COUNTY COUNCIL DISTRICT 4 Council District 4,WRITE-IN,BOTHELL 35,1602,5
COUNTY COUNCIL DISTRICT 4 Council District 4,Jared Mead,BOTHELL 36,1603,125
COUNTY COUNCIL DISTRICT 4 Council District 4,WRITE-IN,BOTHELL 36,1603,5
COUNTY COUNCIL DISTRICT 4 Council District 4,Jared Mead,BOTHELL 37,1604,153
COUNTY COUNCIL DISTRICT 4 Council District 4,WRITE-IN,BOTHELL 37,1604,7
COUNTY COUNCIL DISTRICT 4 Council District 4,Jared Mead,BOTHELL 38,1605,139
COUNTY COUNCIL DISTRICT 4 Council District 4,WRITE-IN,BOTHELL 38,1605,4
COUNTY COUNCIL DISTRICT 4 Council District 4,Jared Mead,BOTHELL 39,1606,114
COUNTY COUNCIL DISTRICT 4 Council District 4,WRITE-IN,BOTHELL 39,1606,0
COUNTY COUNCIL DISTRICT 4 Council District 4,Jared Mead,BOTHELL 40,1607,161
COUNTY COUNCIL DISTRICT 4 Council District 4,WRITE-IN,BOTHELL 40,1607,4
COUNTY COUNCIL DISTRICT 4 Council District 4,Jared Mead,BOTHELL 41,1608,166
COUNTY COUNCIL DISTRICT 4 Council District 4,WRITE-IN,BOTHELL 41,1608,7
COUNTY COUNCIL DISTRICT 4 Council District 4,Jared Mead,BOTHELL 42,1609,165
COUNTY COUNCIL DISTRICT 4 Council District 4,WRITE-IN,BOTHELL 42,1609,9
COUNTY COUNCIL DISTRICT 4 Council District 4,Jared Mead,BOTHELL 43,1610,140
COUNTY COUNCIL DISTRICT 4 Council District 4,WRITE-IN,BOTHELL 43,1610,4
COUNTY COUNCIL DISTRICT 4 Council District 4,Jared Mead,BOTHELL 44,1611,107
COUNTY COUNCIL DISTRICT 4 Council District 4,WRITE-IN,BOTHELL 44,1611,9
COUNTY COUNCIL DISTRICT 4 Council District 4,Jared Mead,BOTHELL 45,1612,84
COUNTY COUNCIL DISTRICT 4 Council District 4,WRITE-IN,BOTHELL 45,1612,9
COUNTY COUNCIL DISTRICT 4 Council District 4,Jared Mead,BOTHELL 46,1613,164
COUNTY COUNCIL DISTRICT 4 Council District 4,WRITE-IN,BOTHELL 46,1613,2
COUNTY COUNCIL DISTRICT 4 Council District 4,Jared Mead,BRIER 8,1614,71
COUNTY COUNCIL DISTRICT 4 Council District 4,WRITE-IN,BRIER 8,1614,7
COUNTY COUNCIL DISTRICT 4 Council District 4,Jared Mead,MILL CREEK 14,1629,0
COUNTY COUNCIL DISTRICT 4 Council District 4,WRITE-IN,MILL CREEK 14,1629,0
COUNTY COUNCIL DISTRICT 4 Council District 4,Jared Mead,MOUNTLAKE TERRACE 16,1630,117
COUNTY COUNCIL DISTRICT 4 Council District 4,WRITE-IN,MOUNTLAKE TERRACE 16,1630,5
COUNTY COUNCIL DISTRICT 4 Council District 4,Jared Mead,MILL CREEK 15,1640,106
COUNTY COUNCIL DISTRICT 4 Council District 4,WRITE-IN,MILL CREEK 15,1640,6
COUNTY COUNCIL DISTRICT 4 Council District 4,Jared Mead,BOTHELL 47,1644,134
COUNTY COUNCIL DISTRICT 4 Council District 4,WRITE-IN,BOTHELL 47,1644,4
COUNTY COUNCIL DISTRICT 4 Council District 4,Jared Mead,MILL CREEK 16,1652,79
COUNTY COUNCIL DISTRICT 4 Council District 4,WRITE-IN,MILL CREEK 16,1652,5
COUNTY COUNCIL DISTRICT 4 Council District 4,Jared Mead,MILL CREEK 17,1665,102
COUNTY COUNCIL DISTRICT 4 Council District 4,WRITE-IN,MILL CREEK 17,1665,10
COUNTY COUNCIL DISTRICT 4 Council District 4,Jared Mead,MILL CREEK 18,1666,96
COUNTY COUNCIL DISTRICT 4 Council District 4,WRITE-IN,MILL CREEK 18,1666,8
COUNTY COUNCIL DISTRICT 4 Council District 4,Jared Mead,MILL CREEK 19,1667,91
COUNTY COUNCIL DISTRICT 4 Council District 4,WRITE-IN,MILL CREEK 19,1667,5
COUNTY COUNCIL DISTRICT 4 Council District 4,Jared Mead,MILL CREEK 20,1668,91
COUNTY COUNCIL DISTRICT 4 Council District 4,WRITE-IN,MILL CREEK 20,1668,6
COUNTY COUNCIL DISTRICT 4 Council District 4,Jared Mead,MILL CREEK 21,1702,66
COUNTY COUNCIL DISTRICT 4 Council District 4,WRITE-IN,MILL CREEK 21,1702,0
COUNTY COUNCIL DISTRICT 4 Council District 4,Jared Mead,MILL CREEK 22,1703,57
COUNTY COUNCIL DISTRICT 4 Council District 4,WRITE-IN,MILL CREEK 22,1703,7
COUNTY COUNCIL DISTRICT 4 Council District 4,Jared Mead,MILL CREEK 23,1771,103
COUNTY COUNCIL DISTRICT 4 Council District 4,WRITE-IN,MILL CREEK 23,1771,5
COUNTY COUNCIL DISTRICT 4 Council District 4,Jared Mead,MOUNTLAKE TERRACE 20,1787,46
COUNTY COUNCIL DISTRICT 4 Council District 4,WRITE-IN,MOUNTLAKE TERRACE 20,1787,1
COUNTY COUNCIL DISTRICT 4 Council District 4,Jared Mead,MOUNTLAKE TERRACE 21,1793,132
COUNTY COUNCIL DISTRICT 4 Council District 4,WRITE-IN,MOUNTLAKE TERRACE 21,1793,7
COUNTY COUNCIL DISTRICT 4 Council District 4,Jared Mead,BOTHELL 48,1807,98
COUNTY COUNCIL DISTRICT 4 Council District 4,WRITE-IN,BOTHELL 48,1807,5
COUNTY COUNCIL DISTRICT 4 Council District 4,Jared Mead,MILL CREEK 24,1865,49
COUNTY COUNCIL DISTRICT 4 Council District 4,WRITE-IN,MILL CREEK 24,1865,1
COUNTY COUNCIL DISTRICT 4 Council District 4,Jared Mead,FERNWOOD,4006,136
COUNTY COUNCIL DISTRICT 4 Council District 4,WRITE-IN,FERNWOOD,4006,12
COUNTY COUNCIL DISTRICT 4 Council District 4,Jared Mead,NORTH CREEK,4065,127
COUNTY COUNCIL DISTRICT 4 Council District 4,WRITE-IN,NORTH CREEK,4065,9
COUNTY COUNCIL DISTRICT 4 Council District 4,Jared Mead,LOCUST,4078,113
COUNTY COUNCIL DISTRICT 4 Council District 4,WRITE-IN,LOCUST,4078,11
COUNTY COUNCIL DISTRICT 4 Council District 4,Jared Mead,WILLOWDALE,4085,34
COUNTY COUNCIL DISTRICT 4 Council District 4,WRITE-IN,WILLOWDALE,4085,0
COUNTY COUNCIL DISTRICT 4 Council District 4,Jared Mead,HUNT,4089,0
COUNTY COUNCIL DISTRICT 4 Council District 4,WRITE-IN,HUNT,4089,0
COUNTY COUNCIL DISTRICT 4 Council District 4,Jared Mead,MERIDIAN,4136,129
COUNTY COUNCIL DISTRICT 4 Council District 4,WRITE-IN,MERIDIAN,4136,9
COUNTY COUNCIL DISTRICT 4 Council District 4,Jared Mead,VINE,4146,110
COUNTY COUNCIL DISTRICT 4 Council District 4,WRITE-IN,VINE,4146,5
COUNTY COUNCIL DISTRICT 4 Council District 4,Jared Mead,ELWOOD,4165,127
COUNTY COUNCIL DISTRICT 4 Council District 4,WRITE-IN,ELWOOD,4165,4
COUNTY COUNCIL DISTRICT 4 Council District 4,Jared Mead,FREEWAY,4166,107
COUNTY COUNCIL DISTRICT 4 Council District 4,WRITE-IN,FREEWAY,4166,3
COUNTY COUNCIL DISTRICT 4 Council District 4,Jared Mead,RAINIER,4171,55
COUNTY COUNCIL DISTRICT 4 Council District 4,WRITE-IN,RAINIER,4171,8
COUNTY COUNCIL DISTRICT 4 Council District 4,Jared Mead,ATLAS,4177,164
COUNTY COUNCIL DISTRICT 4 Council District 4,WRITE-IN,ATLAS,4177,1
COUNTY COUNCIL DISTRICT 4 Council District 4,Jared Mead,QUEENS,4212,68
COUNTY COUNCIL DISTRICT 4 Council District 4,WRITE-IN,QUEENS,4212,5
COUNTY COUNCIL DISTRICT 4 Council District 4,Jared Mead,WAXON,4213,125
COUNTY COUNCIL DISTRICT 4 Council District 4,WRITE-IN,WAXON,4213,7
COUNTY COUNCIL DISTRICT 4 Council District 4,Jared Mead,GRANNIS,4266,130
COUNTY COUNCIL DISTRICT 4 Council District 4,WRITE-IN,GRANNIS,4266,6
COUNTY COUNCIL DISTRICT 4 Council District 4,Jared Mead,SUNSET,4271,88
COUNTY COUNCIL DISTRICT 4 Council District 4,WRITE-IN,SUNSET,4271,5
COUNTY COUNCIL DISTRICT 4 Council District 4,Jared Mead,BROOK,4278,145
COUNTY COUNCIL DISTRICT 4 Council District 4,WRITE-IN,BROOK,4278,9
COUNTY COUNCIL DISTRICT 4 Council District 4,Jared Mead,CLOVER,4280,111
COUNTY COUNCIL DISTRICT 4 Council District 4,WRITE-IN,CLOVER,4280,14
COUNTY COUNCIL DISTRICT 4 Council District 4,Jared Mead,COUNTRY,4281,76
COUNTY COUNCIL DISTRICT 4 Council District 4,WRITE-IN,COUNTRY,4281,5
COUNTY COUNCIL DISTRICT 4 Council District 4,Jared Mead,CRYSTAL,4284,127
COUNTY COUNCIL DISTRICT 4 Council District 4,WRITE-IN,CRYSTAL,4284,4
COUNTY COUNCIL DISTRICT 4 Council District 4,Jared Mead,HILL,4293,87
COUNTY COUNCIL DISTRICT 4 Council District 4,WRITE-IN,HILL,4293,6
COUNTY COUNCIL DISTRICT 4 Council District 4,Jared Mead,KENTISH,4297,73
COUNTY COUNCIL DISTRICT 4 Council District 4,WRITE-IN,KENTISH,4297,8
COUNTY COUNCIL DISTRICT 4 Council District 4,Jared Mead,LARIMER,4298,56
COUNTY COUNCIL DISTRICT 4 Council District 4,WRITE-IN,LARIMER,4298,5
COUNTY COUNCIL DISTRICT 4 Council District 4,Jared Mead,MISTY,4305,96
COUNTY COUNCIL DISTRICT 4 Council District 4,WRITE-IN,MISTY,4305,3
COUNTY COUNCIL DISTRICT 4 Council District 4,Jared Mead,OAKS,4308,93
COUNTY COUNCIL DISTRICT 4 Council District 4,WRITE-IN,OAKS,4308,17
COUNTY COUNCIL DISTRICT 4 Council District 4,Jared Mead,PUGET PARK,4317,76
COUNTY COUNCIL DISTRICT 4 Council District 4,WRITE-IN,PUGET PARK,4317,6
COUNTY COUNCIL DISTRICT 4 Council District 4,Jared Mead,THRASHERS,4324,37
COUNTY COUNCIL DISTRICT 4 Council District 4,WRITE-IN,THRASHERS,4324,2
COUNTY COUNCIL DISTRICT 4 Council District 4,Jared Mead,VIEW,4330,98
COUNTY COUNCIL DISTRICT 4 Council District 4,WRITE-IN,VIEW,4330,5
COUNTY COUNCIL DISTRICT 4 Council District 4,Jared Mead,WALNUT,4331,78
COUNTY COUNCIL DISTRICT 4 Council District 4,WRITE-IN,WALNUT,4331,9
COUNTY COUNCIL DISTRICT 4 Council District 4,Jared Mead,WITHERS,4338,102
COUNTY COUNCIL DISTRICT 4 Council District 4,WRITE-IN,WITHERS,4338,3
COUNTY COUNCIL DISTRICT 4 Council District 4,Jared Mead,KENWOOD,4348,119
COUNTY COUNCIL DISTRICT 4 Council District 4,WRITE-IN,KENWOOD,4348,4
COUNTY COUNCIL DISTRICT 4 Council District 4,Jared Mead,OLYMPUS,4357,73
COUNTY COUNCIL DISTRICT 4 Council District 4,WRITE-IN,OLYMPUS,4357,4
COUNTY COUNCIL DISTRICT 4 Council District 4,Jared Mead,SEATTLE HILL,4361,111
COUNTY COUNCIL DISTRICT 4 Council District 4,WRITE-IN,SEATTLE HILL,4361,8
COUNTY COUNCIL DISTRICT 4 Council District 4,Jared Mead,CAVALRY,4370,106
COUNTY COUNCIL DISTRICT 4 Council District 4,WRITE-IN,CAVALRY,4370,11
COUNTY COUNCIL DISTRICT 4 Council District 4,Jared Mead,EVERGREEN,4415,80
COUNTY COUNCIL DISTRICT 4 Council District 4,WRITE-IN,EVERGREEN,4415,7
COUNTY COUNCIL DISTRICT 4 Council District 4,Jared Mead,MAPLEWOOD,4426,109
COUNTY COUNCIL DISTRICT 4 Council District 4,WRITE-IN,MAPLEWOOD,4426,6
COUNTY COUNCIL DISTRICT 4 Council District 4,Jared Mead,DAMSON,4446,179
COUNTY COUNCIL DISTRICT 4 Council District 4,WRITE-IN,DAMSON,4446,11
COUNTY COUNCIL DISTRICT 4 Council District 4,Jared Mead,FOREST,4455,139
COUNTY COUNCIL DISTRICT 4 Council District 4,WRITE-IN,FOREST,4455,5
COUNTY COUNCIL DISTRICT 4 Council District 4,Jared Mead,NORTHROAD,4476,40
COUNTY COUNCIL DISTRICT 4 Council District 4,WRITE-IN,NORTHROAD,4476,2
COUNTY COUNCIL DISTRICT 4 Council District 4,Jared Mead,PARKSHORE,4479,90
COUNTY COUNCIL DISTRICT 4 Council District 4,WRITE-IN,PARKSHORE,4479,2
COUNTY COUNCIL DISTRICT 4 Council District 4,Jared Mead,RHODY RIDGE,4481,71
COUNTY COUNCIL DISTRICT 4 Council District 4,WRITE-IN,RHODY RIDGE,4481,1
COUNTY COUNCIL DISTRICT 4 Council District 4,Jared Mead,STAFFORD,4484,105
COUNTY COUNCIL DISTRICT 4 Council District 4,WRITE-IN,STAFFORD,4484,3
COUNTY COUNCIL DISTRICT 4 Council District 4,Jared Mead,FILBERT,4527,145
COUNTY COUNCIL DISTRICT 4 Council District 4,WRITE-IN,FILBERT,4527,7
COUNTY COUNCIL DISTRICT 4 Council District 4,Jared Mead,MERWIN,4547,54
COUNTY COUNCIL DISTRICT 4 Council District 4,WRITE-IN,MERWIN,4547,10
COUNTY COUNCIL DISTRICT 4 Council District 4,Jared Mead,REDHAWK,4552,64
COUNTY COUNCIL DISTRICT 4 Council District 4,WRITE-IN,REDHAWK,4552,7
COUNTY COUNCIL DISTRICT 4 Council District 4,Jared Mead,TERRACE,4556,41
COUNTY COUNCIL DISTRICT 4 Council District 4,WRITE-IN,TERRACE,4556,2
COUNTY COUNCIL DISTRICT 4 Council District 4,Jared Mead,VALLEY,4559,31
COUNTY COUNCIL DISTRICT 4 Council District 4,WRITE-IN,VALLEY,4559,2
COUNTY COUNCIL DISTRICT 4 Council District 4,Jared Mead,CREEKSIDE,4575,57
COUNTY COUNCIL DISTRICT 4 Council District 4,WRITE-IN,CREEKSIDE,4575,7
COUNTY COUNCIL DISTRICT 4 Council District 4,Jared Mead,DOUGLAS FIRS,4576,76
COUNTY COUNCIL DISTRICT 4 Council District 4,WRITE-IN,DOUGLAS FIRS,4576,9
COUNTY COUNCIL DISTRICT 4 Council District 4,Jared Mead,GATEWAY,4581,94
COUNTY COUNCIL DISTRICT 4 Council District 4,WRITE-IN,GATEWAY,4581,5
COUNTY COUNCIL DISTRICT 4 Council District 4,Jared Mead,GRAND FIRS,4582,151
COUNTY COUNCIL DISTRICT 4 Council District 4,WRITE-IN,GRAND FIRS,4582,8
COUNTY COUNCIL DISTRICT 4 Council District 4,Jared Mead,KATTENHORN,4584,130
COUNTY COUNCIL DISTRICT 4 Council District 4,WRITE-IN,KATTENHORN,4584,17
COUNTY COUNCIL DISTRICT 4 Council District 4,Jared Mead,SILVER FIRS,4590,128
COUNTY COUNCIL DISTRICT 4 Council District 4,WRITE-IN,SILVER FIRS,4590,4
COUNTY COUNCIL DISTRICT 4 Council District 4,Jared Mead,SNOCADE,4592,117
COUNTY COUNCIL DISTRICT 4 Council District 4,WRITE-IN,SNOCADE,4592,9
COUNTY COUNCIL DISTRICT 4 Council District 4,Jared Mead,TOTEM FALLS,4594,139
COUNTY COUNCIL DISTRICT 4 Council District 4,WRITE-IN,TOTEM FALLS,4594,7
COUNTY COUNCIL DISTRICT 4 Council District 4,Jared Mead,TUCKER,4595,120
COUNTY COUNCIL DISTRICT 4 Council District 4,WRITE-IN,TUCKER,4595,2
COUNTY COUNCIL DISTRICT 4 Council District 4,Jared Mead,WANDERING CREEK,4596,159
COUNTY COUNCIL DISTRICT 4 Council District 4,WRITE-IN,WANDERING CREEK,4596,3
COUNTY COUNCIL DISTRICT 4 Council District 4,Jared Mead,WOODSHIRE,4597,77
COUNTY COUNCIL DISTRICT 4 Council District 4,WRITE-IN,WOODSHIRE,4597,8
COUNTY COUNCIL DISTRICT 4 Council District 4,Jared Mead,SILVER CREEK,4635,94
COUNTY COUNCIL DISTRICT 4 Council District 4,WRITE-IN,SILVER CREEK,4635,4
COUNTY COUNCIL DISTRICT 4 Council District 4,Jared Mead,KENNARD,4639,91
COUNTY COUNCIL DISTRICT 4 Council District 4,WRITE-IN,KENNARD,4639,5
COUNTY COUNCIL DISTRICT 4 Council District 4,Jared Mead,GLENBAR,4646,87
COUNTY COUNCIL DISTRICT 4 Council District 4,WRITE-IN,GLENBAR,4646,11
COUNTY COUNCIL DISTRICT 4 Council District 4,Jared Mead,OLDMARK,4656,90
COUNTY COUNCIL DISTRICT 4 Council District 4,WRITE-IN,OLDMARK,4656,10
COUNTY COUNCIL DISTRICT 4 Council District 4,Jared Mead,SPRUCE,4658,47
COUNTY COUNCIL DISTRICT 4 Council District 4,WRITE-IN,SPRUCE,4658,1
COUNTY COUNCIL DISTRICT 4 Council District 4,Jared Mead,THOMAS CREEK,4659,126
COUNTY COUNCIL DISTRICT 4 Council District 4,WRITE-IN,THOMAS CREEK,4659,16
COUNTY COUNCIL DISTRICT 4 Council District 4,Jared Mead,WINDROSE,4660,99
COUNTY COUNCIL DISTRICT 4 Council District 4,WRITE-IN,WINDROSE,4660,6
COUNTY COUNCIL DISTRICT 4 Council District 4,Jared Mead,STRAWBERRY,4684,108
COUNTY COUNCIL DISTRICT 4 Council District 4,WRITE-IN,STRAWBERRY,4684,9
COUNTY COUNCIL DISTRICT 4 Council District 4,Jared Mead,KINGMAN,4685,101
COUNTY COUNCIL DISTRICT 4 Council District 4,WRITE-IN,KINGMAN,4685,2
COUNTY COUNCIL DISTRICT 4 Council District 4,Jared Mead,BUTTERNUT,4689,93
COUNTY COUNCIL DISTRICT 4 Council District 4,WRITE-IN,BUTTERNUT,4689,10
COUNTY COUNCIL DISTRICT 4 Council District 4,Jared Mead,CRYSTAL CREEK,4691,59
COUNTY COUNCIL DISTRICT 4 Council District 4,WRITE-IN,CRYSTAL CREEK,4691,4
COUNTY COUNCIL DISTRICT 4 Council District 4,Jared Mead,DOGWOOD,4693,110
COUNTY COUNCIL DISTRICT 4 Council District 4,WRITE-IN,DOGWOOD,4693,4
COUNTY COUNCIL DISTRICT 4 Council District 4,Jared Mead,NEWTON,4705,59
COUNTY COUNCIL DISTRICT 4 Council District 4,WRITE-IN,NEWTON,4705,2
COUNTY COUNCIL DISTRICT 4 Council District 4,Jared Mead,POPPY,4707,127
COUNTY COUNCIL DISTRICT 4 Council District 4,WRITE-IN,POPPY,4707,6
COUNTY COUNCIL DISTRICT 4 Council District 4,Jared Mead,TAMBARK,4715,77
COUNTY COUNCIL DISTRICT 4 Council District 4,WRITE-IN,TAMBARK,4715,0
COUNTY COUNCIL DISTRICT 4 Council District 4,Jared Mead,NILE,4749,0
COUNTY COUNCIL DISTRICT 4 Council District 4,WRITE-IN,NILE,4749,0
COUNTY COUNCIL DISTRICT 4 Council District 4,Jared Mead,BELLEMONT,4762,128
COUNTY COUNCIL DISTRICT 4 Council District 4,WRITE-IN,BELLEMONT,4762,9
COUNTY COUNCIL DISTRICT 4 Council District 4,Jared Mead,CARRIAGE PARK,4763,80
COUNTY COUNCIL DISTRICT 4 Council District 4,WRITE-IN,CARRIAGE PARK,4763,0
COUNTY COUNCIL DISTRICT 4 Council District 4,Jared Mead,DANVERS,4775,35
COUNTY COUNCIL DISTRICT 4 Council District 4,WRITE-IN,DANVERS,4775,6
COUNTY COUNCIL DISTRICT 4 Council District 4,Jared Mead,ELBERTA,4789,58
COUNTY COUNCIL DISTRICT 4 Council District 4,WRITE-IN,ELBERTA,4789,0
COUNTY COUNCIL DISTRICT 4 Council District 4,Jared Mead,BROOKVIEW,4790,53
COUNTY COUNCIL DISTRICT 4 Council District 4,WRITE-IN,BROOKVIEW,4790,2
COUNTY COUNCIL DISTRICT 4 Council District 4,Jared Mead,RIVERSTONE,4792,23
COUNTY COUNCIL DISTRICT 4 Council District 4,WRITE-IN,RIVERSTONE,4792,2
COUNTY COUNCIL DISTRICT 4 Council District 4,Jared Mead,JEWELL,4803,131
COUNTY COUNCIL DISTRICT 4 Council District 4,WRITE-IN,JEWELL,4803,3
COUNTY COUNCIL DISTRICT 4 Council District 4,Jared Mead,GOLD CREEK,4806,58
COUNTY COUNCIL DISTRICT 4 Council District 4,WRITE-IN,GOLD CREEK,4806,4
COUNTY COUNCIL DISTRICT 4 Council District 4,Jared Mead,NORTH GRIFFIS,4813,91
COUNTY COUNCIL DISTRICT 4 Council District 4,WRITE-IN,NORTH GRIFFIS,4813,2
COUNTY COUNCIL DISTRICT 4 Council District 4,Jared Mead,WETLANDS,4820,45
COUNTY COUNCIL DISTRICT 4 Council District 4,WRITE-IN,WETLANDS,4820,0
COUNTY COUNCIL DISTRICT 4 Council District 4,Jared Mead,PARKLANE,4822,84
COUNTY COUNCIL DISTRICT 4 Council District 4,WRITE-IN,PARKLANE,4822,4
COUNTY COUNCIL DISTRICT 4 Council District 4,Jared Mead,GRIMES,4826,37
COUNTY COUNCIL DISTRICT 4 Council District 4,WRITE-IN,GRIMES,4826,5
COUNTY COUNCIL DISTRICT 4 Council District 4,Jared Mead,SINCLAIR,4841,115
COUNTY COUNCIL DISTRICT 4 Council District 4,WRITE-IN,SINCLAIR,4841,18
COUNTY COUNCIL DISTRICT 5 Council District 5,Kelli Johnson,Total,-1,12717
COUNTY COUNCIL DISTRICT 5 Council District 5,Sam Low,Total,-1,14795
COUNTY COUNCIL DISTRICT 5 Council District 5,WRITE-IN,Total,-1,50
COUNTY COUNCIL DISTRICT 5 Council District 5,Kelli Johnson,SNOHOMISH  1,1014,94
COUNTY COUNCIL DISTRICT 5 Council District 5,Sam Low,SNOHOMISH  1,1014,121
COUNTY COUNCIL DISTRICT 5 Council District 5,WRITE-IN,SNOHOMISH  1,1014,0
COUNTY COUNCIL DISTRICT 5 Council District 5,Kelli Johnson,SNOHOMISH  3,1038,143
COUNTY COUNCIL DISTRICT 5 Council District 5,Sam Low,SNOHOMISH  3,1038,104
COUNTY COUNCIL DISTRICT 5 Council District 5,WRITE-IN,SNOHOMISH  3,1038,0
COUNTY COUNCIL DISTRICT 5 Council District 5,Kelli Johnson,INDEX,1039,32
COUNTY COUNCIL DISTRICT 5 Council District 5,Sam Low,INDEX,1039,11
COUNTY COUNCIL DISTRICT 5 Council District 5,WRITE-IN,INDEX,1039,0
COUNTY COUNCIL DISTRICT 5 Council District 5,Kelli Johnson,MONROE  1,1054,72
COUNTY COUNCIL DISTRICT 5 Council District 5,Sam Low,MONROE  1,1054,70
COUNTY COUNCIL DISTRICT 5 Council District 5,WRITE-IN,MONROE  1,1054,0
COUNTY COUNCIL DISTRICT 5 Council District 5,Kelli Johnson,MONROE  2,1055,54
COUNTY COUNCIL DISTRICT 5 Council District 5,Sam Low,MONROE  2,1055,61
COUNTY COUNCIL DISTRICT 5 Council District 5,WRITE-IN,MONROE  2,1055,0
COUNTY COUNCIL DISTRICT 5 Council District 5,Kelli Johnson,SNOHOMISH  5,1056,165
COUNTY COUNCIL DISTRICT 5 Council District 5,Sam Low,SNOHOMISH  5,1056,140
COUNTY COUNCIL DISTRICT 5 Council District 5,WRITE-IN,SNOHOMISH  5,1056,1
COUNTY COUNCIL DISTRICT 5 Council District 5,Kelli Johnson,SULTAN 1,1070,62
COUNTY COUNCIL DISTRICT 5 Council District 5,Sam Low,SULTAN 1,1070,89
COUNTY COUNCIL DISTRICT 5 Council District 5,WRITE-IN,SULTAN 1,1070,0
COUNTY COUNCIL DISTRICT 5 Council District 5,Kelli Johnson,SULTAN 2,1071,53
COUNTY COUNCIL DISTRICT 5 Council District 5,Sam Low,SULTAN 2,1071,83
COUNTY COUNCIL DISTRICT 5 Council District 5,WRITE-IN,SULTAN 2,1071,0
COUNTY COUNCIL DISTRICT 5 Council District 5,Kelli Johnson,LAKE STEVENS  1,1134,79
COUNTY COUNCIL DISTRICT 5 Council District 5,Sam Low,LAKE STEVENS  1,1134,130
COUNTY COUNCIL DISTRICT 5 Council District 5,WRITE-IN,LAKE STEVENS  1,1134,0
COUNTY COUNCIL DISTRICT 5 Council District 5,Kelli Johnson,LAKE STEVENS  2,1135,67
COUNTY COUNCIL DISTRICT 5 Council District 5,Sam Low,LAKE STEVENS  2,1135,88
COUNTY COUNCIL DISTRICT 5 Council District 5,WRITE-IN,LAKE STEVENS  2,1135,0
COUNTY COUNCIL DISTRICT 5 Council District 5,Kelli Johnson,SNOHOMISH  7,1144,137
COUNTY COUNCIL DISTRICT 5 Council District 5,Sam Low,SNOHOMISH  7,1144,93
COUNTY COUNCIL DISTRICT 5 Council District 5,WRITE-IN,SNOHOMISH  7,1144,0
COUNTY COUNCIL DISTRICT 5 Council District 5,Kelli Johnson,SNOHOMISH  8,1145,125
COUNTY COUNCIL DISTRICT 5 Council District 5,Sam Low,SNOHOMISH  8,1145,123
COUNTY COUNCIL DISTRICT 5 Council District 5,WRITE-IN,SNOHOMISH  8,1145,2
COUNTY COUNCIL DISTRICT 5 Council District 5,Kelli Johnson,MONROE  4,1187,90
COUNTY COUNCIL DISTRICT 5 Council District 5,Sam Low,MONROE  4,1187,106
COUNTY COUNCIL DISTRICT 5 Council District 5,WRITE-IN,MONROE  4,1187,1
COUNTY COUNCIL DISTRICT 5 Council District 5,Kelli Johnson,MONROE  5,1188,97
COUNTY COUNCIL DISTRICT 5 Council District 5,Sam Low,MONROE  5,1188,99
COUNTY COUNCIL DISTRICT 5 Council District 5,WRITE-IN,MONROE  5,1188,0
COUNTY COUNCIL DISTRICT 5 Council District 5,Kelli Johnson,SULTAN 3,1322,49
COUNTY COUNCIL DISTRICT 5 Council District 5,Sam Low,SULTAN 3,1322,52
COUNTY COUNCIL DISTRICT 5 Council District 5,WRITE-IN,SULTAN 3,1322,1
COUNTY COUNCIL DISTRICT 5 Council District 5,Kelli Johnson,LAKE STEVENS  3,1349,60
COUNTY COUNCIL DISTRICT 5 Council District 5,Sam Low,LAKE STEVENS  3,1349,66
COUNTY COUNCIL DISTRICT 5 Council District 5,WRITE-IN,LAKE STEVENS  3,1349,0
COUNTY COUNCIL DISTRICT 5 Council District 5,Kelli Johnson,LAKE STEVENS  4,1418,65
COUNTY COUNCIL DISTRICT 5 Council District 5,Sam Low,LAKE STEVENS  4,1418,93
COUNTY COUNCIL DISTRICT 5 Council District 5,WRITE-IN,LAKE STEVENS  4,1418,1
COUNTY COUNCIL DISTRICT 5 Council District 5,Kelli Johnson,MONROE  3,1431,47
COUNTY COUNCIL DISTRICT 5 Council District 5,Sam Low,MONROE  3,1431,39
COUNTY COUNCIL DISTRICT 5 Council District 5,WRITE-IN,MONROE  3,1431,0
COUNTY COUNCIL DISTRICT 5 Council District 5,Kelli Johnson,SNOHOMISH  2,1436,85
COUNTY COUNCIL DISTRICT 5 Council District 5,Sam Low,SNOHOMISH  2,1436,101
COUNTY COUNCIL DISTRICT 5 Council District 5,WRITE-IN,SNOHOMISH  2,1436,0
COUNTY COUNCIL DISTRICT 5 Council District 5,Kelli Johnson,SNOHOMISH  4,1437,121
COUNTY COUNCIL DISTRICT 5 Council District 5,Sam Low,SNOHOMISH  4,1437,106
COUNTY COUNCIL DISTRICT 5 Council District 5,WRITE-IN,SNOHOMISH  4,1437,0
COUNTY COUNCIL DISTRICT 5 Council District 5,Kelli Johnson,SNOHOMISH  6,1438,61
COUNTY COUNCIL DISTRICT 5 Council District 5,Sam Low,SNOHOMISH  6,1438,98
COUNTY COUNCIL DISTRICT 5 Council District 5,WRITE-IN,SNOHOMISH  6,1438,0
COUNTY COUNCIL DISTRICT 5 Council District 5,Kelli Johnson,LAKE STEVENS  6,1503,67
COUNTY COUNCIL DISTRICT 5 Council District 5,Sam Low,LAKE STEVENS  6,1503,72
COUNTY COUNCIL DISTRICT 5 Council District 5,WRITE-IN,LAKE STEVENS  6,1503,0
COUNTY COUNCIL DISTRICT 5 Council District 5,Kelli Johnson,MONROE  6,1506,77
COUNTY COUNCIL DISTRICT 5 Council District 5,Sam Low,MONROE  6,1506,83
COUNTY COUNCIL DISTRICT 5 Council District 5,WRITE-IN,MONROE  6,1506,0
COUNTY COUNCIL DISTRICT 5 Council District 5,Kelli Johnson,SNOHOMISH  9,1508,66
COUNTY COUNCIL DISTRICT 5 Council District 5,Sam Low,SNOHOMISH  9,1508,82
COUNTY COUNCIL DISTRICT 5 Council District 5,WRITE-IN,SNOHOMISH  9,1508,0
COUNTY COUNCIL DISTRICT 5 Council District 5,Kelli Johnson,LAKE STEVENS  7,1536,93
COUNTY COUNCIL DISTRICT 5 Council District 5,Sam Low,LAKE STEVENS  7,1536,131
COUNTY COUNCIL DISTRICT 5 Council District 5,WRITE-IN,LAKE STEVENS  7,1536,0
COUNTY COUNCIL DISTRICT 5 Council District 5,Kelli Johnson,MONROE  7,1548,79
COUNTY COUNCIL DISTRICT 5 Council District 5,Sam Low,MONROE  7,1548,95
COUNTY COUNCIL DISTRICT 5 Council District 5,WRITE-IN,MONROE  7,1548,2
COUNTY COUNCIL DISTRICT 5 Council District 5,Kelli Johnson,GOLD BAR 1,1566,68
COUNTY COUNCIL DISTRICT 5 Council District 5,Sam Low,GOLD BAR 1,1566,111
COUNTY COUNCIL DISTRICT 5 Council District 5,WRITE-IN,GOLD BAR 1,1566,1
COUNTY COUNCIL DISTRICT 5 Council District 5,Kelli Johnson,GOLD BAR 2,1567,63
COUNTY COUNCIL DISTRICT 5 Council District 5,Sam Low,GOLD BAR 2,1567,104
COUNTY COUNCIL DISTRICT 5 Council District 5,WRITE-IN,GOLD BAR 2,1567,0
COUNTY COUNCIL DISTRICT 5 Council District 5,Kelli Johnson,MONROE  8,1568,86
COUNTY COUNCIL DISTRICT 5 Council District 5,Sam Low,MONROE  8,1568,94
COUNTY COUNCIL DISTRICT 5 Council District 5,WRITE-IN,MONROE  8,1568,2
COUNTY COUNCIL DISTRICT 5 Council District 5,Kelli Johnson,MONROE 10,1586,82
COUNTY COUNCIL DISTRICT 5 Council District 5,Sam Low,MONROE 10,1586,73
COUNTY COUNCIL DISTRICT 5 Council District 5,WRITE-IN,MONROE 10,1586,0
COUNTY COUNCIL DISTRICT 5 Council District 5,Kelli Johnson,MONROE 11,1587,27
COUNTY COUNCIL DISTRICT 5 Council District 5,Sam Low,MONROE 11,1587,31
COUNTY COUNCIL DISTRICT 5 Council District 5,WRITE-IN,MONROE 11,1587,0
COUNTY COUNCIL DISTRICT 5 Council District 5,Kelli Johnson,LAKE STEVENS  5,1625,52
COUNTY COUNCIL DISTRICT 5 Council District 5,Sam Low,LAKE STEVENS  5,1625,55
COUNTY COUNCIL DISTRICT 5 Council District 5,WRITE-IN,LAKE STEVENS  5,1625,0
COUNTY COUNCIL DISTRICT 5 Council District 5,Kelli Johnson,LAKE STEVENS  8,1649,38
COUNTY COUNCIL DISTRICT 5 Council District 5,Sam Low,LAKE STEVENS  8,1649,48
COUNTY COUNCIL DISTRICT 5 Council District 5,WRITE-IN,LAKE STEVENS  8,1649,0
COUNTY COUNCIL DISTRICT 5 Council District 5,Kelli Johnson,MONROE  9,1653,49
COUNTY COUNCIL DISTRICT 5 Council District 5,Sam Low,MONROE  9,1653,55
COUNTY COUNCIL DISTRICT 5 Council District 5,WRITE-IN,MONROE  9,1653,0
COUNTY COUNCIL DISTRICT 5 Council District 5,Kelli Johnson,MONROE 12,1654,37
COUNTY COUNCIL DISTRICT 5 Council District 5,Sam Low,MONROE 12,1654,52
COUNTY COUNCIL DISTRICT 5 Council District 5,WRITE-IN,MONROE 12,1654,0
COUNTY COUNCIL DISTRICT 5 Council District 5,Kelli Johnson,LAKE STEVENS  9,1663,92
COUNTY COUNCIL DISTRICT 5 Council District 5,Sam Low,LAKE STEVENS  9,1663,87
COUNTY COUNCIL DISTRICT 5 Council District 5,WRITE-IN,LAKE STEVENS  9,1663,0
COUNTY COUNCIL DISTRICT 5 Council District 5,Kelli Johnson,LAKE STEVENS 10,1664,55
COUNTY COUNCIL DISTRICT 5 Council District 5,Sam Low,LAKE STEVENS 10,1664,83
COUNTY COUNCIL DISTRICT 5 Council District 5,WRITE-IN,LAKE STEVENS 10,1664,0
COUNTY COUNCIL DISTRICT 5 Council District 5,Kelli Johnson,LAKE STEVENS 11,1671,31
COUNTY COUNCIL DISTRICT 5 Council District 5,Sam Low,LAKE STEVENS 11,1671,46
COUNTY COUNCIL DISTRICT 5 Council District 5,WRITE-IN,LAKE STEVENS 11,1671,0
COUNTY COUNCIL DISTRICT 5 Council District 5,Kelli Johnson,LAKE STEVENS 12,1672,52
COUNTY COUNCIL DISTRICT 5 Council District 5,Sam Low,LAKE STEVENS 12,1672,60
COUNTY COUNCIL DISTRICT 5 Council District 5,WRITE-IN,LAKE STEVENS 12,1672,0
COUNTY COUNCIL DISTRICT 5 Council District 5,Kelli Johnson,LAKE STEVENS 13,1673,67
COUNTY COUNCIL DISTRICT 5 Council District 5,Sam Low,LAKE STEVENS 13,1673,74
COUNTY COUNCIL DISTRICT 5 Council District 5,WRITE-IN,LAKE STEVENS 13,1673,0
COUNTY COUNCIL DISTRICT 5 Council District 5,Kelli Johnson,LAKE STEVENS 14,1674,65
COUNTY COUNCIL DISTRICT 5 Council District 5,Sam Low,LAKE STEVENS 14,1674,94
COUNTY COUNCIL DISTRICT 5 Council District 5,WRITE-IN,LAKE STEVENS 14,1674,0
COUNTY COUNCIL DISTRICT 5 Council District 5,Kelli Johnson,LAKE STEVENS 15,1675,79
COUNTY COUNCIL DISTRICT 5 Council District 5,Sam Low,LAKE STEVENS 15,1675,84
COUNTY COUNCIL DISTRICT 5 Council District 5,WRITE-IN,LAKE STEVENS 15,1675,2
COUNTY COUNCIL DISTRICT 5 Council District 5,Kelli Johnson,SNOHOMISH 10,1709,96
COUNTY COUNCIL DISTRICT 5 Council District 5,Sam Low,SNOHOMISH 10,1709,97
COUNTY COUNCIL DISTRICT 5 Council District 5,WRITE-IN,SNOHOMISH 10,1709,1
COUNTY COUNCIL DISTRICT 5 Council District 5,Kelli Johnson,SULTAN 4,1713,60
COUNTY COUNCIL DISTRICT 5 Council District 5,Sam Low,SULTAN 4,1713,68
COUNTY COUNCIL DISTRICT 5 Council District 5,WRITE-IN,SULTAN 4,1713,0
COUNTY COUNCIL DISTRICT 5 Council District 5,Kelli Johnson,LAKE STEVENS 16,1716,47
COUNTY COUNCIL DISTRICT 5 Council District 5,Sam Low,LAKE STEVENS 16,1716,61
COUNTY COUNCIL DISTRICT 5 Council District 5,WRITE-IN,LAKE STEVENS 16,1716,1
COUNTY COUNCIL DISTRICT 5 Council District 5,Kelli Johnson,LAKE STEVENS 17,1717,42
COUNTY COUNCIL DISTRICT 5 Council District 5,Sam Low,LAKE STEVENS 17,1717,26
COUNTY COUNCIL DISTRICT 5 Council District 5,WRITE-IN,LAKE STEVENS 17,1717,0
COUNTY COUNCIL DISTRICT 5 Council District 5,Kelli Johnson,LAKE STEVENS 18,1718,54
COUNTY COUNCIL DISTRICT 5 Council District 5,Sam Low,LAKE STEVENS 18,1718,59
COUNTY COUNCIL DISTRICT 5 Council District 5,WRITE-IN,LAKE STEVENS 18,1718,0
COUNTY COUNCIL DISTRICT 5 Council District 5,Kelli Johnson,LAKE STEVENS 19,1719,54
COUNTY COUNCIL DISTRICT 5 Council District 5,Sam Low,LAKE STEVENS 19,1719,94
COUNTY COUNCIL DISTRICT 5 Council District 5,WRITE-IN,LAKE STEVENS 19,1719,1
COUNTY COUNCIL DISTRICT 5 Council District 5,Kelli Johnson,LAKE STEVENS 20,1720,65
COUNTY COUNCIL DISTRICT 5 Council District 5,Sam Low,LAKE STEVENS 20,1720,77
COUNTY COUNCIL DISTRICT 5 Council District 5,WRITE-IN,LAKE STEVENS 20,1720,0
COUNTY COUNCIL DISTRICT 5 Council District 5,Kelli Johnson,LAKE STEVENS 21,1721,85
COUNTY COUNCIL DISTRICT 5 Council District 5,Sam Low,LAKE STEVENS 21,1721,99
COUNTY COUNCIL DISTRICT 5 Council District 5,WRITE-IN,LAKE STEVENS 21,1721,0
COUNTY COUNCIL DISTRICT 5 Council District 5,Kelli Johnson,LAKE STEVENS 22,1722,76
COUNTY COUNCIL DISTRICT 5 Council District 5,Sam Low,LAKE STEVENS 22,1722,56
COUNTY COUNCIL DISTRICT 5 Council District 5,WRITE-IN,LAKE STEVENS 22,1722,0
COUNTY COUNCIL DISTRICT 5 Council District 5,Kelli Johnson,LAKE STEVENS 23,1723,77
COUNTY COUNCIL DISTRICT 5 Council District 5,Sam Low,LAKE STEVENS 23,1723,55
COUNTY COUNCIL DISTRICT 5 Council District 5,WRITE-IN,LAKE STEVENS 23,1723,3
COUNTY COUNCIL DISTRICT 5 Council District 5,Kelli Johnson,LAKE STEVENS 24,1724,43
COUNTY COUNCIL DISTRICT 5 Council District 5,Sam Low,LAKE STEVENS 24,1724,38
COUNTY COUNCIL DISTRICT 5 Council District 5,WRITE-IN,LAKE STEVENS 24,1724,0
COUNTY COUNCIL DISTRICT 5 Council District 5,Kelli Johnson,LAKE STEVENS 25,1725,39
COUNTY COUNCIL DISTRICT 5 Council District 5,Sam Low,LAKE STEVENS 25,1725,58
COUNTY COUNCIL DISTRICT 5 Council District 5,WRITE-IN,LAKE STEVENS 25,1725,1
COUNTY COUNCIL DISTRICT 5 Council District 5,Kelli Johnson,LAKE STEVENS 26,1726,73
COUNTY COUNCIL DISTRICT 5 Council District 5,Sam Low,LAKE STEVENS 26,1726,69
COUNTY COUNCIL DISTRICT 5 Council District 5,WRITE-IN,LAKE STEVENS 26,1726,0
COUNTY COUNCIL DISTRICT 5 Council District 5,Kelli Johnson,LAKE STEVENS 27,1727,73
COUNTY COUNCIL DISTRICT 5 Council District 5,Sam Low,LAKE STEVENS 27,1727,72
COUNTY COUNCIL DISTRICT 5 Council District 5,WRITE-IN,LAKE STEVENS 27,1727,1
COUNTY COUNCIL DISTRICT 5 Council District 5,Kelli Johnson,LAKE STEVENS 28,1757,31
COUNTY COUNCIL DISTRICT 5 Council District 5,Sam Low,LAKE STEVENS 28,1757,41
COUNTY COUNCIL DISTRICT 5 Council District 5,WRITE-IN,LAKE STEVENS 28,1757,0
COUNTY COUNCIL DISTRICT 5 Council District 5,Kelli Johnson,LAKE STEVENS 29,1774,95
COUNTY COUNCIL DISTRICT 5 Council District 5,Sam Low,LAKE STEVENS 29,1774,43
COUNTY COUNCIL DISTRICT 5 Council District 5,WRITE-IN,LAKE STEVENS 29,1774,0
COUNTY COUNCIL DISTRICT 5 Council District 5,Kelli Johnson,MONROE 13,1781,48
COUNTY COUNCIL DISTRICT 5 Council District 5,Sam Low,MONROE 13,1781,53
COUNTY COUNCIL DISTRICT 5 Council District 5,WRITE-IN,MONROE 13,1781,0
COUNTY COUNCIL DISTRICT 5 Council District 5,Kelli Johnson,LAKE STEVENS 30,1796,76
COUNTY COUNCIL DISTRICT 5 Council District 5,Sam Low,LAKE STEVENS 30,1796,68
COUNTY COUNCIL DISTRICT 5 Council District 5,WRITE-IN,LAKE STEVENS 30,1796,0
COUNTY COUNCIL DISTRICT 5 Council District 5,Kelli Johnson,MONROE 14,1798,61
COUNTY COUNCIL DISTRICT 5 Council District 5,Sam Low,MONROE 14,1798,48
COUNTY COUNCIL DISTRICT 5 Council District 5,WRITE-IN,MONROE 14,1798,0
COUNTY COUNCIL DISTRICT 5 Council District 5,Kelli Johnson,MONROE 15,1801,60
COUNTY COUNCIL DISTRICT 5 Council District 5,Sam Low,MONROE 15,1801,73
COUNTY COUNCIL DISTRICT 5 Council District 5,WRITE-IN,MONROE 15,1801,0
COUNTY COUNCIL DISTRICT 5 Council District 5,Kelli Johnson,LAKE STEVENS 31,1809,49
COUNTY COUNCIL DISTRICT 5 Council District 5,Sam Low,LAKE STEVENS 31,1809,24
COUNTY COUNCIL DISTRICT 5 Council District 5,WRITE-IN,LAKE STEVENS 31,1809,0
COUNTY COUNCIL DISTRICT 5 Council District 5,Kelli Johnson,MONROE 16,1811,23
COUNTY COUNCIL DISTRICT 5 Council District 5,Sam Low,MONROE 16,1811,20
COUNTY COUNCIL DISTRICT 5 Council District 5,WRITE-IN,MONROE 16,1811,0
COUNTY COUNCIL DISTRICT 5 Council District 5,Kelli Johnson,SULTAN 5,1812,77
COUNTY COUNCIL DISTRICT 5 Council District 5,Sam Low,SULTAN 5,1812,77
COUNTY COUNCIL DISTRICT 5 Council District 5,WRITE-IN,SULTAN 5,1812,0
COUNTY COUNCIL DISTRICT 5 Council District 5,Kelli Johnson,LAKE STEVENS 32,1828,98
COUNTY COUNCIL DISTRICT 5 Council District 5,Sam Low,LAKE STEVENS 32,1828,107
COUNTY COUNCIL DISTRICT 5 Council District 5,WRITE-IN,LAKE STEVENS 32,1828,0
COUNTY COUNCIL DISTRICT 5 Council District 5,Kelli Johnson,LAKE STEVENS 33,1829,68
COUNTY COUNCIL DISTRICT 5 Council District 5,Sam Low,LAKE STEVENS 33,1829,84
COUNTY COUNCIL DISTRICT 5 Council District 5,WRITE-IN,LAKE STEVENS 33,1829,1
COUNTY COUNCIL DISTRICT 5 Council District 5,Kelli Johnson,LAKE STEVENS 34,1830,67
COUNTY COUNCIL DISTRICT 5 Council District 5,Sam Low,LAKE STEVENS 34,1830,79
COUNTY COUNCIL DISTRICT 5 Council District 5,WRITE-IN,LAKE STEVENS 34,1830,0
COUNTY COUNCIL DISTRICT 5 Council District 5,Kelli Johnson,MONROE 17,1847,20
COUNTY COUNCIL DISTRICT 5 Council District 5,Sam Low,MONROE 17,1847,26
COUNTY COUNCIL DISTRICT 5 Council District 5,WRITE-IN,MONROE 17,1847,0
COUNTY COUNCIL DISTRICT 5 Council District 5,Kelli Johnson,LAKE STEVENS 35,1854,42
COUNTY COUNCIL DISTRICT 5 Council District 5,Sam Low,LAKE STEVENS 35,1854,47
COUNTY COUNCIL DISTRICT 5 Council District 5,WRITE-IN,LAKE STEVENS 35,1854,0
COUNTY COUNCIL DISTRICT 5 Council District 5,Kelli Johnson,LAKE STEVENS 36,1855,51
COUNTY COUNCIL DISTRICT 5 Council District 5,Sam Low,LAKE STEVENS 36,1855,54
COUNTY COUNCIL DISTRICT 5 Council District 5,WRITE-IN,LAKE STEVENS 36,1855,0
COUNTY COUNCIL DISTRICT 5 Council District 5,Kelli Johnson,SULTAN 6,1856,53
COUNTY COUNCIL DISTRICT 5 Council District 5,Sam Low,SULTAN 6,1856,67
COUNTY COUNCIL DISTRICT 5 Council District 5,WRITE-IN,SULTAN 6,1856,0
COUNTY COUNCIL DISTRICT 5 Council District 5,Kelli Johnson,SNOHOMISH 11,1857,64
COUNTY COUNCIL DISTRICT 5 Council District 5,Sam Low,SNOHOMISH 11,1857,67
COUNTY COUNCIL DISTRICT 5 Council District 5,WRITE-IN,SNOHOMISH 11,1857,0
COUNTY COUNCIL DISTRICT 5 Council District 5,Kelli Johnson,LAKE STEVENS 37,1861,67
COUNTY COUNCIL DISTRICT 5 Council District 5,Sam Low,LAKE STEVENS 37,1861,84
COUNTY COUNCIL DISTRICT 5 Council District 5,WRITE-IN,LAKE STEVENS 37,1861,0
COUNTY COUNCIL DISTRICT 5 Council District 5,Kelli Johnson,SULTAN 7,1872,84
COUNTY COUNCIL DISTRICT 5 Council District 5,Sam Low,SULTAN 7,1872,63
COUNTY COUNCIL DISTRICT 5 Council District 5,WRITE-IN,SULTAN 7,1872,0
COUNTY COUNCIL DISTRICT 5 Council District 5,Kelli Johnson,PARK PLACE,4003,26
COUNTY COUNCIL DISTRICT 5 Council District 5,Sam Low,PARK PLACE,4003,39
COUNTY COUNCIL DISTRICT 5 Council District 5,WRITE-IN,PARK PLACE,4003,0
COUNTY COUNCIL DISTRICT 5 Council District 5,Kelli Johnson,SULTAN RIVER,4005,38
COUNTY COUNCIL DISTRICT 5 Council District 5,Sam Low,SULTAN RIVER,4005,47
COUNTY COUNCIL DISTRICT 5 Council District 5,WRITE-IN,SULTAN RIVER,4005,0
COUNTY COUNCIL DISTRICT 5 Council District 5,Kelli Johnson,TUALCO,4007,112
COUNTY COUNCIL DISTRICT 5 Council District 5,Sam Low,TUALCO,4007,116
COUNTY COUNCIL DISTRICT 5 Council District 5,WRITE-IN,TUALCO,4007,0
COUNTY COUNCIL DISTRICT 5 Council District 5,Kelli Johnson,WALLACE,4008,56
COUNTY COUNCIL DISTRICT 5 Council District 5,Sam Low,WALLACE,4008,93
COUNTY COUNCIL DISTRICT 5 Council District 5,WRITE-IN,WALLACE,4008,3
COUNTY COUNCIL DISTRICT 5 Council District 5,Kelli Johnson,BEAR CREEK,4009,63
COUNTY COUNCIL DISTRICT 5 Council District 5,Sam Low,BEAR CREEK,4009,61
COUNTY COUNCIL DISTRICT 5 Council District 5,WRITE-IN,BEAR CREEK,4009,0
COUNTY COUNCIL DISTRICT 5 Council District 5,Kelli Johnson,LAKE,4010,77
COUNTY COUNCIL DISTRICT 5 Council District 5,Sam Low,LAKE,4010,101
COUNTY COUNCIL DISTRICT 5 Council District 5,WRITE-IN,LAKE,4010,1
COUNTY COUNCIL DISTRICT 5 Council District 5,Kelli Johnson,MARSH,4012,100
COUNTY COUNCIL DISTRICT 5 Council District 5,Sam Low,MARSH,4012,98
COUNTY COUNCIL DISTRICT 5 Council District 5,WRITE-IN,MARSH,4012,0
COUNTY COUNCIL DISTRICT 5 Council District 5,Kelli Johnson,SHORTS,4013,107
COUNTY COUNCIL DISTRICT 5 Council District 5,Sam Low,SHORTS,4013,165
COUNTY COUNCIL DISTRICT 5 Council District 5,WRITE-IN,SHORTS,4013,0
COUNTY COUNCIL DISTRICT 5 Council District 5,Kelli Johnson,SOUTH SNOHOMISH,4017,35
COUNTY COUNCIL DISTRICT 5 Council District 5,Sam Low,SOUTH SNOHOMISH,4017,106
COUNTY COUNCIL DISTRICT 5 Council District 5,WRITE-IN,SOUTH SNOHOMISH,4017,0
COUNTY COUNCIL DISTRICT 5 Council District 5,Kelli Johnson,WELANGDON(*),4018,0
COUNTY COUNCIL DISTRICT 5 Council District 5,Sam Low,WELANGDON(*),4018,0
COUNTY COUNCIL DISTRICT 5 Council District 5,WRITE-IN,WELANGDON(*),4018,0
COUNTY COUNCIL DISTRICT 5 Council District 5,Kelli Johnson,LUDWIG,4024,73
COUNTY COUNCIL DISTRICT 5 Council District 5,Sam Low,LUDWIG,4024,121
COUNTY COUNCIL DISTRICT 5 Council District 5,WRITE-IN,LUDWIG,4024,1
COUNTY COUNCIL DISTRICT 5 Council District 5,Kelli Johnson,MALTBY,4026,79
COUNTY COUNCIL DISTRICT 5 Council District 5,Sam Low,MALTBY,4026,94
COUNTY COUNCIL DISTRICT 5 Council District 5,WRITE-IN,MALTBY,4026,0
COUNTY COUNCIL DISTRICT 5 Council District 5,Kelli Johnson,SEXTON,4029,116
COUNTY COUNCIL DISTRICT 5 Council District 5,Sam Low,SEXTON,4029,134
COUNTY COUNCIL DISTRICT 5 Council District 5,WRITE-IN,SEXTON,4029,0
COUNTY COUNCIL DISTRICT 5 Council District 5,Kelli Johnson,THREE LAKES,4031,73
COUNTY COUNCIL DISTRICT 5 Council District 5,Sam Low,THREE LAKES,4031,105
COUNTY COUNCIL DISTRICT 5 Council District 5,WRITE-IN,THREE LAKES,4031,0
COUNTY COUNCIL DISTRICT 5 Council District 5,Kelli Johnson,CATHCART,4032,64
COUNTY COUNCIL DISTRICT 5 Council District 5,Sam Low,CATHCART,4032,74
COUNTY COUNCIL DISTRICT 5 Council District 5,WRITE-IN,CATHCART,4032,0
COUNTY COUNCIL DISTRICT 5 Council District 5,Kelli Johnson,ROOSEVELT,4036,70
COUNTY COUNCIL DISTRICT 5 Council District 5,Sam Low,ROOSEVELT,4036,58
COUNTY COUNCIL DISTRICT 5 Council District 5,WRITE-IN,ROOSEVELT,4036,0
COUNTY COUNCIL DISTRICT 5 Council District 5,Kelli Johnson,SKYKOMISH,4041,32
COUNTY COUNCIL DISTRICT 5 Council District 5,Sam Low,SKYKOMISH,4041,33
COUNTY COUNCIL DISTRICT 5 Council District 5,WRITE-IN,SKYKOMISH,4041,0
COUNTY COUNCIL DISTRICT 5 Council District 5,Kelli Johnson,OLNEY,4043,81
COUNTY COUNCIL DISTRICT 5 Council District 5,Sam Low,OLNEY,4043,137
COUNTY COUNCIL DISTRICT 5 Council District 5,WRITE-IN,OLNEY,4043,0
COUNTY COUNCIL DISTRICT 5 Council District 5,Kelli Johnson,MACHIAS,4045,68
COUNTY COUNCIL DISTRICT 5 Council District 5,Sam Low,MACHIAS,4045,112
COUNTY COUNCIL DISTRICT 5 Council District 5,WRITE-IN,MACHIAS,4045,0
COUNTY COUNCIL DISTRICT 5 Council District 5,Kelli Johnson,MARION,4046,56
COUNTY COUNCIL DISTRICT 5 Council District 5,Sam Low,MARION,4046,77
COUNTY COUNCIL DISTRICT 5 Council District 5,WRITE-IN,MARION,4046,1
COUNTY COUNCIL DISTRICT 5 Council District 5,Kelli Johnson,RIVERVIEW,4052,93
COUNTY COUNCIL DISTRICT 5 Council District 5,Sam Low,RIVERVIEW,4052,126
COUNTY COUNCIL DISTRICT 5 Council District 5,WRITE-IN,RIVERVIEW,4052,1
COUNTY COUNCIL DISTRICT 5 Council District 5,Kelli Johnson,WINTER LAKE,4058,31
COUNTY COUNCIL DISTRICT 5 Council District 5,Sam Low,WINTER LAKE,4058,69
COUNTY COUNCIL DISTRICT 5 Council District 5,WRITE-IN,WINTER LAKE,4058,0
COUNTY COUNCIL DISTRICT 5 Council District 5,Kelli Johnson,SOUTH LAKE STEVENS,4059,43
COUNTY COUNCIL DISTRICT 5 Council District 5,Sam Low,SOUTH LAKE STEVENS,4059,62
COUNTY COUNCIL DISTRICT 5 Council District 5,WRITE-IN,SOUTH LAKE STEVENS,4059,0
COUNTY COUNCIL DISTRICT 5 Council District 5,Kelli Johnson,CLEARVIEW,4062,90
COUNTY COUNCIL DISTRICT 5 Council District 5,Sam Low,CLEARVIEW,4062,109
COUNTY COUNCIL DISTRICT 5 Council District 5,WRITE-IN,CLEARVIEW,4062,0
COUNTY COUNCIL DISTRICT 5 Council District 5,Kelli Johnson,HIGHLAND,4064,82
COUNTY COUNCIL DISTRICT 5 Council District 5,Sam Low,HIGHLAND,4064,143
COUNTY COUNCIL DISTRICT 5 Council District 5,WRITE-IN,HIGHLAND,4064,0
COUNTY COUNCIL DISTRICT 5 Council District 5,Kelli Johnson,FIR,4066,73
COUNTY COUNCIL DISTRICT 5 Council District 5,Sam Low,FIR,4066,99
COUNTY COUNCIL DISTRICT 5 Council District 5,WRITE-IN,FIR,4066,0
COUNTY COUNCIL DISTRICT 5 Council District 5,Kelli Johnson,GLENWOOD,4067,36
COUNTY COUNCIL DISTRICT 5 Council District 5,Sam Low,GLENWOOD,4067,69
COUNTY COUNCIL DISTRICT 5 Council District 5,WRITE-IN,GLENWOOD,4067,0
COUNTY COUNCIL DISTRICT 5 Council District 5,Kelli Johnson,TRAIL,4072,45
COUNTY COUNCIL DISTRICT 5 Council District 5,Sam Low,TRAIL,4072,71
COUNTY COUNCIL DISTRICT 5 Council District 5,WRITE-IN,TRAIL,4072,1
COUNTY COUNCIL DISTRICT 5 Council District 5,Kelli Johnson,BERKSHIRE,4075,77
COUNTY COUNCIL DISTRICT 5 Council District 5,Sam Low,BERKSHIRE,4075,87
COUNTY COUNCIL DISTRICT 5 Council District 5,WRITE-IN,BERKSHIRE,4075,0
COUNTY COUNCIL DISTRICT 5 Council District 5,Kelli Johnson,HILTONS LAKE,4086,66
COUNTY COUNCIL DISTRICT 5 Council District 5,Sam Low,HILTONS LAKE,4086,97
COUNTY COUNCIL DISTRICT 5 Council District 5,WRITE-IN,HILTONS LAKE,4086,0
COUNTY COUNCIL DISTRICT 5 Council District 5,Kelli Johnson,MINOR,4170,101
COUNTY COUNCIL DISTRICT 5 Council District 5,Sam Low,MINOR,4170,96
COUNTY COUNCIL DISTRICT 5 Council District 5,WRITE-IN,MINOR,4170,1
COUNTY COUNCIL DISTRICT 5 Council District 5,Kelli Johnson,RIVERCREST,4172,32
COUNTY COUNCIL DISTRICT 5 Council District 5,Sam Low,RIVERCREST,4172,51
COUNTY COUNCIL DISTRICT 5 Council District 5,WRITE-IN,RIVERCREST,4172,0
COUNTY COUNCIL DISTRICT 5 Council District 5,Kelli Johnson,BEECHER,4178,94
COUNTY COUNCIL DISTRICT 5 Council District 5,Sam Low,BEECHER,4178,130
COUNTY COUNCIL DISTRICT 5 Council District 5,WRITE-IN,BEECHER,4178,1
COUNTY COUNCIL DISTRICT 5 Council District 5,Kelli Johnson,TOWER,4197,93
COUNTY COUNCIL DISTRICT 5 Council District 5,Sam Low,TOWER,4197,67
COUNTY COUNCIL DISTRICT 5 Council District 5,WRITE-IN,TOWER,4197,1
COUNTY COUNCIL DISTRICT 5 Council District 5,Kelli Johnson,VILLE,4198,30
COUNTY COUNCIL DISTRICT 5 Council District 5,Sam Low,VILLE,4198,58
COUNTY COUNCIL DISTRICT 5 Council District 5,WRITE-IN,VILLE,4198,0
COUNTY COUNCIL DISTRICT 5 Council District 5,Kelli Johnson,TROMBLEY,4272,25
COUNTY COUNCIL DISTRICT 5 Council District 5,Sam Low,TROMBLEY,4272,31
COUNTY COUNCIL DISTRICT 5 Council District 5,WRITE-IN,TROMBLEY,4272,0
COUNTY COUNCIL DISTRICT 5 Council District 5,Kelli Johnson,WOODLAND,4273,54
COUNTY COUNCIL DISTRICT 5 Council District 5,Sam Low,WOODLAND,4273,36
COUNTY COUNCIL DISTRICT 5 Council District 5,WRITE-IN,WOODLAND,4273,0
COUNTY COUNCIL DISTRICT 5 Council District 5,Kelli Johnson,CREEK,4283,100
COUNTY COUNCIL DISTRICT 5 Council District 5,Sam Low,CREEK,4283,61
COUNTY COUNCIL DISTRICT 5 Council District 5,WRITE-IN,CREEK,4283,0
COUNTY COUNCIL DISTRICT 5 Council District 5,Kelli Johnson,HAINES,4291,87
COUNTY COUNCIL DISTRICT 5 Council District 5,Sam Low,HAINES,4291,111
COUNTY COUNCIL DISTRICT 5 Council District 5,WRITE-IN,HAINES,4291,1
COUNTY COUNCIL DISTRICT 5 Council District 5,Kelli Johnson,HIGH BRIDGE,4292,110
COUNTY COUNCIL DISTRICT 5 Council District 5,Sam Low,HIGH BRIDGE,4292,127
COUNTY COUNCIL DISTRICT 5 Council District 5,WRITE-IN,HIGH BRIDGE,4292,0
COUNTY COUNCIL DISTRICT 5 Council District 5,Kelli Johnson,JORDAN,4295,79
COUNTY COUNCIL DISTRICT 5 Council District 5,Sam Low,JORDAN,4295,80
COUNTY COUNCIL DISTRICT 5 Council District 5,WRITE-IN,JORDAN,4295,0
COUNTY COUNCIL DISTRICT 5 Council District 5,Kelli Johnson,MEADOW,4300,53
COUNTY COUNCIL DISTRICT 5 Council District 5,Sam Low,MEADOW,4300,96
COUNTY COUNCIL DISTRICT 5 Council District 5,WRITE-IN,MEADOW,4300,0
COUNTY COUNCIL DISTRICT 5 Council District 5,Kelli Johnson,OWEN,4309,74
COUNTY COUNCIL DISTRICT 5 Council District 5,Sam Low,OWEN,4309,110
COUNTY COUNCIL DISTRICT 5 Council District 5,WRITE-IN,OWEN,4309,0
COUNTY COUNCIL DISTRICT 5 Council District 5,Kelli Johnson,PARADISE,4310,84
COUNTY COUNCIL DISTRICT 5 Council District 5,Sam Low,PARADISE,4310,106
COUNTY COUNCIL DISTRICT 5 Council District 5,WRITE-IN,PARADISE,4310,0
COUNTY COUNCIL DISTRICT 5 Council District 5,Kelli Johnson,PEAK(*),4311,0
COUNTY COUNCIL DISTRICT 5 Council District 5,Sam Low,PEAK(*),4311,0
COUNTY COUNCIL DISTRICT 5 Council District 5,WRITE-IN,PEAK(*),4311,0
COUNTY COUNCIL DISTRICT 5 Council District 5,Kelli Johnson,PETERSON,4313,104
COUNTY COUNCIL DISTRICT 5 Council District 5,Sam Low,PETERSON,4313,134
COUNTY COUNCIL DISTRICT 5 Council District 5,WRITE-IN,PETERSON,4313,1
COUNTY COUNCIL DISTRICT 5 Council District 5,Kelli Johnson,PINEWOOD,4315,100
COUNTY COUNCIL DISTRICT 5 Council District 5,Sam Low,PINEWOOD,4315,118
COUNTY COUNCIL DISTRICT 5 Council District 5,WRITE-IN,PINEWOOD,4315,0
COUNTY COUNCIL DISTRICT 5 Council District 5,Kelli Johnson,TURNER,4329,107
COUNTY COUNCIL DISTRICT 5 Council District 5,Sam Low,TURNER,4329,125
COUNTY COUNCIL DISTRICT 5 Council District 5,WRITE-IN,TURNER,4329,0
COUNTY COUNCIL DISTRICT 5 Council District 5,Kelli Johnson,WELLINGTON,4333,146
COUNTY COUNCIL DISTRICT 5 Council District 5,Sam Low,WELLINGTON,4333,134
COUNTY COUNCIL DISTRICT 5 Council District 5,WRITE-IN,WELLINGTON,4333,0
COUNTY COUNCIL DISTRICT 5 Council District 5,Kelli Johnson,WHEELER,4334,97
COUNTY COUNCIL DISTRICT 5 Council District 5,Sam Low,WHEELER,4334,92
COUNTY COUNCIL DISTRICT 5 Council District 5,WRITE-IN,WHEELER,4334,0
COUNTY COUNCIL DISTRICT 5 Council District 5,Kelli Johnson,WINDSONG,4336,103
COUNTY COUNCIL DISTRICT 5 Council District 5,Sam Low,WINDSONG,4336,60
COUNTY COUNCIL DISTRICT 5 Council District 5,WRITE-IN,WINDSONG,4336,0
COUNTY COUNCIL DISTRICT 5 Council District 5,Kelli Johnson,WOODRIDGE,4339,102
COUNTY COUNCIL DISTRICT 5 Council District 5,Sam Low,WOODRIDGE,4339,91
COUNTY COUNCIL DISTRICT 5 Council District 5,WRITE-IN,WOODRIDGE,4339,0
COUNTY COUNCIL DISTRICT 5 Council District 5,Kelli Johnson,BLUFF,4340,96
COUNTY COUNCIL DISTRICT 5 Council District 5,Sam Low,BLUFF,4340,115
COUNTY COUNCIL DISTRICT 5 Council District 5,WRITE-IN,BLUFF,4340,0
COUNTY COUNCIL DISTRICT 5 Council District 5,Kelli Johnson,LANTERN,4341,97
COUNTY COUNCIL DISTRICT 5 Council District 5,Sam Low,LANTERN,4341,70
COUNTY COUNCIL DISTRICT 5 Council District 5,WRITE-IN,LANTERN,4341,1
COUNTY COUNCIL DISTRICT 5 Council District 5,Kelli Johnson,DUBUQUE,4345,60
COUNTY COUNCIL DISTRICT 5 Council District 5,Sam Low,DUBUQUE,4345,123
COUNTY COUNCIL DISTRICT 5 Council District 5,WRITE-IN,DUBUQUE,4345,0
COUNTY COUNCIL DISTRICT 5 Council District 5,Kelli Johnson,POINTE,4358,15
COUNTY COUNCIL DISTRICT 5 Council District 5,Sam Low,POINTE,4358,18
COUNTY COUNCIL DISTRICT 5 Council District 5,WRITE-IN,POINTE,4358,0
COUNTY COUNCIL DISTRICT 5 Council District 5,Kelli Johnson,SUNRISE,4364,99
COUNTY COUNCIL DISTRICT 5 Council District 5,Sam Low,SUNRISE,4364,74
COUNTY COUNCIL DISTRICT 5 Council District 5,WRITE-IN,SUNRISE,4364,0
COUNTY COUNCIL DISTRICT 5 Council District 5,Kelli Johnson,VALMONT,4366,39
COUNTY COUNCIL DISTRICT 5 Council District 5,Sam Low,VALMONT,4366,64
COUNTY COUNCIL DISTRICT 5 Council District 5,WRITE-IN,VALMONT,4366,0
COUNTY COUNCIL DISTRICT 5 Council District 5,Kelli Johnson,BATTERY,4369,69
COUNTY COUNCIL DISTRICT 5 Council District 5,Sam Low,BATTERY,4369,51
COUNTY COUNCIL DISTRICT 5 Council District 5,WRITE-IN,BATTERY,4369,0
COUNTY COUNCIL DISTRICT 5 Council District 5,Kelli Johnson,CHAIN LAKE,4371,64
COUNTY COUNCIL DISTRICT 5 Council District 5,Sam Low,CHAIN LAKE,4371,131
COUNTY COUNCIL DISTRICT 5 Council District 5,WRITE-IN,CHAIN LAKE,4371,0
COUNTY COUNCIL DISTRICT 5 Council District 5,Kelli Johnson,ECHO LAKE,4372,83
COUNTY COUNCIL DISTRICT 5 Council District 5,Sam Low,ECHO LAKE,4372,130
COUNTY COUNCIL DISTRICT 5 Council District 5,WRITE-IN,ECHO LAKE,4372,0
COUNTY COUNCIL DISTRICT 5 Council District 5,Kelli Johnson,LOST LAKE,4375,76
COUNTY COUNCIL DISTRICT 5 Council District 5,Sam Low,LOST LAKE,4375,64
COUNTY COUNCIL DISTRICT 5 Council District 5,WRITE-IN,LOST LAKE,4375,0
COUNTY COUNCIL DISTRICT 5 Council District 5,Kelli Johnson,BOSTIAN,4387,63
COUNTY COUNCIL DISTRICT 5 Council District 5,Sam Low,BOSTIAN,4387,74
COUNTY COUNCIL DISTRICT 5 Council District 5,WRITE-IN,BOSTIAN,4387,0
COUNTY COUNCIL DISTRICT 5 Council District 5,Kelli Johnson,BROCKLIN,4388,70
COUNTY COUNCIL DISTRICT 5 Council District 5,Sam Low,BROCKLIN,4388,107
COUNTY COUNCIL DISTRICT 5 Council District 5,WRITE-IN,BROCKLIN,4388,0
COUNTY COUNCIL DISTRICT 5 Council District 5,Kelli Johnson,HIGH ROCK,4417,57
COUNTY COUNCIL DISTRICT 5 Council District 5,Sam Low,HIGH ROCK,4417,76
COUNTY COUNCIL DISTRICT 5 Council District 5,WRITE-IN,HIGH ROCK,4417,0
COUNTY COUNCIL DISTRICT 5 Council District 5,Kelli Johnson,MANN,4425,55
COUNTY COUNCIL DISTRICT 5 Council District 5,Sam Low,MANN,4425,104
COUNTY COUNCIL DISTRICT 5 Council District 5,WRITE-IN,MANN,4425,0
COUNTY COUNCIL DISTRICT 5 Council District 5,Kelli Johnson,REES,4435,24
COUNTY COUNCIL DISTRICT 5 Council District 5,Sam Low,REES,4435,63
COUNTY COUNCIL DISTRICT 5 Council District 5,WRITE-IN,REES,4435,0
COUNTY COUNCIL DISTRICT 5 Council District 5,Kelli Johnson,WAGNER,4442,66
COUNTY COUNCIL DISTRICT 5 Council District 5,Sam Low,WAGNER,4442,110
COUNTY COUNCIL DISTRICT 5 Council District 5,WRITE-IN,WAGNER,4442,0
COUNTY COUNCIL DISTRICT 5 Council District 5,Kelli Johnson,WOODS CREEK,4443,36
COUNTY COUNCIL DISTRICT 5 Council District 5,Sam Low,WOODS CREEK,4443,32
COUNTY COUNCIL DISTRICT 5 Council District 5,WRITE-IN,WOODS CREEK,4443,0
COUNTY COUNCIL DISTRICT 5 Council District 5,Kelli Johnson,FAIRVIEW,4454,65
COUNTY COUNCIL DISTRICT 5 Council District 5,Sam Low,FAIRVIEW,4454,65
COUNTY COUNCIL DISTRICT 5 Council District 5,WRITE-IN,FAIRVIEW,4454,0
COUNTY COUNCIL DISTRICT 5 Council District 5,Kelli Johnson,HEARTHSTONE,4458,110
COUNTY COUNCIL DISTRICT 5 Council District 5,Sam Low,HEARTHSTONE,4458,81
COUNTY COUNCIL DISTRICT 5 Council District 5,WRITE-IN,HEARTHSTONE,4458,0
COUNTY COUNCIL DISTRICT 5 Council District 5,Kelli Johnson,MARKS,4464,76
COUNTY COUNCIL DISTRICT 5 Council District 5,Sam Low,MARKS,4464,93
COUNTY COUNCIL DISTRICT 5 Council District 5,WRITE-IN,MARKS,4464,0
COUNTY COUNCIL DISTRICT 5 Council District 5,Kelli Johnson,MAY CREEK,4469,101
COUNTY COUNCIL DISTRICT 5 Council District 5,Sam Low,MAY CREEK,4469,110
COUNTY COUNCIL DISTRICT 5 Council District 5,WRITE-IN,MAY CREEK,4469,1
COUNTY COUNCIL DISTRICT 5 Council District 5,Kelli Johnson,MILL,4471,53
COUNTY COUNCIL DISTRICT 5 Council District 5,Sam Low,MILL,4471,95
COUNTY COUNCIL DISTRICT 5 Council District 5,WRITE-IN,MILL,4471,1
COUNTY COUNCIL DISTRICT 5 Council District 5,Kelli Johnson,OSBORN,4477,85
COUNTY COUNCIL DISTRICT 5 Council District 5,Sam Low,OSBORN,4477,74
COUNTY COUNCIL DISTRICT 5 Council District 5,WRITE-IN,OSBORN,4477,0
COUNTY COUNCIL DISTRICT 5 Council District 5,Kelli Johnson,PANTHER CREEK,4478,93
COUNTY COUNCIL DISTRICT 5 Council District 5,Sam Low,PANTHER CREEK,4478,103
COUNTY COUNCIL DISTRICT 5 Council District 5,WRITE-IN,PANTHER CREEK,4478,1
COUNTY COUNCIL DISTRICT 5 Council District 5,Kelli Johnson,PIONEER TRAILS,4480,107
COUNTY COUNCIL DISTRICT 5 Council District 5,Sam Low,PIONEER TRAILS,4480,111
COUNTY COUNCIL DISTRICT 5 Council District 5,WRITE-IN,PIONEER TRAILS,4480,0
COUNTY COUNCIL DISTRICT 5 Council District 5,Kelli Johnson,RIDGEWAY,4482,76
COUNTY COUNCIL DISTRICT 5 Council District 5,Sam Low,RIDGEWAY,4482,97
COUNTY COUNCIL DISTRICT 5 Council District 5,WRITE-IN,RIDGEWAY,4482,3
COUNTY COUNCIL DISTRICT 5 Council District 5,Kelli Johnson,STORM LAKE,4487,97
COUNTY COUNCIL DISTRICT 5 Council District 5,Sam Low,STORM LAKE,4487,110
COUNTY COUNCIL DISTRICT 5 Council District 5,WRITE-IN,STORM LAKE,4487,0
COUNTY COUNCIL DISTRICT 5 Council District 5,Kelli Johnson,CENTENNIAL,4490,59
COUNTY COUNCIL DISTRICT 5 Council District 5,Sam Low,CENTENNIAL,4490,70
COUNTY COUNCIL DISTRICT 5 Council District 5,WRITE-IN,CENTENNIAL,4490,0
COUNTY COUNCIL DISTRICT 5 Council District 5,Kelli Johnson,FIRCREST,4493,66
COUNTY COUNCIL DISTRICT 5 Council District 5,Sam Low,FIRCREST,4493,76
COUNTY COUNCIL DISTRICT 5 Council District 5,WRITE-IN,FIRCREST,4493,2
COUNTY COUNCIL DISTRICT 5 Council District 5,Kelli Johnson,PIPELINE,4507,60
COUNTY COUNCIL DISTRICT 5 Council District 5,Sam Low,PIPELINE,4507,70
COUNTY COUNCIL DISTRICT 5 Council District 5,WRITE-IN,PIPELINE,4507,0
COUNTY COUNCIL DISTRICT 5 Council District 5,Kelli Johnson,FERN,4526,13
COUNTY COUNCIL DISTRICT 5 Council District 5,Sam Low,FERN,4526,31
COUNTY COUNCIL DISTRICT 5 Council District 5,WRITE-IN,FERN,4526,0
COUNTY COUNCIL DISTRICT 5 Council District 5,Kelli Johnson,GREENWOOD,4530,56
COUNTY COUNCIL DISTRICT 5 Council District 5,Sam Low,GREENWOOD,4530,70
COUNTY COUNCIL DISTRICT 5 Council District 5,WRITE-IN,GREENWOOD,4530,0
COUNTY COUNCIL DISTRICT 5 Council District 5,Kelli Johnson,HAVEN,4531,92
COUNTY COUNCIL DISTRICT 5 Council District 5,Sam Low,HAVEN,4531,112
COUNTY COUNCIL DISTRICT 5 Council District 5,WRITE-IN,HAVEN,4531,0
COUNTY COUNCIL DISTRICT 5 Council District 5,Kelli Johnson,HILLSIDE,4532,17
COUNTY COUNCIL DISTRICT 5 Council District 5,Sam Low,HILLSIDE,4532,29
COUNTY COUNCIL DISTRICT 5 Council District 5,WRITE-IN,HILLSIDE,4532,0
COUNTY COUNCIL DISTRICT 5 Council District 5,Kelli Johnson,IVERSON,4534,68
COUNTY COUNCIL DISTRICT 5 Council District 5,Sam Low,IVERSON,4534,72
COUNTY COUNCIL DISTRICT 5 Council District 5,WRITE-IN,IVERSON,4534,0
COUNTY COUNCIL DISTRICT 5 Council District 5,Kelli Johnson,KOKANEE,4535,79
COUNTY COUNCIL DISTRICT 5 Council District 5,Sam Low,KOKANEE,4535,67
COUNTY COUNCIL DISTRICT 5 Council District 5,WRITE-IN,KOKANEE,4535,0
COUNTY COUNCIL DISTRICT 5 Council District 5,Kelli Johnson,LUPINE,4537,61
COUNTY COUNCIL DISTRICT 5 Council District 5,Sam Low,LUPINE,4537,70
COUNTY COUNCIL DISTRICT 5 Council District 5,WRITE-IN,LUPINE,4537,0
COUNTY COUNCIL DISTRICT 5 Council District 5,Kelli Johnson,OHLDE,4549,80
COUNTY COUNCIL DISTRICT 5 Council District 5,Sam Low,OHLDE,4549,120
COUNTY COUNCIL DISTRICT 5 Council District 5,WRITE-IN,OHLDE,4549,0
COUNTY COUNCIL DISTRICT 5 Council District 5,Kelli Johnson,POND,4551,42
COUNTY COUNCIL DISTRICT 5 Council District 5,Sam Low,POND,4551,75
COUNTY COUNCIL DISTRICT 5 Council District 5,WRITE-IN,POND,4551,0
COUNTY COUNCIL DISTRICT 5 Council District 5,Kelli Johnson,ROBINHOOD,4553,46
COUNTY COUNCIL DISTRICT 5 Council District 5,Sam Low,ROBINHOOD,4553,43
COUNTY COUNCIL DISTRICT 5 Council District 5,WRITE-IN,ROBINHOOD,4553,0
COUNTY COUNCIL DISTRICT 5 Council District 5,Kelli Johnson,RUGGS LAKE,4554,35
COUNTY COUNCIL DISTRICT 5 Council District 5,Sam Low,RUGGS LAKE,4554,35
COUNTY COUNCIL DISTRICT 5 Council District 5,WRITE-IN,RUGGS LAKE,4554,0
COUNTY COUNCIL DISTRICT 5 Council District 5,Kelli Johnson,WELCH,4560,107
COUNTY COUNCIL DISTRICT 5 Council District 5,Sam Low,WELCH,4560,140
COUNTY COUNCIL DISTRICT 5 Council District 5,WRITE-IN,WELCH,4560,1
COUNTY COUNCIL DISTRICT 5 Council District 5,Kelli Johnson,FALLS,4579,5
COUNTY COUNCIL DISTRICT 5 Council District 5,Sam Low,FALLS,4579,17
COUNTY COUNCIL DISTRICT 5 Council District 5,WRITE-IN,FALLS,4579,0
COUNTY COUNCIL DISTRICT 5 Council District 5,Kelli Johnson,FOUR CORNERS,4580,128
COUNTY COUNCIL DISTRICT 5 Council District 5,Sam Low,FOUR CORNERS,4580,122
COUNTY COUNCIL DISTRICT 5 Council District 5,WRITE-IN,FOUR CORNERS,4580,2
COUNTY COUNCIL DISTRICT 5 Council District 5,Kelli Johnson,KNOX,4585,7
COUNTY COUNCIL DISTRICT 5 Council District 5,Sam Low,KNOX,4585,11
COUNTY COUNCIL DISTRICT 5 Council District 5,WRITE-IN,KNOX,4585,0
COUNTY COUNCIL DISTRICT 5 Council District 5,Kelli Johnson,MORNING RISE,4588,83
COUNTY COUNCIL DISTRICT 5 Council District 5,Sam Low,MORNING RISE,4588,80
COUNTY COUNCIL DISTRICT 5 Council District 5,WRITE-IN,MORNING RISE,4588,0
COUNTY COUNCIL DISTRICT 5 Council District 5,Kelli Johnson,SLIVER(*),4591,0
COUNTY COUNCIL DISTRICT 5 Council District 5,Sam Low,SLIVER(*),4591,0
COUNTY COUNCIL DISTRICT 5 Council District 5,WRITE-IN,SLIVER(*),4591,0
COUNTY COUNCIL DISTRICT 5 Council District 5,Kelli Johnson,KENSINGTON,4648,62
COUNTY COUNCIL DISTRICT 5 Council District 5,Sam Low,KENSINGTON,4648,93
COUNTY COUNCIL DISTRICT 5 Council District 5,WRITE-IN,KENSINGTON,4648,0
COUNTY COUNCIL DISTRICT 5 Council District 5,Kelli Johnson,SILER,4657,43
COUNTY COUNCIL DISTRICT 5 Council District 5,Sam Low,SILER,4657,57
COUNTY COUNCIL DISTRICT 5 Council District 5,WRITE-IN,SILER,4657,0
COUNTY COUNCIL DISTRICT 5 Council District 5,Kelli Johnson,GLEN ACRES(*),4698,0
COUNTY COUNCIL DISTRICT 5 Council District 5,Sam Low,GLEN ACRES(*),4698,0
COUNTY COUNCIL DISTRICT 5 Council District 5,WRITE-IN,GLEN ACRES(*),4698,0
COUNTY COUNCIL DISTRICT 5 Council District 5,Kelli Johnson,OVERLOOK,4706,80
COUNTY COUNCIL DISTRICT 5 Council District 5,Sam Low,OVERLOOK,4706,82
COUNTY COUNCIL DISTRICT 5 Council District 5,WRITE-IN,OVERLOOK,4706,0
COUNTY COUNCIL DISTRICT 5 Council District 5,Kelli Johnson,SOFIE,4710,51
COUNTY COUNCIL DISTRICT 5 Council District 5,Sam Low,SOFIE,4710,44
COUNTY COUNCIL DISTRICT 5 Council District 5,WRITE-IN,SOFIE,4710,0
COUNTY COUNCIL DISTRICT 5 Council District 5,Kelli Johnson,WEST FORK,4750,16
COUNTY COUNCIL DISTRICT 5 Council District 5,Sam Low,WEST FORK,4750,28
COUNTY COUNCIL DISTRICT 5 Council District 5,WRITE-IN,WEST FORK,4750,0
COUNTY COUNCIL DISTRICT 5 Council District 5,Kelli Johnson,PILCHUCK RIVER,4753,7
COUNTY COUNCIL DISTRICT 5 Council District 5,Sam Low,PILCHUCK RIVER,4753,5
COUNTY COUNCIL DISTRICT 5 Council District 5,WRITE-IN,PILCHUCK RIVER,4753,0
COUNTY COUNCIL DISTRICT 5 Council District 5,Kelli Johnson,RICHLAND,4754,55
COUNTY COUNCIL DISTRICT 5 Council District 5,Sam Low,RICHLAND,4754,35
COUNTY COUNCIL DISTRICT 5 Council District 5,WRITE-IN,RICHLAND,4754,0
COUNTY COUNCIL DISTRICT 5 Council District 5,Kelli Johnson,SYLVAN,4756,6
COUNTY COUNCIL DISTRICT 5 Council District 5,Sam Low,SYLVAN,4756,16
COUNTY COUNCIL DISTRICT 5 Council District 5,WRITE-IN,SYLVAN,4756,0
COUNTY COUNCIL DISTRICT 5 Council District 5,Kelli Johnson,FRANSSON,4782,40
COUNTY COUNCIL DISTRICT 5 Council District 5,Sam Low,FRANSSON,4782,22
COUNTY COUNCIL DISTRICT 5 Council District 5,WRITE-IN,FRANSSON,4782,0
COUNTY COUNCIL DISTRICT 5 Council District 5,Kelli Johnson,LAKEDALE,4784,79
COUNTY COUNCIL DISTRICT 5 Council District 5,Sam Low,LAKEDALE,4784,55
COUNTY COUNCIL DISTRICT 5 Council District 5,WRITE-IN,LAKEDALE,4784,0
COUNTY COUNCIL DISTRICT 5 Council District 5,Kelli Johnson,EVERGREEN VIEW,4802,66
COUNTY COUNCIL DISTRICT 5 Council District 5,Sam Low,EVERGREEN VIEW,4802,51
COUNTY COUNCIL DISTRICT 5 Council District 5,WRITE-IN,EVERGREEN VIEW,4802,1
COUNTY COUNCIL DISTRICT 5 Council District 5,Kelli Johnson,MERO,4804,51
COUNTY COUNCIL DISTRICT 5 Council District 5,Sam Low,MERO,4804,65
COUNTY COUNCIL DISTRICT 5 Council District 5,WRITE-IN,MERO,4804,0
COUNTY COUNCIL DISTRICT 5 Council District 5,Kelli Johnson,CUTOFF,4818,11
COUNTY COUNCIL DISTRICT 5 Council District 5,Sam Low,CUTOFF,4818,2
COUNTY COUNCIL DISTRICT 5 Council District 5,WRITE-IN,CUTOFF,4818,0
COUNTY COUNCIL DISTRICT 5 Council District 5,Kelli Johnson,RICHARDSON,4842,61
COUNTY COUNCIL DISTRICT 5 Council District 5,Sam Low,RICHARDSON,4842,92
COUNTY COUNCIL DISTRICT 5 Council District 5,WRITE-IN,RICHARDSON,4842,0
COUNTY COUNCIL DISTRICT 5 Council District 5,Kelli Johnson,NOTTINGHAM,4843,81
COUNTY COUNCIL DISTRICT 5 Council District 5,Sam Low,NOTTINGHAM,4843,91
COUNTY COUNCIL DISTRICT 5 Council District 5,WRITE-IN,NOTTINGHAM,4843,0
COUNTY COUNCIL DISTRICT 5 Council District 5,Kelli Johnson,RIVIERA,4844,30
COUNTY COUNCIL DISTRICT 5 Council District 5,Sam Low,RIVIERA,4844,69
COUNTY COUNCIL DISTRICT 5 Council District 5,WRITE-IN,RIVIERA,4844,0
COUNTY COUNCIL DISTRICT 5 Council District 5,Kelli Johnson,CAVALERO,4845,6
COUNTY COUNCIL DISTRICT 5 Council District 5,Sam Low,CAVALERO,4845,15
COUNTY COUNCIL DISTRICT 5 Council District 5,WRITE-IN,CAVALERO,4845,0
COUNTY COUNCIL DISTRICT 5 Council District 5,Kelli Johnson,TROUT,4846,50
COUNTY COUNCIL DISTRICT 5 Council District 5,Sam Low,TROUT,4846,64
COUNTY COUNCIL DISTRICT 5 Council District 5,WRITE-IN,TROUT,4846,0
COUNTY COUNCIL DISTRICT 5 Council District 5,Kelli Johnson,FOREST GLADE,4869,44
COUNTY COUNCIL DISTRICT 5 Council District 5,Sam Low,FOREST GLADE,4869,83
COUNTY COUNCIL DISTRICT 5 Council District 5,WRITE-IN,FOREST GLADE,4869,2
CITY OF EDMONDS Council Position 3,Alex Newman,Total,-1,4959
CITY OF EDMONDS Council Position 3,Joseph Ademofe,Total,-1,1122
CITY OF EDMONDS Council Position 3,Erika Barnett,Total,-1,5797
CITY OF EDMONDS Council Position 3,WRITE-IN,Total,-1,36
CITY OF EDMONDS Council Position 3,Alex Newman,EDMONDS  1,1101,94
CITY OF EDMONDS Council Position 3,Joseph Ademofe,EDMONDS  1,1101,11
CITY OF EDMONDS Council Position 3,Erika Barnett,EDMONDS  1,1101,165
CITY OF EDMONDS Council Position 3,WRITE-IN,EDMONDS  1,1101,0
CITY OF EDMONDS Council Position 3,Alex Newman,EDMONDS  2,1102,86
CITY OF EDMONDS Council Position 3,Joseph Ademofe,EDMONDS  2,1102,32
CITY OF EDMONDS Council Position 3,Erika Barnett,EDMONDS  2,1102,203
CITY OF EDMONDS Council Position 3,WRITE-IN,EDMONDS  2,1102,5
CITY OF EDMONDS Council Position 3,Alex Newman,EDMONDS  3,1103,128
CITY OF EDMONDS Council Position 3,Joseph Ademofe,EDMONDS  3,1103,27
CITY OF EDMONDS Council Position 3,Erika Barnett,EDMONDS  3,1103,174
CITY OF EDMONDS Council Position 3,WRITE-IN,EDMONDS  3,1103,2
CITY OF EDMONDS Council Position 3,Alex Newman,EDMONDS  4,1104,108
CITY OF EDMONDS Council Position 3,Joseph Ademofe,EDMONDS  4,1104,13
CITY OF EDMONDS Council Position 3,Erika Barnett,EDMONDS  4,1104,111
CITY OF EDMONDS Council Position 3,WRITE-IN,EDMONDS  4,1104,1
CITY OF EDMONDS Council Position 3,Alex Newman,EDMONDS  5,1105,66
CITY OF EDMONDS Council Position 3,Joseph Ademofe,EDMONDS  5,1105,14
CITY OF EDMONDS Council Position 3,Erika Barnett,EDMONDS  5,1105,84
CITY OF EDMONDS Council Position 3,WRITE-IN,EDMONDS  5,1105,1
CITY OF EDMONDS Council Position 3,Alex Newman,EDMONDS  6,1106,136
CITY OF EDMONDS Council Position 3,Joseph Ademofe,EDMONDS  6,1106,19
CITY OF EDMONDS Council Position 3,Erika Barnett,EDMONDS  6,1106,156
CITY OF EDMONDS Council Position 3,WRITE-IN,EDMONDS  6,1106,1
CITY OF EDMONDS Council Position 3,Alex Newman,EDMONDS  7,1107,141
CITY OF EDMONDS Council Position 3,Joseph Ademofe,EDMONDS  7,1107,30
CITY OF EDMONDS Council Position 3,Erika Barnett,EDMONDS  7,1107,185
CITY OF EDMONDS Council Position 3,WRITE-IN,EDMONDS  7,1107,0
CITY OF EDMONDS Council Position 3,Alex Newman,EDMONDS  8,1108,149
CITY OF EDMONDS Council Position 3,Joseph Ademofe,EDMONDS  8,1108,36
CITY OF EDMONDS Council Position 3,Erika Barnett,EDMONDS  8,1108,207
CITY OF EDMONDS Council Position 3,WRITE-IN,EDMONDS  8,1108,0
CITY OF EDMONDS Council Position 3,Alex Newman,EDMONDS  9,1109,69
CITY OF EDMONDS Council Position 3,Joseph Ademofe,EDMONDS  9,1109,19
CITY OF EDMONDS Council Position 3,Erika Barnett,EDMONDS  9,1109,118
CITY OF EDMONDS Council Position 3,WRITE-IN,EDMONDS  9,1109,1
CITY OF EDMONDS Council Position 3,Alex Newman,EDMONDS 10,1110,126
CITY OF EDMONDS Council Position 3,Joseph Ademofe,EDMONDS 10,1110,22
CITY OF EDMONDS Council Position 3,Erika Barnett,EDMONDS 10,1110,163
CITY OF EDMONDS Council Position 3,WRITE-IN,EDMONDS 10,1110,0
CITY OF EDMONDS Council Position 3,Alex Newman,EDMONDS 13,1111,147
CITY OF EDMONDS Council Position 3,Joseph Ademofe,EDMONDS 13,1111,34
CITY OF EDMONDS Council Position 3,Erika Barnett,EDMONDS 13,1111,125
CITY OF EDMONDS Council Position 3,WRITE-IN,EDMONDS 13,1111,2
CITY OF EDMONDS Council Position 3,Alex Newman,EDMONDS 14,1112,71
CITY OF EDMONDS Council Position 3,Joseph Ademofe,EDMONDS 14,1112,20
CITY OF EDMONDS Council Position 3,Erika Barnett,EDMONDS 14,1112,59
CITY OF EDMONDS Council Position 3,WRITE-IN,EDMONDS 14,1112,1
CITY OF EDMONDS Council Position 3,Alex Newman,EDMONDS 15,1113,74
CITY OF EDMONDS Council Position 3,Joseph Ademofe,EDMONDS 15,1113,31
CITY OF EDMONDS Council Position 3,Erika Barnett,EDMONDS 15,1113,79
CITY OF EDMONDS Council Position 3,WRITE-IN,EDMONDS 15,1113,0
CITY OF EDMONDS Council Position 3,Alex Newman,EDMONDS 16,1114,97
CITY OF EDMONDS Council Position 3,Joseph Ademofe,EDMONDS 16,1114,21
CITY OF EDMONDS Council Position 3,Erika Barnett,EDMONDS 16,1114,49
CITY OF EDMONDS Council Position 3,WRITE-IN,EDMONDS 16,1114,1
CITY OF EDMONDS Council Position 3,Alex Newman,EDMONDS 17,1127,105
CITY OF EDMONDS Council Position 3,Joseph Ademofe,EDMONDS 17,1127,15
CITY OF EDMONDS Council Position 3,Erika Barnett,EDMONDS 17,1127,110
CITY OF EDMONDS Council Position 3,WRITE-IN,EDMONDS 17,1127,0
CITY OF EDMONDS Council Position 3,Alex Newman,EDMONDS 18,1132,70
CITY OF EDMONDS Council Position 3,Joseph Ademofe,EDMONDS 18,1132,15
CITY OF EDMONDS Council Position 3,Erika Barnett,EDMONDS 18,1132,43
CITY OF EDMONDS Council Position 3,WRITE-IN,EDMONDS 18,1132,0
CITY OF EDMONDS Council Position 3,Alex Newman,EDMONDS 19,1133,105
CITY OF EDMONDS Council Position 3,Joseph Ademofe,EDMONDS 19,1133,16
CITY OF EDMONDS Council Position 3,Erika Barnett,EDMONDS 19,1133,54
CITY OF EDMONDS Council Position 3,WRITE-IN,EDMONDS 19,1133,1
CITY OF EDMONDS Council Position 3,Alex Newman,EDMONDS 22,1147,86
CITY OF EDMONDS Council Position 3,Joseph Ademofe,EDMONDS 22,1147,10
CITY OF EDMONDS Council Position 3,Erika Barnett,EDMONDS 22,1147,148
CITY OF EDMONDS Council Position 3,WRITE-IN,EDMONDS 22,1147,0
CITY OF EDMONDS Council Position 3,Alex Newman,EDMONDS 23,1148,87
CITY OF EDMONDS Council Position 3,Joseph Ademofe,EDMONDS 23,1148,36
CITY OF EDMONDS Council Position 3,Erika Barnett,EDMONDS 23,1148,167
CITY OF EDMONDS Council Position 3,WRITE-IN,EDMONDS 23,1148,1
CITY OF EDMONDS Council Position 3,Alex Newman,EDMONDS 25,1153,75
CITY OF EDMONDS Council Position 3,Joseph Ademofe,EDMONDS 25,1153,11
CITY OF EDMONDS Council Position 3,Erika Barnett,EDMONDS 25,1153,104
CITY OF EDMONDS Council Position 3,WRITE-IN,EDMONDS 25,1153,2
CITY OF EDMONDS Council Position 3,Alex Newman,EDMONDS 27,1154,80
CITY OF EDMONDS Council Position 3,Joseph Ademofe,EDMONDS 27,1154,31
CITY OF EDMONDS Council Position 3,Erika Barnett,EDMONDS 27,1154,101
CITY OF EDMONDS Council Position 3,WRITE-IN,EDMONDS 27,1154,0
CITY OF EDMONDS Council Position 3,Alex Newman,EDMONDS 28,1155,131
CITY OF EDMONDS Council Position 3,Joseph Ademofe,EDMONDS 28,1155,23
CITY OF EDMONDS Council Position 3,Erika Barnett,EDMONDS 28,1155,120
CITY OF EDMONDS Council Position 3,WRITE-IN,EDMONDS 28,1155,0
CITY OF EDMONDS Council Position 3,Alex Newman,EDMONDS 29,1156,103
CITY OF EDMONDS Council Position 3,Joseph Ademofe,EDMONDS 29,1156,52
CITY OF EDMONDS Council Position 3,Erika Barnett,EDMONDS 29,1156,87
CITY OF EDMONDS Council Position 3,WRITE-IN,EDMONDS 29,1156,1
CITY OF EDMONDS Council Position 3,Alex Newman,EDMONDS 30,1157,94
CITY OF EDMONDS Council Position 3,Joseph Ademofe,EDMONDS 30,1157,23
CITY OF EDMONDS Council Position 3,Erika Barnett,EDMONDS 30,1157,97
CITY OF EDMONDS Council Position 3,WRITE-IN,EDMONDS 30,1157,1
CITY OF EDMONDS Council Position 3,Alex Newman,EDMONDS 31,1158,101
CITY OF EDMONDS Council Position 3,Joseph Ademofe,EDMONDS 31,1158,17
CITY OF EDMONDS Council Position 3,Erika Barnett,EDMONDS 31,1158,92
CITY OF EDMONDS Council Position 3,WRITE-IN,EDMONDS 31,1158,0
CITY OF EDMONDS Council Position 3,Alex Newman,EDMONDS 32,1159,119
CITY OF EDMONDS Council Position 3,Joseph Ademofe,EDMONDS 32,1159,17
CITY OF EDMONDS Council Position 3,Erika Barnett,EDMONDS 32,1159,87
CITY OF EDMONDS Council Position 3,WRITE-IN,EDMONDS 32,1159,0
CITY OF EDMONDS Council Position 3,Alex Newman,EDMONDS 33,1160,91
CITY OF EDMONDS Council Position 3,Joseph Ademofe,EDMONDS 33,1160,15
CITY OF EDMONDS Council Position 3,Erika Barnett,EDMONDS 33,1160,92
CITY OF EDMONDS Council Position 3,WRITE-IN,EDMONDS 33,1160,0
CITY OF EDMONDS Council Position 3,Alex Newman,EDMONDS 34,1161,105
CITY OF EDMONDS Council Position 3,Joseph Ademofe,EDMONDS 34,1161,13
CITY OF EDMONDS Council Position 3,Erika Barnett,EDMONDS 34,1161,111
CITY OF EDMONDS Council Position 3,WRITE-IN,EDMONDS 34,1161,2
CITY OF EDMONDS Council Position 3,Alex Newman,EDMONDS 35,1162,76
CITY OF EDMONDS Council Position 3,Joseph Ademofe,EDMONDS 35,1162,13
CITY OF EDMONDS Council Position 3,Erika Barnett,EDMONDS 35,1162,121
CITY OF EDMONDS Council Position 3,WRITE-IN,EDMONDS 35,1162,0
CITY OF EDMONDS Council Position 3,Alex Newman,EDMONDS 36,1163,66
CITY OF EDMONDS Council Position 3,Joseph Ademofe,EDMONDS 36,1163,18
CITY OF EDMONDS Council Position 3,Erika Barnett,EDMONDS 36,1163,107
CITY OF EDMONDS Council Position 3,WRITE-IN,EDMONDS 36,1163,0
CITY OF EDMONDS Council Position 3,Alex Newman,EDMONDS 37,1164,95
CITY OF EDMONDS Council Position 3,Joseph Ademofe,EDMONDS 37,1164,14
CITY OF EDMONDS Council Position 3,Erika Barnett,EDMONDS 37,1164,105
CITY OF EDMONDS Council Position 3,WRITE-IN,EDMONDS 37,1164,0
CITY OF EDMONDS Council Position 3,Alex Newman,EDMONDS 12,1389,56
CITY OF EDMONDS Council Position 3,Joseph Ademofe,EDMONDS 12,1389,17
CITY OF EDMONDS Council Position 3,Erika Barnett,EDMONDS 12,1389,90
CITY OF EDMONDS Council Position 3,WRITE-IN,EDMONDS 12,1389,0
CITY OF EDMONDS Council Position 3,Alex Newman,EDMONDS 21,1390,105
CITY OF EDMONDS Council Position 3,Joseph Ademofe,EDMONDS 21,1390,15
CITY OF EDMONDS Council Position 3,Erika Barnett,EDMONDS 21,1390,136
CITY OF EDMONDS Council Position 3,WRITE-IN,EDMONDS 21,1390,0
CITY OF EDMONDS Council Position 3,Alex Newman,EDMONDS 24,1391,60
CITY OF EDMONDS Council Position 3,Joseph Ademofe,EDMONDS 24,1391,5
CITY OF EDMONDS Council Position 3,Erika Barnett,EDMONDS 24,1391,75
CITY OF EDMONDS Council Position 3,WRITE-IN,EDMONDS 24,1391,0
CITY OF EDMONDS Council Position 3,Alex Newman,EDMONDS 26,1392,78
CITY OF EDMONDS Council Position 3,Joseph Ademofe,EDMONDS 26,1392,18
CITY OF EDMONDS Council Position 3,Erika Barnett,EDMONDS 26,1392,68
CITY OF EDMONDS Council Position 3,WRITE-IN,EDMONDS 26,1392,0
CITY OF EDMONDS Council Position 3,Alex Newman,EDMONDS 38,1393,97
CITY OF EDMONDS Council Position 3,Joseph Ademofe,EDMONDS 38,1393,31
CITY OF EDMONDS Council Position 3,Erika Barnett,EDMONDS 38,1393,130
CITY OF EDMONDS Council Position 3,WRITE-IN,EDMONDS 38,1393,2
CITY OF EDMONDS Council Position 3,Alex Newman,EDMONDS 39,1447,115
CITY OF EDMONDS Council Position 3,Joseph Ademofe,EDMONDS 39,1447,28
CITY OF EDMONDS Council Position 3,Erika Barnett,EDMONDS 39,1447,195
CITY OF EDMONDS Council Position 3,WRITE-IN,EDMONDS 39,1447,1
CITY OF EDMONDS Council Position 3,Alex Newman,EDMONDS 40,1500,107
CITY OF EDMONDS Council Position 3,Joseph Ademofe,EDMONDS 40,1500,22
CITY OF EDMONDS Council Position 3,Erika Barnett,EDMONDS 40,1500,87
CITY OF EDMONDS Council Position 3,WRITE-IN,EDMONDS 40,1500,0
CITY OF EDMONDS Council Position 3,Alex Newman,EDMONDS 41,1511,66
CITY OF EDMONDS Council Position 3,Joseph Ademofe,EDMONDS 41,1511,6
CITY OF EDMONDS Council Position 3,Erika Barnett,EDMONDS 41,1511,69
CITY OF EDMONDS Council Position 3,WRITE-IN,EDMONDS 41,1511,0
CITY OF EDMONDS Council Position 3,Alex Newman,EDMONDS 42,1512,83
CITY OF EDMONDS Council Position 3,Joseph Ademofe,EDMONDS 42,1512,20
CITY OF EDMONDS Council Position 3,Erika Barnett,EDMONDS 42,1512,66
CITY OF EDMONDS Council Position 3,WRITE-IN,EDMONDS 42,1512,1
CITY OF EDMONDS Council Position 3,Alex Newman,EDMONDS 43,1513,101
CITY OF EDMONDS Council Position 3,Joseph Ademofe,EDMONDS 43,1513,45
CITY OF EDMONDS Council Position 3,Erika Barnett,EDMONDS 43,1513,150
CITY OF EDMONDS Council Position 3,WRITE-IN,EDMONDS 43,1513,2
CITY OF EDMONDS Council Position 3,Alex Newman,EDMONDS 44,1514,117
CITY OF EDMONDS Council Position 3,Joseph Ademofe,EDMONDS 44,1514,24
CITY OF EDMONDS Council Position 3,Erika Barnett,EDMONDS 44,1514,112
CITY OF EDMONDS Council Position 3,WRITE-IN,EDMONDS 44,1514,1
CITY OF EDMONDS Council Position 3,Alex Newman,EDMONDS 45,1523,91
CITY OF EDMONDS Council Position 3,Joseph Ademofe,EDMONDS 45,1523,14
CITY OF EDMONDS Council Position 3,Erika Barnett,EDMONDS 45,1523,80
CITY OF EDMONDS Council Position 3,WRITE-IN,EDMONDS 45,1523,0
CITY OF EDMONDS Council Position 3,Alex Newman,EDMONDS 46,1524,146
CITY OF EDMONDS Council Position 3,Joseph Ademofe,EDMONDS 46,1524,34
CITY OF EDMONDS Council Position 3,Erika Barnett,EDMONDS 46,1524,288
CITY OF EDMONDS Council Position 3,WRITE-IN,EDMONDS 46,1524,1
CITY OF EDMONDS Council Position 3,Alex Newman,EDMONDS 47,1525,52
CITY OF EDMONDS Council Position 3,Joseph Ademofe,EDMONDS 47,1525,12
CITY OF EDMONDS Council Position 3,Erika Barnett,EDMONDS 47,1525,48
CITY OF EDMONDS Council Position 3,WRITE-IN,EDMONDS 47,1525,2
CITY OF EDMONDS Council Position 3,Alex Newman,EDMONDS 48,1562,85
CITY OF EDMONDS Council Position 3,Joseph Ademofe,EDMONDS 48,1562,19
CITY OF EDMONDS Council Position 3,Erika Barnett,EDMONDS 48,1562,88
CITY OF EDMONDS Council Position 3,WRITE-IN,EDMONDS 48,1562,1
CITY OF EDMONDS Council Position 3,Alex Newman,EDMONDS 49,1563,80
CITY OF EDMONDS Council Position 3,Joseph Ademofe,EDMONDS 49,1563,15
CITY OF EDMONDS Council Position 3,Erika Barnett,EDMONDS 49,1563,79
CITY OF EDMONDS Council Position 3,WRITE-IN,EDMONDS 49,1563,0
CITY OF EDMONDS Council Position 3,Alex Newman,EDMONDS 50,1564,64
CITY OF EDMONDS Council Position 3,Joseph Ademofe,EDMONDS 50,1564,14
CITY OF EDMONDS Council Position 3,Erika Barnett,EDMONDS 50,1564,46
CITY OF EDMONDS Council Position 3,WRITE-IN,EDMONDS 50,1564,0
CITY OF EDMONDS Council Position 3,Alex Newman,EDMONDS 51,1565,65
CITY OF EDMONDS Council Position 3,Joseph Ademofe,EDMONDS 51,1565,15
CITY OF EDMONDS Council Position 3,Erika Barnett,EDMONDS 51,1565,91
CITY OF EDMONDS Council Position 3,WRITE-IN,EDMONDS 51,1565,1
CITY OF EDMONDS Council Position 3,Alex Newman,EDMONDS 52,1577,108
CITY OF EDMONDS Council Position 3,Joseph Ademofe,EDMONDS 52,1577,66
CITY OF EDMONDS Council Position 3,Erika Barnett,EDMONDS 52,1577,73
CITY OF EDMONDS Council Position 3,WRITE-IN,EDMONDS 52,1577,0
CITY OF EDMONDS Council Position 3,Alex Newman,EDMONDS 11,1694,175
CITY OF EDMONDS Council Position 3,Joseph Ademofe,EDMONDS 11,1694,28
CITY OF EDMONDS Council Position 3,Erika Barnett,EDMONDS 11,1694,175
CITY OF EDMONDS Council Position 3,WRITE-IN,EDMONDS 11,1694,1
CITY OF EDMONDS Council Position 3,Alex Newman,EDMONDS 53,1839,27
CITY OF EDMONDS Council Position 3,Joseph Ademofe,EDMONDS 53,1839,6
CITY OF EDMONDS Council Position 3,Erika Barnett,EDMONDS 53,1839,27
CITY OF EDMONDS Council Position 3,WRITE-IN,EDMONDS 53,1839,0
CITY OF EVERETT Mayor,Cassie Franklin,Total,-1,5467
CITY OF EVERETT Mayor,Scott Murphy,Total,-1,5532
CITY OF EVERETT Mayor,Rich Ryan,Total,-1,474
CITY OF EVERETT Mayor,Janice R. Greene,Total,-1,4192
CITY OF EVERETT Mayor,WRITE-IN,Total,-1,61
CITY OF EVERETT Mayor,Cassie Franklin,EVERETT   1,1214,83
CITY OF EVERETT Mayor,Scott Murphy,EVERETT   1,1214,183
CITY OF EVERETT Mayor,Rich Ryan,EVERETT   1,1214,2
CITY OF EVERETT Mayor,Janice R. Greene,EVERETT   1,1214,43
CITY OF EVERETT Mayor,WRITE-IN,EVERETT   1,1214,0
CITY OF EVERETT Mayor,Cassie Franklin,EVERETT   2,1215,91
CITY OF EVERETT Mayor,Scott Murphy,EVERETT   2,1215,118
CITY OF EVERETT Mayor,Rich Ryan,EVERETT   2,1215,1
CITY OF EVERETT Mayor,Janice R. Greene,EVERETT   2,1215,57
CITY OF EVERETT Mayor,WRITE-IN,EVERETT   2,1215,0
CITY OF EVERETT Mayor,Cassie Franklin,EVERETT   3,1216,62
CITY OF EVERETT Mayor,Scott Murphy,EVERETT   3,1216,65
CITY OF EVERETT Mayor,Rich Ryan,EVERETT   3,1216,1
CITY OF EVERETT Mayor,Janice R. Greene,EVERETT   3,1216,50
CITY OF EVERETT Mayor,WRITE-IN,EVERETT   3,1216,0
CITY OF EVERETT Mayor,Cassie Franklin,EVERETT   4,1217,73
CITY OF EVERETT Mayor,Scott Murphy,EVERETT   4,1217,129
CITY OF EVERETT Mayor,Rich Ryan,EVERETT   4,1217,1
CITY OF EVERETT Mayor,Janice R. Greene,EVERETT   4,1217,70
CITY OF EVERETT Mayor,WRITE-IN,EVERETT   4,1217,2
CITY OF EVERETT Mayor,Cassie Franklin,EVERETT   6,1218,63
CITY OF EVERETT Mayor,Scott Murphy,EVERETT   6,1218,57
CITY OF EVERETT Mayor,Rich Ryan,EVERETT   6,1218,4
CITY OF EVERETT Mayor,Janice R. Greene,EVERETT   6,1218,48
CITY OF EVERETT Mayor,WRITE-IN,EVERETT   6,1218,0
CITY OF EVERETT Mayor,Cassie Franklin,EVERETT   8,1219,66
CITY OF EVERETT Mayor,Scott Murphy,EVERETT   8,1219,65
CITY OF EVERETT Mayor,Rich Ryan,EVERETT   8,1219,11
CITY OF EVERETT Mayor,Janice R. Greene,EVERETT   8,1219,68
CITY OF EVERETT Mayor,WRITE-IN,EVERETT   8,1219,1
CITY OF EVERETT Mayor,Cassie Franklin,EVERETT  11,1220,118
CITY OF EVERETT Mayor,Scott Murphy,EVERETT  11,1220,165
CITY OF EVERETT Mayor,Rich Ryan,EVERETT  11,1220,0
CITY OF EVERETT Mayor,Janice R. Greene,EVERETT  11,1220,71
CITY OF EVERETT Mayor,WRITE-IN,EVERETT  11,1220,1
CITY OF EVERETT Mayor,Cassie Franklin,EVERETT  12,1221,64
CITY OF EVERETT Mayor,Scott Murphy,EVERETT  12,1221,66
CITY OF EVERETT Mayor,Rich Ryan,EVERETT  12,1221,10
CITY OF EVERETT Mayor,Janice R. Greene,EVERETT  12,1221,64
CITY OF EVERETT Mayor,WRITE-IN,EVERETT  12,1221,1
CITY OF EVERETT Mayor,Cassie Franklin,EVERETT  13,1222,93
CITY OF EVERETT Mayor,Scott Murphy,EVERETT  13,1222,55
CITY OF EVERETT Mayor,Rich Ryan,EVERETT  13,1222,7
CITY OF EVERETT Mayor,Janice R. Greene,EVERETT  13,1222,73
CITY OF EVERETT Mayor,WRITE-IN,EVERETT  13,1222,0
CITY OF EVERETT Mayor,Cassie Franklin,EVERETT  14,1223,94
CITY OF EVERETT Mayor,Scott Murphy,EVERETT  14,1223,45
CITY OF EVERETT Mayor,Rich Ryan,EVERETT  14,1223,6
CITY OF EVERETT Mayor,Janice R. Greene,EVERETT  14,1223,72
CITY OF EVERETT Mayor,WRITE-IN,EVERETT  14,1223,0
CITY OF EVERETT Mayor,Cassie Franklin,EVERETT  15,1224,107
CITY OF EVERETT Mayor,Scott Murphy,EVERETT  15,1224,61
CITY OF EVERETT Mayor,Rich Ryan,EVERETT  15,1224,5
CITY OF EVERETT Mayor,Janice R. Greene,EVERETT  15,1224,71
CITY OF EVERETT Mayor,WRITE-IN,EVERETT  15,1224,2
CITY OF EVERETT Mayor,Cassie Franklin,EVERETT  16,1225,59
CITY OF EVERETT Mayor,Scott Murphy,EVERETT  16,1225,54
CITY OF EVERETT Mayor,Rich Ryan,EVERETT  16,1225,6
CITY OF EVERETT Mayor,Janice R. Greene,EVERETT  16,1225,71
CITY OF EVERETT Mayor,WRITE-IN,EVERETT  16,1225,2
CITY OF EVERETT Mayor,Cassie Franklin,EVERETT  17,1226,73
CITY OF EVERETT Mayor,Scott Murphy,EVERETT  17,1226,62
CITY OF EVERETT Mayor,Rich Ryan,EVERETT  17,1226,5
CITY OF EVERETT Mayor,Janice R. Greene,EVERETT  17,1226,73
CITY OF EVERETT Mayor,WRITE-IN,EVERETT  17,1226,1
CITY OF EVERETT Mayor,Cassie Franklin,EVERETT  18,1227,46
CITY OF EVERETT Mayor,Scott Murphy,EVERETT  18,1227,41
CITY OF EVERETT Mayor,Rich Ryan,EVERETT  18,1227,7
CITY OF EVERETT Mayor,Janice R. Greene,EVERETT  18,1227,47
CITY OF EVERETT Mayor,WRITE-IN,EVERETT  18,1227,0
CITY OF EVERETT Mayor,Cassie Franklin,EVERETT  19,1228,60
CITY OF EVERETT Mayor,Scott Murphy,EVERETT  19,1228,36
CITY OF EVERETT Mayor,Rich Ryan,EVERETT  19,1228,10
CITY OF EVERETT Mayor,Janice R. Greene,EVERETT  19,1228,80
CITY OF EVERETT Mayor,WRITE-IN,EVERETT  19,1228,0
CITY OF EVERETT Mayor,Cassie Franklin,EVERETT  20,1229,80
CITY OF EVERETT Mayor,Scott Murphy,EVERETT  20,1229,68
CITY OF EVERETT Mayor,Rich Ryan,EVERETT  20,1229,4
CITY OF EVERETT Mayor,Janice R. Greene,EVERETT  20,1229,77
CITY OF EVERETT Mayor,WRITE-IN,EVERETT  20,1229,3
CITY OF EVERETT Mayor,Cassie Franklin,EVERETT  21,1230,90
CITY OF EVERETT Mayor,Scott Murphy,EVERETT  21,1230,97
CITY OF EVERETT Mayor,Rich Ryan,EVERETT  21,1230,6
CITY OF EVERETT Mayor,Janice R. Greene,EVERETT  21,1230,81
CITY OF EVERETT Mayor,WRITE-IN,EVERETT  21,1230,2
CITY OF EVERETT Mayor,Cassie Franklin,EVERETT  22,1231,90
CITY OF EVERETT Mayor,Scott Murphy,EVERETT  22,1231,65
CITY OF EVERETT Mayor,Rich Ryan,EVERETT  22,1231,2
CITY OF EVERETT Mayor,Janice R. Greene,EVERETT  22,1231,81
CITY OF EVERETT Mayor,WRITE-IN,EVERETT  22,1231,3
CITY OF EVERETT Mayor,Cassie Franklin,EVERETT  24,1232,76
CITY OF EVERETT Mayor,Scott Murphy,EVERETT  24,1232,75
CITY OF EVERETT Mayor,Rich Ryan,EVERETT  24,1232,3
CITY OF EVERETT Mayor,Janice R. Greene,EVERETT  24,1232,50
CITY OF EVERETT Mayor,WRITE-IN,EVERETT  24,1232,0
CITY OF EVERETT Mayor,Cassie Franklin,EVERETT  25,1233,106
CITY OF EVERETT Mayor,Scott Murphy,EVERETT  25,1233,57
CITY OF EVERETT Mayor,Rich Ryan,EVERETT  25,1233,7
CITY OF EVERETT Mayor,Janice R. Greene,EVERETT  25,1233,68
CITY OF EVERETT Mayor,WRITE-IN,EVERETT  25,1233,1
CITY OF EVERETT Mayor,Cassie Franklin,EVERETT  26,1234,120
CITY OF EVERETT Mayor,Scott Murphy,EVERETT  26,1234,146
CITY OF EVERETT Mayor,Rich Ryan,EVERETT  26,1234,5
CITY OF EVERETT Mayor,Janice R. Greene,EVERETT  26,1234,80
CITY OF EVERETT Mayor,WRITE-IN,EVERETT  26,1234,1
CITY OF EVERETT Mayor,Cassie Franklin,EVERETT  27,1235,80
CITY OF EVERETT Mayor,Scott Murphy,EVERETT  27,1235,60
CITY OF EVERETT Mayor,Rich Ryan,EVERETT  27,1235,2
CITY OF EVERETT Mayor,Janice R. Greene,EVERETT  27,1235,60
CITY OF EVERETT Mayor,WRITE-IN,EVERETT  27,1235,1
CITY OF EVERETT Mayor,Cassie Franklin,EVERETT  28,1236,61
CITY OF EVERETT Mayor,Scott Murphy,EVERETT  28,1236,55
CITY OF EVERETT Mayor,Rich Ryan,EVERETT  28,1236,4
CITY OF EVERETT Mayor,Janice R. Greene,EVERETT  28,1236,42
CITY OF EVERETT Mayor,WRITE-IN,EVERETT  28,1236,0
CITY OF EVERETT Mayor,Cassie Franklin,EVERETT  29,1237,52
CITY OF EVERETT Mayor,Scott Murphy,EVERETT  29,1237,68
CITY OF EVERETT Mayor,Rich Ryan,EVERETT  29,1237,7
CITY OF EVERETT Mayor,Janice R. Greene,EVERETT  29,1237,30
CITY OF EVERETT Mayor,WRITE-IN,EVERETT  29,1237,0
CITY OF EVERETT Mayor,Cassie Franklin,EVERETT  31,1238,45
CITY OF EVERETT Mayor,Scott Murphy,EVERETT  31,1238,50
CITY OF EVERETT Mayor,Rich Ryan,EVERETT  31,1238,5
CITY OF EVERETT Mayor,Janice R. Greene,EVERETT  31,1238,43
CITY OF EVERETT Mayor,WRITE-IN,EVERETT  31,1238,0
CITY OF EVERETT Mayor,Cassie Franklin,EVERETT  32,1239,58
CITY OF EVERETT Mayor,Scott Murphy,EVERETT  32,1239,80
CITY OF EVERETT Mayor,Rich Ryan,EVERETT  32,1239,3
CITY OF EVERETT Mayor,Janice R. Greene,EVERETT  32,1239,55
CITY OF EVERETT Mayor,WRITE-IN,EVERETT  32,1239,1
CITY OF EVERETT Mayor,Cassie Franklin,EVERETT  33,1240,80
CITY OF EVERETT Mayor,Scott Murphy,EVERETT  33,1240,101
CITY OF EVERETT Mayor,Rich Ryan,EVERETT  33,1240,10
CITY OF EVERETT Mayor,Janice R. Greene,EVERETT  33,1240,54
CITY OF EVERETT Mayor,WRITE-IN,EVERETT  33,1240,1
CITY OF EVERETT Mayor,Cassie Franklin,EVERETT  34,1241,35
CITY OF EVERETT Mayor,Scott Murphy,EVERETT  34,1241,46
CITY OF EVERETT Mayor,Rich Ryan,EVERETT  34,1241,9
CITY OF EVERETT Mayor,Janice R. Greene,EVERETT  34,1241,44
CITY OF EVERETT Mayor,WRITE-IN,EVERETT  34,1241,0
CITY OF EVERETT Mayor,Cassie Franklin,EVERETT  36,1242,65
CITY OF EVERETT Mayor,Scott Murphy,EVERETT  36,1242,48
CITY OF EVERETT Mayor,Rich Ryan,EVERETT  36,1242,14
CITY OF EVERETT Mayor,Janice R. Greene,EVERETT  36,1242,42
CITY OF EVERETT Mayor,WRITE-IN,EVERETT  36,1242,0
CITY OF EVERETT Mayor,Cassie Franklin,EVERETT  37,1243,77
CITY OF EVERETT Mayor,Scott Murphy,EVERETT  37,1243,80
CITY OF EVERETT Mayor,Rich Ryan,EVERETT  37,1243,8
CITY OF EVERETT Mayor,Janice R. Greene,EVERETT  37,1243,57
CITY OF EVERETT Mayor,WRITE-IN,EVERETT  37,1243,0
CITY OF EVERETT Mayor,Cassie Franklin,EVERETT  38,1244,15
CITY OF EVERETT Mayor,Scott Murphy,EVERETT  38,1244,20
CITY OF EVERETT Mayor,Rich Ryan,EVERETT  38,1244,2
CITY OF EVERETT Mayor,Janice R. Greene,EVERETT  38,1244,5
CITY OF EVERETT Mayor,WRITE-IN,EVERETT  38,1244,0
CITY OF EVERETT Mayor,Cassie Franklin,EVERETT  39,1245,64
CITY OF EVERETT Mayor,Scott Murphy,EVERETT  39,1245,52
CITY OF EVERETT Mayor,Rich Ryan,EVERETT  39,1245,8
CITY OF EVERETT Mayor,Janice R. Greene,EVERETT  39,1245,48
CITY OF EVERETT Mayor,WRITE-IN,EVERETT  39,1245,2
CITY OF EVERETT Mayor,Cassie Franklin,EVERETT  40,1246,36
CITY OF EVERETT Mayor,Scott Murphy,EVERETT  40,1246,25
CITY OF EVERETT Mayor,Rich Ryan,EVERETT  40,1246,2
CITY OF EVERETT Mayor,Janice R. Greene,EVERETT  40,1246,15
CITY OF EVERETT Mayor,WRITE-IN,EVERETT  40,1246,1
CITY OF EVERETT Mayor,Cassie Franklin,EVERETT  41,1247,63
CITY OF EVERETT Mayor,Scott Murphy,EVERETT  41,1247,62
CITY OF EVERETT Mayor,Rich Ryan,EVERETT  41,1247,4
CITY OF EVERETT Mayor,Janice R. Greene,EVERETT  41,1247,36
CITY OF EVERETT Mayor,WRITE-IN,EVERETT  41,1247,0
CITY OF EVERETT Mayor,Cassie Franklin,EVERETT  42,1248,38
CITY OF EVERETT Mayor,Scott Murphy,EVERETT  42,1248,52
CITY OF EVERETT Mayor,Rich Ryan,EVERETT  42,1248,5
CITY OF EVERETT Mayor,Janice R. Greene,EVERETT  42,1248,27
CITY OF EVERETT Mayor,WRITE-IN,EVERETT  42,1248,2
CITY OF EVERETT Mayor,Cassie Franklin,EVERETT  43,1249,26
CITY OF EVERETT Mayor,Scott Murphy,EVERETT  43,1249,42
CITY OF EVERETT Mayor,Rich Ryan,EVERETT  43,1249,7
CITY OF EVERETT Mayor,Janice R. Greene,EVERETT  43,1249,25
CITY OF EVERETT Mayor,WRITE-IN,EVERETT  43,1249,3
CITY OF EVERETT Mayor,Cassie Franklin,EVERETT  44,1250,42
CITY OF EVERETT Mayor,Scott Murphy,EVERETT  44,1250,43
CITY OF EVERETT Mayor,Rich Ryan,EVERETT  44,1250,3
CITY OF EVERETT Mayor,Janice R. Greene,EVERETT  44,1250,34
CITY OF EVERETT Mayor,WRITE-IN,EVERETT  44,1250,0
CITY OF EVERETT Mayor,Cassie Franklin,EVERETT  45,1251,36
CITY OF EVERETT Mayor,Scott Murphy,EVERETT  45,1251,34
CITY OF EVERETT Mayor,Rich Ryan,EVERETT  45,1251,5
CITY OF EVERETT Mayor,Janice R. Greene,EVERETT  45,1251,53
CITY OF EVERETT Mayor,WRITE-IN,EVERETT  45,1251,0
CITY OF EVERETT Mayor,Cassie Franklin,EVERETT  48,1252,36
CITY OF EVERETT Mayor,Scott Murphy,EVERETT  48,1252,59
CITY OF EVERETT Mayor,Rich Ryan,EVERETT  48,1252,3
CITY OF EVERETT Mayor,Janice R. Greene,EVERETT  48,1252,37
CITY OF EVERETT Mayor,WRITE-IN,EVERETT  48,1252,0
CITY OF EVERETT Mayor,Cassie Franklin,EVERETT  49,1253,65
CITY OF EVERETT Mayor,Scott Murphy,EVERETT  49,1253,110
CITY OF EVERETT Mayor,Rich Ryan,EVERETT  49,1253,1
CITY OF EVERETT Mayor,Janice R. Greene,EVERETT  49,1253,37
CITY OF EVERETT Mayor,WRITE-IN,EVERETT  49,1253,0
CITY OF EVERETT Mayor,Cassie Franklin,EVERETT  50,1254,60
CITY OF EVERETT Mayor,Scott Murphy,EVERETT  50,1254,76
CITY OF EVERETT Mayor,Rich Ryan,EVERETT  50,1254,3
CITY OF EVERETT Mayor,Janice R. Greene,EVERETT  50,1254,48
CITY OF EVERETT Mayor,WRITE-IN,EVERETT  50,1254,0
CITY OF EVERETT Mayor,Cassie Franklin,EVERETT  51,1255,42
CITY OF EVERETT Mayor,Scott Murphy,EVERETT  51,1255,108
CITY OF EVERETT Mayor,Rich Ryan,EVERETT  51,1255,2
CITY OF EVERETT Mayor,Janice R. Greene,EVERETT  51,1255,34
CITY OF EVERETT Mayor,WRITE-IN,EVERETT  51,1255,1
CITY OF EVERETT Mayor,Cassie Franklin,EVERETT  53,1256,67
CITY OF EVERETT Mayor,Scott Murphy,EVERETT  53,1256,131
CITY OF EVERETT Mayor,Rich Ryan,EVERETT  53,1256,6
CITY OF EVERETT Mayor,Janice R. Greene,EVERETT  53,1256,19
CITY OF EVERETT Mayor,WRITE-IN,EVERETT  53,1256,0
CITY OF EVERETT Mayor,Cassie Franklin,EVERETT  54,1257,42
CITY OF EVERETT Mayor,Scott Murphy,EVERETT  54,1257,104
CITY OF EVERETT Mayor,Rich Ryan,EVERETT  54,1257,1
CITY OF EVERETT Mayor,Janice R. Greene,EVERETT  54,1257,24
CITY OF EVERETT Mayor,WRITE-IN,EVERETT  54,1257,1
CITY OF EVERETT Mayor,Cassie Franklin,EVERETT  55,1258,31
CITY OF EVERETT Mayor,Scott Murphy,EVERETT  55,1258,16
CITY OF EVERETT Mayor,Rich Ryan,EVERETT  55,1258,3
CITY OF EVERETT Mayor,Janice R. Greene,EVERETT  55,1258,29
CITY OF EVERETT Mayor,WRITE-IN,EVERETT  55,1258,0
CITY OF EVERETT Mayor,Cassie Franklin,EVERETT  56,1259,60
CITY OF EVERETT Mayor,Scott Murphy,EVERETT  56,1259,38
CITY OF EVERETT Mayor,Rich Ryan,EVERETT  56,1259,7
CITY OF EVERETT Mayor,Janice R. Greene,EVERETT  56,1259,39
CITY OF EVERETT Mayor,WRITE-IN,EVERETT  56,1259,0
CITY OF EVERETT Mayor,Cassie Franklin,EVERETT  57,1260,51
CITY OF EVERETT Mayor,Scott Murphy,EVERETT  57,1260,42
CITY OF EVERETT Mayor,Rich Ryan,EVERETT  57,1260,4
CITY OF EVERETT Mayor,Janice R. Greene,EVERETT  57,1260,40
CITY OF EVERETT Mayor,WRITE-IN,EVERETT  57,1260,0
CITY OF EVERETT Mayor,Cassie Franklin,EVERETT  67,1287,81
CITY OF EVERETT Mayor,Scott Murphy,EVERETT  67,1287,72
CITY OF EVERETT Mayor,Rich Ryan,EVERETT  67,1287,7
CITY OF EVERETT Mayor,Janice R. Greene,EVERETT  67,1287,56
CITY OF EVERETT Mayor,WRITE-IN,EVERETT  67,1287,3
CITY OF EVERETT Mayor,Cassie Franklin,EVERETT  69,1288,98
CITY OF EVERETT Mayor,Scott Murphy,EVERETT  69,1288,94
CITY OF EVERETT Mayor,Rich Ryan,EVERETT  69,1288,1
CITY OF EVERETT Mayor,Janice R. Greene,EVERETT  69,1288,84
CITY OF EVERETT Mayor,WRITE-IN,EVERETT  69,1288,0
CITY OF EVERETT Mayor,Cassie Franklin,EVERETT  73,1289,76
CITY OF EVERETT Mayor,Scott Murphy,EVERETT  73,1289,67
CITY OF EVERETT Mayor,Rich Ryan,EVERETT  73,1289,11
CITY OF EVERETT Mayor,Janice R. Greene,EVERETT  73,1289,45
CITY OF EVERETT Mayor,WRITE-IN,EVERETT  73,1289,1
CITY OF EVERETT Mayor,Cassie Franklin,EVERETT  76,1290,58
CITY OF EVERETT Mayor,Scott Murphy,EVERETT  76,1290,31
CITY OF EVERETT Mayor,Rich Ryan,EVERETT  76,1290,3
CITY OF EVERETT Mayor,Janice R. Greene,EVERETT  76,1290,35
CITY OF EVERETT Mayor,WRITE-IN,EVERETT  76,1290,1
CITY OF EVERETT Mayor,Cassie Franklin,EVERETT  60,1346,32
CITY OF EVERETT Mayor,Scott Murphy,EVERETT  60,1346,36
CITY OF EVERETT Mayor,Rich Ryan,EVERETT  60,1346,4
CITY OF EVERETT Mayor,Janice R. Greene,EVERETT  60,1346,47
CITY OF EVERETT Mayor,WRITE-IN,EVERETT  60,1346,0
CITY OF EVERETT Mayor,Cassie Franklin,EVERETT   5,1394,59
CITY OF EVERETT Mayor,Scott Murphy,EVERETT   5,1394,39
CITY OF EVERETT Mayor,Rich Ryan,EVERETT   5,1394,4
CITY OF EVERETT Mayor,Janice R. Greene,EVERETT   5,1394,42
CITY OF EVERETT Mayor,WRITE-IN,EVERETT   5,1394,1
CITY OF EVERETT Mayor,Cassie Franklin,EVERETT   7,1395,31
CITY OF EVERETT Mayor,Scott Murphy,EVERETT   7,1395,8
CITY OF EVERETT Mayor,Rich Ryan,EVERETT   7,1395,9
CITY OF EVERETT Mayor,Janice R. Greene,EVERETT   7,1395,34
CITY OF EVERETT Mayor,WRITE-IN,EVERETT   7,1395,0
CITY OF EVERETT Mayor,Cassie Franklin,EVERETT   9,1396,97
CITY OF EVERETT Mayor,Scott Murphy,EVERETT   9,1396,117
CITY OF EVERETT Mayor,Rich Ryan,EVERETT   9,1396,6
CITY OF EVERETT Mayor,Janice R. Greene,EVERETT   9,1396,43
CITY OF EVERETT Mayor,WRITE-IN,EVERETT   9,1396,0
CITY OF EVERETT Mayor,Cassie Franklin,EVERETT  10,1397,56
CITY OF EVERETT Mayor,Scott Murphy,EVERETT  10,1397,41
CITY OF EVERETT Mayor,Rich Ryan,EVERETT  10,1397,1
CITY OF EVERETT Mayor,Janice R. Greene,EVERETT  10,1397,63
CITY OF EVERETT Mayor,WRITE-IN,EVERETT  10,1397,1
CITY OF EVERETT Mayor,Cassie Franklin,EVERETT  23,1398,15
CITY OF EVERETT Mayor,Scott Murphy,EVERETT  23,1398,8
CITY OF EVERETT Mayor,Rich Ryan,EVERETT  23,1398,3
CITY OF EVERETT Mayor,Janice R. Greene,EVERETT  23,1398,13
CITY OF EVERETT Mayor,WRITE-IN,EVERETT  23,1398,1
CITY OF EVERETT Mayor,Cassie Franklin,EVERETT  30,1399,60
CITY OF EVERETT Mayor,Scott Murphy,EVERETT  30,1399,72
CITY OF EVERETT Mayor,Rich Ryan,EVERETT  30,1399,7
CITY OF EVERETT Mayor,Janice R. Greene,EVERETT  30,1399,60
CITY OF EVERETT Mayor,WRITE-IN,EVERETT  30,1399,1
CITY OF EVERETT Mayor,Cassie Franklin,EVERETT  35,1400,91
CITY OF EVERETT Mayor,Scott Murphy,EVERETT  35,1400,59
CITY OF EVERETT Mayor,Rich Ryan,EVERETT  35,1400,3
CITY OF EVERETT Mayor,Janice R. Greene,EVERETT  35,1400,53
CITY OF EVERETT Mayor,WRITE-IN,EVERETT  35,1400,0
CITY OF EVERETT Mayor,Cassie Franklin,EVERETT  46,1401,63
CITY OF EVERETT Mayor,Scott Murphy,EVERETT  46,1401,42
CITY OF EVERETT Mayor,Rich Ryan,EVERETT  46,1401,3
CITY OF EVERETT Mayor,Janice R. Greene,EVERETT  46,1401,46
CITY OF EVERETT Mayor,WRITE-IN,EVERETT  46,1401,1
CITY OF EVERETT Mayor,Cassie Franklin,EVERETT  47,1402,57
CITY OF EVERETT Mayor,Scott Murphy,EVERETT  47,1402,49
CITY OF EVERETT Mayor,Rich Ryan,EVERETT  47,1402,9
CITY OF EVERETT Mayor,Janice R. Greene,EVERETT  47,1402,44
CITY OF EVERETT Mayor,WRITE-IN,EVERETT  47,1402,0
CITY OF EVERETT Mayor,Cassie Franklin,EVERETT  58,1403,31
CITY OF EVERETT Mayor,Scott Murphy,EVERETT  58,1403,32
CITY OF EVERETT Mayor,Rich Ryan,EVERETT  58,1403,0
CITY OF EVERETT Mayor,Janice R. Greene,EVERETT  58,1403,18
CITY OF EVERETT Mayor,WRITE-IN,EVERETT  58,1403,0
CITY OF EVERETT Mayor,Cassie Franklin,EVERETT  59,1404,47
CITY OF EVERETT Mayor,Scott Murphy,EVERETT  59,1404,24
CITY OF EVERETT Mayor,Rich Ryan,EVERETT  59,1404,5
CITY OF EVERETT Mayor,Janice R. Greene,EVERETT  59,1404,27
CITY OF EVERETT Mayor,WRITE-IN,EVERETT  59,1404,0
CITY OF EVERETT Mayor,Cassie Franklin,EVERETT  64,1405,27
CITY OF EVERETT Mayor,Scott Murphy,EVERETT  64,1405,19
CITY OF EVERETT Mayor,Rich Ryan,EVERETT  64,1405,3
CITY OF EVERETT Mayor,Janice R. Greene,EVERETT  64,1405,24
CITY OF EVERETT Mayor,WRITE-IN,EVERETT  64,1405,0
CITY OF EVERETT Mayor,Cassie Franklin,EVERETT  65,1406,60
CITY OF EVERETT Mayor,Scott Murphy,EVERETT  65,1406,57
CITY OF EVERETT Mayor,Rich Ryan,EVERETT  65,1406,17
CITY OF EVERETT Mayor,Janice R. Greene,EVERETT  65,1406,46
CITY OF EVERETT Mayor,WRITE-IN,EVERETT  65,1406,1
CITY OF EVERETT Mayor,Cassie Franklin,EVERETT  66,1407,50
CITY OF EVERETT Mayor,Scott Murphy,EVERETT  66,1407,22
CITY OF EVERETT Mayor,Rich Ryan,EVERETT  66,1407,2
CITY OF EVERETT Mayor,Janice R. Greene,EVERETT  66,1407,27
CITY OF EVERETT Mayor,WRITE-IN,EVERETT  66,1407,0
CITY OF EVERETT Mayor,Cassie Franklin,EVERETT  68,1408,97
CITY OF EVERETT Mayor,Scott Murphy,EVERETT  68,1408,67
CITY OF EVERETT Mayor,Rich Ryan,EVERETT  68,1408,3
CITY OF EVERETT Mayor,Janice R. Greene,EVERETT  68,1408,44
CITY OF EVERETT Mayor,WRITE-IN,EVERETT  68,1408,0
CITY OF EVERETT Mayor,Cassie Franklin,EVERETT  70,1409,0
CITY OF EVERETT Mayor,Scott Murphy,EVERETT  70,1409,0
CITY OF EVERETT Mayor,Rich Ryan,EVERETT  70,1409,0
CITY OF EVERETT Mayor,Janice R. Greene,EVERETT  70,1409,0
CITY OF EVERETT Mayor,WRITE-IN,EVERETT  70,1409,0
CITY OF EVERETT Mayor,Cassie Franklin,EVERETT  71,1410,29
CITY OF EVERETT Mayor,Scott Murphy,EVERETT  71,1410,24
CITY OF EVERETT Mayor,Rich Ryan,EVERETT  71,1410,3
CITY OF EVERETT Mayor,Janice R. Greene,EVERETT  71,1410,25
CITY OF EVERETT Mayor,WRITE-IN,EVERETT  71,1410,1
CITY OF EVERETT Mayor,Cassie Franklin,EVERETT  72,1411,34
CITY OF EVERETT Mayor,Scott Murphy,EVERETT  72,1411,43
CITY OF EVERETT Mayor,Rich Ryan,EVERETT  72,1411,5
CITY OF EVERETT Mayor,Janice R. Greene,EVERETT  72,1411,29
CITY OF EVERETT Mayor,WRITE-IN,EVERETT  72,1411,0
CITY OF EVERETT Mayor,Cassie Franklin,EVERETT  74,1412,38
CITY OF EVERETT Mayor,Scott Murphy,EVERETT  74,1412,53
CITY OF EVERETT Mayor,Rich Ryan,EVERETT  74,1412,1
CITY OF EVERETT Mayor,Janice R. Greene,EVERETT  74,1412,39
CITY OF EVERETT Mayor,WRITE-IN,EVERETT  74,1412,0
CITY OF EVERETT Mayor,Cassie Franklin,EVERETT  80,1413,81
CITY OF EVERETT Mayor,Scott Murphy,EVERETT  80,1413,81
CITY OF EVERETT Mayor,Rich Ryan,EVERETT  80,1413,6
CITY OF EVERETT Mayor,Janice R. Greene,EVERETT  80,1413,46
CITY OF EVERETT Mayor,WRITE-IN,EVERETT  80,1413,1
CITY OF EVERETT Mayor,Cassie Franklin,EVERETT  81,1414,34
CITY OF EVERETT Mayor,Scott Murphy,EVERETT  81,1414,45
CITY OF EVERETT Mayor,Rich Ryan,EVERETT  81,1414,8
CITY OF EVERETT Mayor,Janice R. Greene,EVERETT  81,1414,39
CITY OF EVERETT Mayor,WRITE-IN,EVERETT  81,1414,2
CITY OF EVERETT Mayor,Cassie Franklin,EVERETT  84,1448,22
CITY OF EVERETT Mayor,Scott Murphy,EVERETT  84,1448,12
CITY OF EVERETT Mayor,Rich Ryan,EVERETT  84,1448,6
CITY OF EVERETT Mayor,Janice R. Greene,EVERETT  84,1448,23
CITY OF EVERETT Mayor,WRITE-IN,EVERETT  84,1448,0
CITY OF EVERETT Mayor,Cassie Franklin,EVERETT  85,1449,51
CITY OF EVERETT Mayor,Scott Murphy,EVERETT  85,1449,81
CITY OF EVERETT Mayor,Rich Ryan,EVERETT  85,1449,3
CITY OF EVERETT Mayor,Janice R. Greene,EVERETT  85,1449,18
CITY OF EVERETT Mayor,WRITE-IN,EVERETT  85,1449,0
CITY OF EVERETT Mayor,Cassie Franklin,EVERETT  87,1450,25
CITY OF EVERETT Mayor,Scott Murphy,EVERETT  87,1450,47
CITY OF EVERETT Mayor,Rich Ryan,EVERETT  87,1450,6
CITY OF EVERETT Mayor,Janice R. Greene,EVERETT  87,1450,27
CITY OF EVERETT Mayor,WRITE-IN,EVERETT  87,1450,1
CITY OF EVERETT Mayor,Cassie Franklin,EVERETT  88,1451,60
CITY OF EVERETT Mayor,Scott Murphy,EVERETT  88,1451,116
CITY OF EVERETT Mayor,Rich Ryan,EVERETT  88,1451,3
CITY OF EVERETT Mayor,Janice R. Greene,EVERETT  88,1451,36
CITY OF EVERETT Mayor,WRITE-IN,EVERETT  88,1451,1
CITY OF EVERETT Mayor,Cassie Franklin,EVERETT  89,1452,45
CITY OF EVERETT Mayor,Scott Murphy,EVERETT  89,1452,40
CITY OF EVERETT Mayor,Rich Ryan,EVERETT  89,1452,12
CITY OF EVERETT Mayor,Janice R. Greene,EVERETT  89,1452,52
CITY OF EVERETT Mayor,WRITE-IN,EVERETT  89,1452,2
CITY OF EVERETT Mayor,Cassie Franklin,EVERETT  90,1453,16
CITY OF EVERETT Mayor,Scott Murphy,EVERETT  90,1453,15
CITY OF EVERETT Mayor,Rich Ryan,EVERETT  90,1453,6
CITY OF EVERETT Mayor,Janice R. Greene,EVERETT  90,1453,33
CITY OF EVERETT Mayor,WRITE-IN,EVERETT  90,1453,0
CITY OF EVERETT Mayor,Cassie Franklin,EVERETT  91,1491,45
CITY OF EVERETT Mayor,Scott Murphy,EVERETT  91,1491,53
CITY OF EVERETT Mayor,Rich Ryan,EVERETT  91,1491,7
CITY OF EVERETT Mayor,Janice R. Greene,EVERETT  91,1491,24
CITY OF EVERETT Mayor,WRITE-IN,EVERETT  91,1491,0
CITY OF EVERETT Mayor,Cassie Franklin,EVERETT  52,1615,48
CITY OF EVERETT Mayor,Scott Murphy,EVERETT  52,1615,36
CITY OF EVERETT Mayor,Rich Ryan,EVERETT  52,1615,8
CITY OF EVERETT Mayor,Janice R. Greene,EVERETT  52,1615,50
CITY OF EVERETT Mayor,WRITE-IN,EVERETT  52,1615,0
CITY OF EVERETT Mayor,Cassie Franklin,EVERETT  61,1616,14
CITY OF EVERETT Mayor,Scott Murphy,EVERETT  61,1616,4
CITY OF EVERETT Mayor,Rich Ryan,EVERETT  61,1616,4
CITY OF EVERETT Mayor,Janice R. Greene,EVERETT  61,1616,7
CITY OF EVERETT Mayor,WRITE-IN,EVERETT  61,1616,0
CITY OF EVERETT Mayor,Cassie Franklin,EVERETT  62,1617,48
CITY OF EVERETT Mayor,Scott Murphy,EVERETT  62,1617,43
CITY OF EVERETT Mayor,Rich Ryan,EVERETT  62,1617,6
CITY OF EVERETT Mayor,Janice R. Greene,EVERETT  62,1617,42
CITY OF EVERETT Mayor,WRITE-IN,EVERETT  62,1617,0
CITY OF EVERETT Mayor,Cassie Franklin,EVERETT  63,1618,48
CITY OF EVERETT Mayor,Scott Murphy,EVERETT  63,1618,56
CITY OF EVERETT Mayor,Rich Ryan,EVERETT  63,1618,3
CITY OF EVERETT Mayor,Janice R. Greene,EVERETT  63,1618,30
CITY OF EVERETT Mayor,WRITE-IN,EVERETT  63,1618,1
CITY OF EVERETT Mayor,Cassie Franklin,EVERETT  75,1619,43
CITY OF EVERETT Mayor,Scott Murphy,EVERETT  75,1619,56
CITY OF EVERETT Mayor,Rich Ryan,EVERETT  75,1619,4
CITY OF EVERETT Mayor,Janice R. Greene,EVERETT  75,1619,17
CITY OF EVERETT Mayor,WRITE-IN,EVERETT  75,1619,0
CITY OF EVERETT Mayor,Cassie Franklin,EVERETT  78,1620,33
CITY OF EVERETT Mayor,Scott Murphy,EVERETT  78,1620,40
CITY OF EVERETT Mayor,Rich Ryan,EVERETT  78,1620,2
CITY OF EVERETT Mayor,Janice R. Greene,EVERETT  78,1620,29
CITY OF EVERETT Mayor,WRITE-IN,EVERETT  78,1620,0
CITY OF EVERETT Mayor,Cassie Franklin,EVERETT  79,1621,26
CITY OF EVERETT Mayor,Scott Murphy,EVERETT  79,1621,20
CITY OF EVERETT Mayor,Rich Ryan,EVERETT  79,1621,2
CITY OF EVERETT Mayor,Janice R. Greene,EVERETT  79,1621,25
CITY OF EVERETT Mayor,WRITE-IN,EVERETT  79,1621,0
CITY OF EVERETT Mayor,Cassie Franklin,EVERETT  83,1622,80
CITY OF EVERETT Mayor,Scott Murphy,EVERETT  83,1622,64
CITY OF EVERETT Mayor,Rich Ryan,EVERETT  83,1622,5
CITY OF EVERETT Mayor,Janice R. Greene,EVERETT  83,1622,60
CITY OF EVERETT Mayor,WRITE-IN,EVERETT  83,1622,1
CITY OF EVERETT Mayor,Cassie Franklin,EVERETT  86(*),1623,0
CITY OF EVERETT Mayor,Scott Murphy,EVERETT  86(*),1623,0
CITY OF EVERETT Mayor,Rich Ryan,EVERETT  86(*),1623,0
CITY OF EVERETT Mayor,Janice R. Greene,EVERETT  86(*),1623,0
CITY OF EVERETT Mayor,WRITE-IN,EVERETT  86(*),1623,0
CITY OF EVERETT Mayor,Cassie Franklin,EVERETT  92(*),1624,0
CITY OF EVERETT Mayor,Scott Murphy,EVERETT  92(*),1624,0
CITY OF EVERETT Mayor,Rich Ryan,EVERETT  92(*),1624,0
CITY OF EVERETT Mayor,Janice R. Greene,EVERETT  92(*),1624,0
CITY OF EVERETT Mayor,WRITE-IN,EVERETT  92(*),1624,0
CITY OF EVERETT Mayor,Cassie Franklin,EVERETT  77,1645,47
CITY OF EVERETT Mayor,Scott Murphy,EVERETT  77,1645,80
CITY OF EVERETT Mayor,Rich Ryan,EVERETT  77,1645,1
CITY OF EVERETT Mayor,Janice R. Greene,EVERETT  77,1645,19
CITY OF EVERETT Mayor,WRITE-IN,EVERETT  77,1645,0
CITY OF EVERETT Mayor,Cassie Franklin,EVERETT  82,1662,56
CITY OF EVERETT Mayor,Scott Murphy,EVERETT  82,1662,72
CITY OF EVERETT Mayor,Rich Ryan,EVERETT  82,1662,0
CITY OF EVERETT Mayor,Janice R. Greene,EVERETT  82,1662,36
CITY OF EVERETT Mayor,WRITE-IN,EVERETT  82,1662,2
CITY OF EVERETT Mayor,Cassie Franklin,EVERETT  93,1695,54
CITY OF EVERETT Mayor,Scott Murphy,EVERETT  93,1695,33
CITY OF EVERETT Mayor,Rich Ryan,EVERETT  93,1695,6
CITY OF EVERETT Mayor,Janice R. Greene,EVERETT  93,1695,45
CITY OF EVERETT Mayor,WRITE-IN,EVERETT  93,1695,0
CITY OF EVERETT Mayor,Cassie Franklin,EVERETT  94,1696,35
CITY OF EVERETT Mayor,Scott Murphy,EVERETT  94,1696,30
CITY OF EVERETT Mayor,Rich Ryan,EVERETT  94,1696,8
CITY OF EVERETT Mayor,Janice R. Greene,EVERETT  94,1696,26
CITY OF EVERETT Mayor,WRITE-IN,EVERETT  94,1696,0
CITY OF EVERETT Mayor,Cassie Franklin,EVERETT  95,1697,27
CITY OF EVERETT Mayor,Scott Murphy,EVERETT  95,1697,8
CITY OF EVERETT Mayor,Rich Ryan,EVERETT  95,1697,8
CITY OF EVERETT Mayor,Janice R. Greene,EVERETT  95,1697,26
CITY OF EVERETT Mayor,WRITE-IN,EVERETT  95,1697,1
CITY OF EVERETT Mayor,Cassie Franklin,EVERETT  96,1800,36
CITY OF EVERETT Mayor,Scott Murphy,EVERETT  96,1800,25
CITY OF EVERETT Mayor,Rich Ryan,EVERETT  96,1800,3
CITY OF EVERETT Mayor,Janice R. Greene,EVERETT  96,1800,31
CITY OF EVERETT Mayor,WRITE-IN,EVERETT  96,1800,0
CITY OF EVERETT Mayor,Cassie Franklin,EVERETT  97,1810,45
CITY OF EVERETT Mayor,Scott Murphy,EVERETT  97,1810,28
CITY OF EVERETT Mayor,Rich Ryan,EVERETT  97,1810,4
CITY OF EVERETT Mayor,Janice R. Greene,EVERETT  97,1810,33
CITY OF EVERETT Mayor,WRITE-IN,EVERETT  97,1810,0
CITY OF EVERETT Mayor,Cassie Franklin,EVERETT  98,1817,47
CITY OF EVERETT Mayor,Scott Murphy,EVERETT  98,1817,21
CITY OF EVERETT Mayor,Rich Ryan,EVERETT  98,1817,5
CITY OF EVERETT Mayor,Janice R. Greene,EVERETT  98,1817,57
CITY OF EVERETT Mayor,WRITE-IN,EVERETT  98,1817,3
CITY OF EVERETT COUNCIL DISTRICT 1 Council District 1,Sam Hem,Total,-1,1417
CITY OF EVERETT COUNCIL DISTRICT 1 Council District 1,Steven Sullivan,Total,-1,164
CITY OF EVERETT COUNCIL DISTRICT 1 Council District 1,Mason Rutledge,Total,-1,1066
CITY OF EVERETT COUNCIL DISTRICT 1 Council District 1,Bill Wheeler,Total,-1,528
CITY OF EVERETT COUNCIL DISTRICT 1 Council District 1,Erica Weir,Total,-1,1237
CITY OF EVERETT COUNCIL DISTRICT 1 Council District 1,WRITE-IN,Total,-1,27
CITY OF EVERETT COUNCIL DISTRICT 1 Council District 1,Sam Hem,EVERETT   1,1214,78
CITY OF EVERETT COUNCIL DISTRICT 1 Council District 1,Steven Sullivan,EVERETT   1,1214,4
CITY OF EVERETT COUNCIL DISTRICT 1 Council District 1,Mason Rutledge,EVERETT   1,1214,106
CITY OF EVERETT COUNCIL DISTRICT 1 Council District 1,Bill Wheeler,EVERETT   1,1214,27
CITY OF EVERETT COUNCIL DISTRICT 1 Council District 1,Erica Weir,EVERETT   1,1214,92
CITY OF EVERETT COUNCIL DISTRICT 1 Council District 1,WRITE-IN,EVERETT   1,1214,0
CITY OF EVERETT COUNCIL DISTRICT 1 Council District 1,Sam Hem,EVERETT   2,1215,60
CITY OF EVERETT COUNCIL DISTRICT 1 Council District 1,Steven Sullivan,EVERETT   2,1215,2
CITY OF EVERETT COUNCIL DISTRICT 1 Council District 1,Mason Rutledge,EVERETT   2,1215,74
CITY OF EVERETT COUNCIL DISTRICT 1 Council District 1,Bill Wheeler,EVERETT   2,1215,20
CITY OF EVERETT COUNCIL DISTRICT 1 Council District 1,Erica Weir,EVERETT   2,1215,106
CITY OF EVERETT COUNCIL DISTRICT 1 Council District 1,WRITE-IN,EVERETT   2,1215,2
CITY OF EVERETT COUNCIL DISTRICT 1 Council District 1,Sam Hem,EVERETT   3,1216,56
CITY OF EVERETT COUNCIL DISTRICT 1 Council District 1,Steven Sullivan,EVERETT   3,1216,16
CITY OF EVERETT COUNCIL DISTRICT 1 Council District 1,Mason Rutledge,EVERETT   3,1216,38
CITY OF EVERETT COUNCIL DISTRICT 1 Council District 1,Bill Wheeler,EVERETT   3,1216,15
CITY OF EVERETT COUNCIL DISTRICT 1 Council District 1,Erica Weir,EVERETT   3,1216,53
CITY OF EVERETT COUNCIL DISTRICT 1 Council District 1,WRITE-IN,EVERETT   3,1216,0
CITY OF EVERETT COUNCIL DISTRICT 1 Council District 1,Sam Hem,EVERETT   4,1217,98
CITY OF EVERETT COUNCIL DISTRICT 1 Council District 1,Steven Sullivan,EVERETT   4,1217,4
CITY OF EVERETT COUNCIL DISTRICT 1 Council District 1,Mason Rutledge,EVERETT   4,1217,83
CITY OF EVERETT COUNCIL DISTRICT 1 Council District 1,Bill Wheeler,EVERETT   4,1217,32
CITY OF EVERETT COUNCIL DISTRICT 1 Council District 1,Erica Weir,EVERETT   4,1217,52
CITY OF EVERETT COUNCIL DISTRICT 1 Council District 1,WRITE-IN,EVERETT   4,1217,2
CITY OF EVERETT COUNCIL DISTRICT 1 Council District 1,Sam Hem,EVERETT   6,1218,64
CITY OF EVERETT COUNCIL DISTRICT 1 Council District 1,Steven Sullivan,EVERETT   6,1218,6
CITY OF EVERETT COUNCIL DISTRICT 1 Council District 1,Mason Rutledge,EVERETT   6,1218,27
CITY OF EVERETT COUNCIL DISTRICT 1 Council District 1,Bill Wheeler,EVERETT   6,1218,18
CITY OF EVERETT COUNCIL DISTRICT 1 Council District 1,Erica Weir,EVERETT   6,1218,56
CITY OF EVERETT COUNCIL DISTRICT 1 Council District 1,WRITE-IN,EVERETT   6,1218,0
CITY OF EVERETT COUNCIL DISTRICT 1 Council District 1,Sam Hem,EVERETT   8,1219,67
CITY OF EVERETT COUNCIL DISTRICT 1 Council District 1,Steven Sullivan,EVERETT   8,1219,7
CITY OF EVERETT COUNCIL DISTRICT 1 Council District 1,Mason Rutledge,EVERETT   8,1219,37
CITY OF EVERETT COUNCIL DISTRICT 1 Council District 1,Bill Wheeler,EVERETT   8,1219,30
CITY OF EVERETT COUNCIL DISTRICT 1 Council District 1,Erica Weir,EVERETT   8,1219,60
CITY OF EVERETT COUNCIL DISTRICT 1 Council District 1,WRITE-IN,EVERETT   8,1219,4
CITY OF EVERETT COUNCIL DISTRICT 1 Council District 1,Sam Hem,EVERETT  11,1220,94
CITY OF EVERETT COUNCIL DISTRICT 1 Council District 1,Steven Sullivan,EVERETT  11,1220,6
CITY OF EVERETT COUNCIL DISTRICT 1 Council District 1,Mason Rutledge,EVERETT  11,1220,150
CITY OF EVERETT COUNCIL DISTRICT 1 Council District 1,Bill Wheeler,EVERETT  11,1220,23
CITY OF EVERETT COUNCIL DISTRICT 1 Council District 1,Erica Weir,EVERETT  11,1220,76
CITY OF EVERETT COUNCIL DISTRICT 1 Council District 1,WRITE-IN,EVERETT  11,1220,1
CITY OF EVERETT COUNCIL DISTRICT 1 Council District 1,Sam Hem,EVERETT  12,1221,50
CITY OF EVERETT COUNCIL DISTRICT 1 Council District 1,Steven Sullivan,EVERETT  12,1221,14
CITY OF EVERETT COUNCIL DISTRICT 1 Council District 1,Mason Rutledge,EVERETT  12,1221,49
CITY OF EVERETT COUNCIL DISTRICT 1 Council District 1,Bill Wheeler,EVERETT  12,1221,16
CITY OF EVERETT COUNCIL DISTRICT 1 Council District 1,Erica Weir,EVERETT  12,1221,67
CITY OF EVERETT COUNCIL DISTRICT 1 Council District 1,WRITE-IN,EVERETT  12,1221,5
CITY OF EVERETT COUNCIL DISTRICT 1 Council District 1,Sam Hem,EVERETT  13,1222,86
CITY OF EVERETT COUNCIL DISTRICT 1 Council District 1,Steven Sullivan,EVERETT  13,1222,7
CITY OF EVERETT COUNCIL DISTRICT 1 Council District 1,Mason Rutledge,EVERETT  13,1222,45
CITY OF EVERETT COUNCIL DISTRICT 1 Council District 1,Bill Wheeler,EVERETT  13,1222,26
CITY OF EVERETT COUNCIL DISTRICT 1 Council District 1,Erica Weir,EVERETT  13,1222,63
CITY OF EVERETT COUNCIL DISTRICT 1 Council District 1,WRITE-IN,EVERETT  13,1222,0
CITY OF EVERETT COUNCIL DISTRICT 1 Council District 1,Sam Hem,EVERETT  14,1223,73
CITY OF EVERETT COUNCIL DISTRICT 1 Council District 1,Steven Sullivan,EVERETT  14,1223,6
CITY OF EVERETT COUNCIL DISTRICT 1 Council District 1,Mason Rutledge,EVERETT  14,1223,37
CITY OF EVERETT COUNCIL DISTRICT 1 Council District 1,Bill Wheeler,EVERETT  14,1223,22
CITY OF EVERETT COUNCIL DISTRICT 1 Council District 1,Erica Weir,EVERETT  14,1223,74
CITY OF EVERETT COUNCIL DISTRICT 1 Council District 1,WRITE-IN,EVERETT  14,1223,0
CITY OF EVERETT COUNCIL DISTRICT 1 Council District 1,Sam Hem,EVERETT  15,1224,104
CITY OF EVERETT COUNCIL DISTRICT 1 Council District 1,Steven Sullivan,EVERETT  15,1224,8
CITY OF EVERETT COUNCIL DISTRICT 1 Council District 1,Mason Rutledge,EVERETT  15,1224,41
CITY OF EVERETT COUNCIL DISTRICT 1 Council District 1,Bill Wheeler,EVERETT  15,1224,29
CITY OF EVERETT COUNCIL DISTRICT 1 Council District 1,Erica Weir,EVERETT  15,1224,56
CITY OF EVERETT COUNCIL DISTRICT 1 Council District 1,WRITE-IN,EVERETT  15,1224,2
CITY OF EVERETT COUNCIL DISTRICT 1 Council District 1,Sam Hem,EVERETT  16,1225,54
CITY OF EVERETT COUNCIL DISTRICT 1 Council District 1,Steven Sullivan,EVERETT  16,1225,6
CITY OF EVERETT COUNCIL DISTRICT 1 Council District 1,Mason Rutledge,EVERETT  16,1225,34
CITY OF EVERETT COUNCIL DISTRICT 1 Council District 1,Bill Wheeler,EVERETT  16,1225,46
CITY OF EVERETT COUNCIL DISTRICT 1 Council District 1,Erica Weir,EVERETT  16,1225,51
CITY OF EVERETT COUNCIL DISTRICT 1 Council District 1,WRITE-IN,EVERETT  16,1225,1
CITY OF EVERETT COUNCIL DISTRICT 1 Council District 1,Sam Hem,EVERETT  17,1226,85
CITY OF EVERETT COUNCIL DISTRICT 1 Council District 1,Steven Sullivan,EVERETT  17,1226,10
CITY OF EVERETT COUNCIL DISTRICT 1 Council District 1,Mason Rutledge,EVERETT  17,1226,40
CITY OF EVERETT COUNCIL DISTRICT 1 Council District 1,Bill Wheeler,EVERETT  17,1226,32
CITY OF EVERETT COUNCIL DISTRICT 1 Council District 1,Erica Weir,EVERETT  17,1226,43
CITY OF EVERETT COUNCIL DISTRICT 1 Council District 1,WRITE-IN,EVERETT  17,1226,4
CITY OF EVERETT COUNCIL DISTRICT 1 Council District 1,Sam Hem,EVERETT  18,1227,44
CITY OF EVERETT COUNCIL DISTRICT 1 Council District 1,Steven Sullivan,EVERETT  18,1227,5
CITY OF EVERETT COUNCIL DISTRICT 1 Council District 1,Mason Rutledge,EVERETT  18,1227,23
CITY OF EVERETT COUNCIL DISTRICT 1 Council District 1,Bill Wheeler,EVERETT  18,1227,19
CITY OF EVERETT COUNCIL DISTRICT 1 Council District 1,Erica Weir,EVERETT  18,1227,49
CITY OF EVERETT COUNCIL DISTRICT 1 Council District 1,WRITE-IN,EVERETT  18,1227,0
CITY OF EVERETT COUNCIL DISTRICT 1 Council District 1,Sam Hem,EVERETT  67,1287,74
CITY OF EVERETT COUNCIL DISTRICT 1 Council District 1,Steven Sullivan,EVERETT  67,1287,12
CITY OF EVERETT COUNCIL DISTRICT 1 Council District 1,Mason Rutledge,EVERETT  67,1287,56
CITY OF EVERETT COUNCIL DISTRICT 1 Council District 1,Bill Wheeler,EVERETT  67,1287,29
CITY OF EVERETT COUNCIL DISTRICT 1 Council District 1,Erica Weir,EVERETT  67,1287,44
CITY OF EVERETT COUNCIL DISTRICT 1 Council District 1,WRITE-IN,EVERETT  67,1287,0
CITY OF EVERETT COUNCIL DISTRICT 1 Council District 1,Sam Hem,EVERETT  69,1288,75
CITY OF EVERETT COUNCIL DISTRICT 1 Council District 1,Steven Sullivan,EVERETT  69,1288,7
CITY OF EVERETT COUNCIL DISTRICT 1 Council District 1,Mason Rutledge,EVERETT  69,1288,74
CITY OF EVERETT COUNCIL DISTRICT 1 Council District 1,Bill Wheeler,EVERETT  69,1288,29
CITY OF EVERETT COUNCIL DISTRICT 1 Council District 1,Erica Weir,EVERETT  69,1288,90
CITY OF EVERETT COUNCIL DISTRICT 1 Council District 1,WRITE-IN,EVERETT  69,1288,0
CITY OF EVERETT COUNCIL DISTRICT 1 Council District 1,Sam Hem,EVERETT   5,1394,45
CITY OF EVERETT COUNCIL DISTRICT 1 Council District 1,Steven Sullivan,EVERETT   5,1394,10
CITY OF EVERETT COUNCIL DISTRICT 1 Council District 1,Mason Rutledge,EVERETT   5,1394,28
CITY OF EVERETT COUNCIL DISTRICT 1 Council District 1,Bill Wheeler,EVERETT   5,1394,23
CITY OF EVERETT COUNCIL DISTRICT 1 Council District 1,Erica Weir,EVERETT   5,1394,38
CITY OF EVERETT COUNCIL DISTRICT 1 Council District 1,WRITE-IN,EVERETT   5,1394,1
CITY OF EVERETT COUNCIL DISTRICT 1 Council District 1,Sam Hem,EVERETT   7,1395,28
CITY OF EVERETT COUNCIL DISTRICT 1 Council District 1,Steven Sullivan,EVERETT   7,1395,3
CITY OF EVERETT COUNCIL DISTRICT 1 Council District 1,Mason Rutledge,EVERETT   7,1395,17
CITY OF EVERETT COUNCIL DISTRICT 1 Council District 1,Bill Wheeler,EVERETT   7,1395,8
CITY OF EVERETT COUNCIL DISTRICT 1 Council District 1,Erica Weir,EVERETT   7,1395,23
CITY OF EVERETT COUNCIL DISTRICT 1 Council District 1,WRITE-IN,EVERETT   7,1395,0
CITY OF EVERETT COUNCIL DISTRICT 1 Council District 1,Sam Hem,EVERETT  10,1397,61
CITY OF EVERETT COUNCIL DISTRICT 1 Council District 1,Steven Sullivan,EVERETT  10,1397,2
CITY OF EVERETT COUNCIL DISTRICT 1 Council District 1,Mason Rutledge,EVERETT  10,1397,41
CITY OF EVERETT COUNCIL DISTRICT 1 Council District 1,Bill Wheeler,EVERETT  10,1397,13
CITY OF EVERETT COUNCIL DISTRICT 1 Council District 1,Erica Weir,EVERETT  10,1397,43
CITY OF EVERETT COUNCIL DISTRICT 1 Council District 1,WRITE-IN,EVERETT  10,1397,0
CITY OF EVERETT COUNCIL DISTRICT 1 Council District 1,Sam Hem,EVERETT  70,1409,0
CITY OF EVERETT COUNCIL DISTRICT 1 Council District 1,Steven Sullivan,EVERETT  70,1409,0
CITY OF EVERETT COUNCIL DISTRICT 1 Council District 1,Mason Rutledge,EVERETT  70,1409,0
CITY OF EVERETT COUNCIL DISTRICT 1 Council District 1,Bill Wheeler,EVERETT  70,1409,0
CITY OF EVERETT COUNCIL DISTRICT 1 Council District 1,Erica Weir,EVERETT  70,1409,0
CITY OF EVERETT COUNCIL DISTRICT 1 Council District 1,WRITE-IN,EVERETT  70,1409,0
CITY OF EVERETT COUNCIL DISTRICT 1 Council District 1,Sam Hem,EVERETT  81,1414,34
CITY OF EVERETT COUNCIL DISTRICT 1 Council District 1,Steven Sullivan,EVERETT  81,1414,8
CITY OF EVERETT COUNCIL DISTRICT 1 Council District 1,Mason Rutledge,EVERETT  81,1414,26
CITY OF EVERETT COUNCIL DISTRICT 1 Council District 1,Bill Wheeler,EVERETT  81,1414,29
CITY OF EVERETT COUNCIL DISTRICT 1 Council District 1,Erica Weir,EVERETT  81,1414,29
CITY OF EVERETT COUNCIL DISTRICT 1 Council District 1,WRITE-IN,EVERETT  81,1414,1
CITY OF EVERETT COUNCIL DISTRICT 1 Council District 1,Sam Hem,EVERETT  93,1695,52
CITY OF EVERETT COUNCIL DISTRICT 1 Council District 1,Steven Sullivan,EVERETT  93,1695,16
CITY OF EVERETT COUNCIL DISTRICT 1 Council District 1,Mason Rutledge,EVERETT  93,1695,21
CITY OF EVERETT COUNCIL DISTRICT 1 Council District 1,Bill Wheeler,EVERETT  93,1695,23
CITY OF EVERETT COUNCIL DISTRICT 1 Council District 1,Erica Weir,EVERETT  93,1695,24
CITY OF EVERETT COUNCIL DISTRICT 1 Council District 1,WRITE-IN,EVERETT  93,1695,0
CITY OF EVERETT COUNCIL DISTRICT 1 Council District 1,Sam Hem,EVERETT  98,1817,35
CITY OF EVERETT COUNCIL DISTRICT 1 Council District 1,Steven Sullivan,EVERETT  98,1817,5
CITY OF EVERETT COUNCIL DISTRICT 1 Council District 1,Mason Rutledge,EVERETT  98,1817,19
CITY OF EVERETT COUNCIL DISTRICT 1 Council District 1,Bill Wheeler,EVERETT  98,1817,19
CITY OF EVERETT COUNCIL DISTRICT 1 Council District 1,Erica Weir,EVERETT  98,1817,48
CITY OF EVERETT COUNCIL DISTRICT 1 Council District 1,WRITE-IN,EVERETT  98,1817,4
CITY OF EVERETT COUNCIL DISTRICT 2 Council District 2,Jonathan Shapiro,Total,-1,109
CITY OF EVERETT COUNCIL DISTRICT 2 Council District 2,Ryan Crowther,Total,-1,1351
CITY OF EVERETT COUNCIL DISTRICT 2 Council District 2,Paula Rhyne,Total,-1,1939
CITY OF EVERETT COUNCIL DISTRICT 2 Council District 2,WRITE-IN,Total,-1,25
CITY OF EVERETT COUNCIL DISTRICT 2 Council District 2,Jonathan Shapiro,EVERETT  19,1228,7
CITY OF EVERETT COUNCIL DISTRICT 2 Council District 2,Ryan Crowther,EVERETT  19,1228,61
CITY OF EVERETT COUNCIL DISTRICT 2 Council District 2,Paula Rhyne,EVERETT  19,1228,116
CITY OF EVERETT COUNCIL DISTRICT 2 Council District 2,WRITE-IN,EVERETT  19,1228,0
CITY OF EVERETT COUNCIL DISTRICT 2 Council District 2,Jonathan Shapiro,EVERETT  20,1229,17
CITY OF EVERETT COUNCIL DISTRICT 2 Council District 2,Ryan Crowther,EVERETT  20,1229,68
CITY OF EVERETT COUNCIL DISTRICT 2 Council District 2,Paula Rhyne,EVERETT  20,1229,140
CITY OF EVERETT COUNCIL DISTRICT 2 Council District 2,WRITE-IN,EVERETT  20,1229,3
CITY OF EVERETT COUNCIL DISTRICT 2 Council District 2,Jonathan Shapiro,EVERETT  21,1230,7
CITY OF EVERETT COUNCIL DISTRICT 2 Council District 2,Ryan Crowther,EVERETT  21,1230,119
CITY OF EVERETT COUNCIL DISTRICT 2 Council District 2,Paula Rhyne,EVERETT  21,1230,146
CITY OF EVERETT COUNCIL DISTRICT 2 Council District 2,WRITE-IN,EVERETT  21,1230,1
CITY OF EVERETT COUNCIL DISTRICT 2 Council District 2,Jonathan Shapiro,EVERETT  22,1231,4
CITY OF EVERETT COUNCIL DISTRICT 2 Council District 2,Ryan Crowther,EVERETT  22,1231,82
CITY OF EVERETT COUNCIL DISTRICT 2 Council District 2,Paula Rhyne,EVERETT  22,1231,150
CITY OF EVERETT COUNCIL DISTRICT 2 Council District 2,WRITE-IN,EVERETT  22,1231,3
CITY OF EVERETT COUNCIL DISTRICT 2 Council District 2,Jonathan Shapiro,EVERETT  25,1233,1
CITY OF EVERETT COUNCIL DISTRICT 2 Council District 2,Ryan Crowther,EVERETT  25,1233,104
CITY OF EVERETT COUNCIL DISTRICT 2 Council District 2,Paula Rhyne,EVERETT  25,1233,132
CITY OF EVERETT COUNCIL DISTRICT 2 Council District 2,WRITE-IN,EVERETT  25,1233,1
CITY OF EVERETT COUNCIL DISTRICT 2 Council District 2,Jonathan Shapiro,EVERETT  26,1234,2
CITY OF EVERETT COUNCIL DISTRICT 2 Council District 2,Ryan Crowther,EVERETT  26,1234,179
CITY OF EVERETT COUNCIL DISTRICT 2 Council District 2,Paula Rhyne,EVERETT  26,1234,172
CITY OF EVERETT COUNCIL DISTRICT 2 Council District 2,WRITE-IN,EVERETT  26,1234,0
CITY OF EVERETT COUNCIL DISTRICT 2 Council District 2,Jonathan Shapiro,EVERETT  27,1235,7
CITY OF EVERETT COUNCIL DISTRICT 2 Council District 2,Ryan Crowther,EVERETT  27,1235,95
CITY OF EVERETT COUNCIL DISTRICT 2 Council District 2,Paula Rhyne,EVERETT  27,1235,92
CITY OF EVERETT COUNCIL DISTRICT 2 Council District 2,WRITE-IN,EVERETT  27,1235,3
CITY OF EVERETT COUNCIL DISTRICT 2 Council District 2,Jonathan Shapiro,EVERETT  28,1236,5
CITY OF EVERETT COUNCIL DISTRICT 2 Council District 2,Ryan Crowther,EVERETT  28,1236,53
CITY OF EVERETT COUNCIL DISTRICT 2 Council District 2,Paula Rhyne,EVERETT  28,1236,90
CITY OF EVERETT COUNCIL DISTRICT 2 Council District 2,WRITE-IN,EVERETT  28,1236,6
CITY OF EVERETT COUNCIL DISTRICT 2 Council District 2,Jonathan Shapiro,EVERETT  29,1237,3
CITY OF EVERETT COUNCIL DISTRICT 2 Council District 2,Ryan Crowther,EVERETT  29,1237,78
CITY OF EVERETT COUNCIL DISTRICT 2 Council District 2,Paula Rhyne,EVERETT  29,1237,70
CITY OF EVERETT COUNCIL DISTRICT 2 Council District 2,WRITE-IN,EVERETT  29,1237,0
CITY OF EVERETT COUNCIL DISTRICT 2 Council District 2,Jonathan Shapiro,EVERETT  31,1238,7
CITY OF EVERETT COUNCIL DISTRICT 2 Council District 2,Ryan Crowther,EVERETT  31,1238,41
CITY OF EVERETT COUNCIL DISTRICT 2 Council District 2,Paula Rhyne,EVERETT  31,1238,92
CITY OF EVERETT COUNCIL DISTRICT 2 Council District 2,WRITE-IN,EVERETT  31,1238,1
CITY OF EVERETT COUNCIL DISTRICT 2 Council District 2,Jonathan Shapiro,EVERETT  36,1242,5
CITY OF EVERETT COUNCIL DISTRICT 2 Council District 2,Ryan Crowther,EVERETT  36,1242,65
CITY OF EVERETT COUNCIL DISTRICT 2 Council District 2,Paula Rhyne,EVERETT  36,1242,96
CITY OF EVERETT COUNCIL DISTRICT 2 Council District 2,WRITE-IN,EVERETT  36,1242,1
CITY OF EVERETT COUNCIL DISTRICT 2 Council District 2,Jonathan Shapiro,EVERETT  37,1243,13
CITY OF EVERETT COUNCIL DISTRICT 2 Council District 2,Ryan Crowther,EVERETT  37,1243,79
CITY OF EVERETT COUNCIL DISTRICT 2 Council District 2,Paula Rhyne,EVERETT  37,1243,125
CITY OF EVERETT COUNCIL DISTRICT 2 Council District 2,WRITE-IN,EVERETT  37,1243,1
CITY OF EVERETT COUNCIL DISTRICT 2 Council District 2,Jonathan Shapiro,EVERETT  38,1244,1
CITY OF EVERETT COUNCIL DISTRICT 2 Council District 2,Ryan Crowther,EVERETT  38,1244,19
CITY OF EVERETT COUNCIL DISTRICT 2 Council District 2,Paula Rhyne,EVERETT  38,1244,19
CITY OF EVERETT COUNCIL DISTRICT 2 Council District 2,WRITE-IN,EVERETT  38,1244,0
CITY OF EVERETT COUNCIL DISTRICT 2 Council District 2,Jonathan Shapiro,EVERETT  73,1289,10
CITY OF EVERETT COUNCIL DISTRICT 2 Council District 2,Ryan Crowther,EVERETT  73,1289,70
CITY OF EVERETT COUNCIL DISTRICT 2 Council District 2,Paula Rhyne,EVERETT  73,1289,118
CITY OF EVERETT COUNCIL DISTRICT 2 Council District 2,WRITE-IN,EVERETT  73,1289,1
CITY OF EVERETT COUNCIL DISTRICT 2 Council District 2,Jonathan Shapiro,EVERETT  76,1290,7
CITY OF EVERETT COUNCIL DISTRICT 2 Council District 2,Ryan Crowther,EVERETT  76,1290,36
CITY OF EVERETT COUNCIL DISTRICT 2 Council District 2,Paula Rhyne,EVERETT  76,1290,80
CITY OF EVERETT COUNCIL DISTRICT 2 Council District 2,WRITE-IN,EVERETT  76,1290,2
CITY OF EVERETT COUNCIL DISTRICT 2 Council District 2,Jonathan Shapiro,EVERETT  30,1399,5
CITY OF EVERETT COUNCIL DISTRICT 2 Council District 2,Ryan Crowther,EVERETT  30,1399,89
CITY OF EVERETT COUNCIL DISTRICT 2 Council District 2,Paula Rhyne,EVERETT  30,1399,104
CITY OF EVERETT COUNCIL DISTRICT 2 Council District 2,WRITE-IN,EVERETT  30,1399,0
CITY OF EVERETT COUNCIL DISTRICT 2 Council District 2,Jonathan Shapiro,EVERETT  80,1413,6
CITY OF EVERETT COUNCIL DISTRICT 2 Council District 2,Ryan Crowther,EVERETT  80,1413,75
CITY OF EVERETT COUNCIL DISTRICT 2 Council District 2,Paula Rhyne,EVERETT  80,1413,128
CITY OF EVERETT COUNCIL DISTRICT 2 Council District 2,WRITE-IN,EVERETT  80,1413,2
CITY OF EVERETT COUNCIL DISTRICT 2 Council District 2,Jonathan Shapiro,EVERETT  97,1810,2
CITY OF EVERETT COUNCIL DISTRICT 2 Council District 2,Ryan Crowther,EVERETT  97,1810,38
CITY OF EVERETT COUNCIL DISTRICT 2 Council District 2,Paula Rhyne,EVERETT  97,1810,69
CITY OF EVERETT COUNCIL DISTRICT 2 Council District 2,WRITE-IN,EVERETT  97,1810,0
CITY OF EVERETT COUNCIL DISTRICT 4 Council District 4,Niko Battle,Total,-1,632
CITY OF EVERETT COUNCIL DISTRICT 4 Council District 4,Luis M. Burbano,Total,-1,371
CITY OF EVERETT COUNCIL DISTRICT 4 Council District 4,Alan Rubio,Total,-1,497
CITY OF EVERETT COUNCIL DISTRICT 4 Council District 4,WRITE-IN,Total,-1,3
CITY OF EVERETT COUNCIL DISTRICT 4 Council District 4,Niko Battle,EVERETT  55,1258,32
CITY OF EVERETT COUNCIL DISTRICT 4 Council District 4,Luis M. Burbano,EVERETT  55,1258,21
CITY OF EVERETT COUNCIL DISTRICT 4 Council District 4,Alan Rubio,EVERETT  55,1258,25
CITY OF EVERETT COUNCIL DISTRICT 4 Council District 4,WRITE-IN,EVERETT  55,1258,0
CITY OF EVERETT COUNCIL DISTRICT 4 Council District 4,Niko Battle,EVERETT  60,1346,55
CITY OF EVERETT COUNCIL DISTRICT 4 Council District 4,Luis M. Burbano,EVERETT  60,1346,27
CITY OF EVERETT COUNCIL DISTRICT 4 Council District 4,Alan Rubio,EVERETT  60,1346,34
CITY OF EVERETT COUNCIL DISTRICT 4 Council District 4,WRITE-IN,EVERETT  60,1346,0
CITY OF EVERETT COUNCIL DISTRICT 4 Council District 4,Niko Battle,EVERETT  47,1402,53
CITY OF EVERETT COUNCIL DISTRICT 4 Council District 4,Luis M. Burbano,EVERETT  47,1402,49
CITY OF EVERETT COUNCIL DISTRICT 4 Council District 4,Alan Rubio,EVERETT  47,1402,52
CITY OF EVERETT COUNCIL DISTRICT 4 Council District 4,WRITE-IN,EVERETT  47,1402,0
CITY OF EVERETT COUNCIL DISTRICT 4 Council District 4,Niko Battle,EVERETT  64,1405,33
CITY OF EVERETT COUNCIL DISTRICT 4 Council District 4,Luis M. Burbano,EVERETT  64,1405,17
CITY OF EVERETT COUNCIL DISTRICT 4 Council District 4,Alan Rubio,EVERETT  64,1405,24
CITY OF EVERETT COUNCIL DISTRICT 4 Council District 4,WRITE-IN,EVERETT  64,1405,0
CITY OF EVERETT COUNCIL DISTRICT 4 Council District 4,Niko Battle,EVERETT  68,1408,68
CITY OF EVERETT COUNCIL DISTRICT 4 Council District 4,Luis M. Burbano,EVERETT  68,1408,40
CITY OF EVERETT COUNCIL DISTRICT 4 Council District 4,Alan Rubio,EVERETT  68,1408,101
CITY OF EVERETT COUNCIL DISTRICT 4 Council District 4,WRITE-IN,EVERETT  68,1408,0
CITY OF EVERETT COUNCIL DISTRICT 4 Council District 4,Niko Battle,EVERETT  71,1410,29
CITY OF EVERETT COUNCIL DISTRICT 4 Council District 4,Luis M. Burbano,EVERETT  71,1410,25
CITY OF EVERETT COUNCIL DISTRICT 4 Council District 4,Alan Rubio,EVERETT  71,1410,27
CITY OF EVERETT COUNCIL DISTRICT 4 Council District 4,WRITE-IN,EVERETT  71,1410,0
CITY OF EVERETT COUNCIL DISTRICT 4 Council District 4,Niko Battle,EVERETT  84,1448,42
CITY OF EVERETT COUNCIL DISTRICT 4 Council District 4,Luis M. Burbano,EVERETT  84,1448,11
CITY OF EVERETT COUNCIL DISTRICT 4 Council District 4,Alan Rubio,EVERETT  84,1448,8
CITY OF EVERETT COUNCIL DISTRICT 4 Council District 4,WRITE-IN,EVERETT  84,1448,0
CITY OF EVERETT COUNCIL DISTRICT 4 Council District 4,Niko Battle,EVERETT  89,1452,66
CITY OF EVERETT COUNCIL DISTRICT 4 Council District 4,Luis M. Burbano,EVERETT  89,1452,41
CITY OF EVERETT COUNCIL DISTRICT 4 Council District 4,Alan Rubio,EVERETT  89,1452,41
CITY OF EVERETT COUNCIL DISTRICT 4 Council District 4,WRITE-IN,EVERETT  89,1452,2
CITY OF EVERETT COUNCIL DISTRICT 4 Council District 4,Niko Battle,EVERETT  90,1453,32
CITY OF EVERETT COUNCIL DISTRICT 4 Council District 4,Luis M. Burbano,EVERETT  90,1453,27
CITY OF EVERETT COUNCIL DISTRICT 4 Council District 4,Alan Rubio,EVERETT  90,1453,12
CITY OF EVERETT COUNCIL DISTRICT 4 Council District 4,WRITE-IN,EVERETT  90,1453,0
CITY OF EVERETT COUNCIL DISTRICT 4 Council District 4,Niko Battle,EVERETT  79,1621,18
CITY OF EVERETT COUNCIL DISTRICT 4 Council District 4,Luis M. Burbano,EVERETT  79,1621,24
CITY OF EVERETT COUNCIL DISTRICT 4 Council District 4,Alan Rubio,EVERETT  79,1621,29
CITY OF EVERETT COUNCIL DISTRICT 4 Council District 4,WRITE-IN,EVERETT  79,1621,0
CITY OF EVERETT COUNCIL DISTRICT 4 Council District 4,Niko Battle,EVERETT  83,1622,94
CITY OF EVERETT COUNCIL DISTRICT 4 Council District 4,Luis M. Burbano,EVERETT  83,1622,35
CITY OF EVERETT COUNCIL DISTRICT 4 Council District 4,Alan Rubio,EVERETT  83,1622,79
CITY OF EVERETT COUNCIL DISTRICT 4 Council District 4,WRITE-IN,EVERETT  83,1622,1
CITY OF EVERETT COUNCIL DISTRICT 4 Council District 4,Niko Battle,EVERETT  86,1623,82
CITY OF EVERETT COUNCIL DISTRICT 4 Council District 4,Luis M. Burbano,EVERETT  86,1623,32
CITY OF EVERETT COUNCIL DISTRICT 4 Council District 4,Alan Rubio,EVERETT  86,1623,47
CITY OF EVERETT COUNCIL DISTRICT 4 Council District 4,WRITE-IN,EVERETT  86,1623,0
CITY OF EVERETT COUNCIL DISTRICT 4 Council District 4,Niko Battle,EVERETT  95,1697,28
CITY OF EVERETT COUNCIL DISTRICT 4 Council District 4,Luis M. Burbano,EVERETT  95,1697,22
CITY OF EVERETT COUNCIL DISTRICT 4 Council District 4,Alan Rubio,EVERETT  95,1697,18
CITY OF EVERETT COUNCIL DISTRICT 4 Council District 4,WRITE-IN,EVERETT  95,1697,0
CITY OF LYNNWOOD Council Position 1,Dio Boucsieguez,Total,-1,1978
CITY OF LYNNWOOD Council Position 1,Derica Escamilla,Total,-1,2679
CITY OF LYNNWOOD Council Position 1,Brandon Kimmel,Total,-1,983
CITY OF LYNNWOOD Council Position 1,WRITE-IN,Total,-1,22
CITY OF LYNNWOOD Council Position 1,Dio Boucsieguez,LYNNWOOD  1,1115,29
CITY OF LYNNWOOD Council Position 1,Derica Escamilla,LYNNWOOD  1,1115,71
CITY OF LYNNWOOD Council Position 1,Brandon Kimmel,LYNNWOOD  1,1115,17
CITY OF LYNNWOOD Council Position 1,WRITE-IN,LYNNWOOD  1,1115,0
CITY OF LYNNWOOD Council Position 1,Dio Boucsieguez,LYNNWOOD  2,1116,35
CITY OF LYNNWOOD Council Position 1,Derica Escamilla,LYNNWOOD  2,1116,49
CITY OF LYNNWOOD Council Position 1,Brandon Kimmel,LYNNWOOD  2,1116,39
CITY OF LYNNWOOD Council Position 1,WRITE-IN,LYNNWOOD  2,1116,0
CITY OF LYNNWOOD Council Position 1,Dio Boucsieguez,LYNNWOOD  3,1117,61
CITY OF LYNNWOOD Council Position 1,Derica Escamilla,LYNNWOOD  3,1117,65
CITY OF LYNNWOOD Council Position 1,Brandon Kimmel,LYNNWOOD  3,1117,27
CITY OF LYNNWOOD Council Position 1,WRITE-IN,LYNNWOOD  3,1117,0
CITY OF LYNNWOOD Council Position 1,Dio Boucsieguez,LYNNWOOD  4,1118,56
CITY OF LYNNWOOD Council Position 1,Derica Escamilla,LYNNWOOD  4,1118,99
CITY OF LYNNWOOD Council Position 1,Brandon Kimmel,LYNNWOOD  4,1118,17
CITY OF LYNNWOOD Council Position 1,WRITE-IN,LYNNWOOD  4,1118,0
CITY OF LYNNWOOD Council Position 1,Dio Boucsieguez,LYNNWOOD  5,1119,38
CITY OF LYNNWOOD Council Position 1,Derica Escamilla,LYNNWOOD  5,1119,70
CITY OF LYNNWOOD Council Position 1,Brandon Kimmel,LYNNWOOD  5,1119,19
CITY OF LYNNWOOD Council Position 1,WRITE-IN,LYNNWOOD  5,1119,0
CITY OF LYNNWOOD Council Position 1,Dio Boucsieguez,LYNNWOOD  6,1120,53
CITY OF LYNNWOOD Council Position 1,Derica Escamilla,LYNNWOOD  6,1120,74
CITY OF LYNNWOOD Council Position 1,Brandon Kimmel,LYNNWOOD  6,1120,23
CITY OF LYNNWOOD Council Position 1,WRITE-IN,LYNNWOOD  6,1120,1
CITY OF LYNNWOOD Council Position 1,Dio Boucsieguez,LYNNWOOD  7,1121,73
CITY OF LYNNWOOD Council Position 1,Derica Escamilla,LYNNWOOD  7,1121,133
CITY OF LYNNWOOD Council Position 1,Brandon Kimmel,LYNNWOOD  7,1121,38
CITY OF LYNNWOOD Council Position 1,WRITE-IN,LYNNWOOD  7,1121,1
CITY OF LYNNWOOD Council Position 1,Dio Boucsieguez,LYNNWOOD  8,1122,43
CITY OF LYNNWOOD Council Position 1,Derica Escamilla,LYNNWOOD  8,1122,68
CITY OF LYNNWOOD Council Position 1,Brandon Kimmel,LYNNWOOD  8,1122,33
CITY OF LYNNWOOD Council Position 1,WRITE-IN,LYNNWOOD  8,1122,1
CITY OF LYNNWOOD Council Position 1,Dio Boucsieguez,LYNNWOOD  9,1123,81
CITY OF LYNNWOOD Council Position 1,Derica Escamilla,LYNNWOOD  9,1123,112
CITY OF LYNNWOOD Council Position 1,Brandon Kimmel,LYNNWOOD  9,1123,35
CITY OF LYNNWOOD Council Position 1,WRITE-IN,LYNNWOOD  9,1123,1
CITY OF LYNNWOOD Council Position 1,Dio Boucsieguez,LYNNWOOD 10,1124,37
CITY OF LYNNWOOD Council Position 1,Derica Escamilla,LYNNWOOD 10,1124,44
CITY OF LYNNWOOD Council Position 1,Brandon Kimmel,LYNNWOOD 10,1124,20
CITY OF LYNNWOOD Council Position 1,WRITE-IN,LYNNWOOD 10,1124,2
CITY OF LYNNWOOD Council Position 1,Dio Boucsieguez,LYNNWOOD 11,1125,61
CITY OF LYNNWOOD Council Position 1,Derica Escamilla,LYNNWOOD 11,1125,83
CITY OF LYNNWOOD Council Position 1,Brandon Kimmel,LYNNWOOD 11,1125,37
CITY OF LYNNWOOD Council Position 1,WRITE-IN,LYNNWOOD 11,1125,1
CITY OF LYNNWOOD Council Position 1,Dio Boucsieguez,LYNNWOOD 13,1168,57
CITY OF LYNNWOOD Council Position 1,Derica Escamilla,LYNNWOOD 13,1168,66
CITY OF LYNNWOOD Council Position 1,Brandon Kimmel,LYNNWOOD 13,1168,28
CITY OF LYNNWOOD Council Position 1,WRITE-IN,LYNNWOOD 13,1168,0
CITY OF LYNNWOOD Council Position 1,Dio Boucsieguez,LYNNWOOD 16,1186,61
CITY OF LYNNWOOD Council Position 1,Derica Escamilla,LYNNWOOD 16,1186,101
CITY OF LYNNWOOD Council Position 1,Brandon Kimmel,LYNNWOOD 16,1186,31
CITY OF LYNNWOOD Council Position 1,WRITE-IN,LYNNWOOD 16,1186,1
CITY OF LYNNWOOD Council Position 1,Dio Boucsieguez,LYNNWOOD 17,1201,95
CITY OF LYNNWOOD Council Position 1,Derica Escamilla,LYNNWOOD 17,1201,96
CITY OF LYNNWOOD Council Position 1,Brandon Kimmel,LYNNWOOD 17,1201,35
CITY OF LYNNWOOD Council Position 1,WRITE-IN,LYNNWOOD 17,1201,2
CITY OF LYNNWOOD Council Position 1,Dio Boucsieguez,LYNNWOOD 18,1202,99
CITY OF LYNNWOOD Council Position 1,Derica Escamilla,LYNNWOOD 18,1202,85
CITY OF LYNNWOOD Council Position 1,Brandon Kimmel,LYNNWOOD 18,1202,44
CITY OF LYNNWOOD Council Position 1,WRITE-IN,LYNNWOOD 18,1202,1
CITY OF LYNNWOOD Council Position 1,Dio Boucsieguez,LYNNWOOD 20,1203,63
CITY OF LYNNWOOD Council Position 1,Derica Escamilla,LYNNWOOD 20,1203,89
CITY OF LYNNWOOD Council Position 1,Brandon Kimmel,LYNNWOOD 20,1203,27
CITY OF LYNNWOOD Council Position 1,WRITE-IN,LYNNWOOD 20,1203,1
CITY OF LYNNWOOD Council Position 1,Dio Boucsieguez,LYNNWOOD 22,1204,47
CITY OF LYNNWOOD Council Position 1,Derica Escamilla,LYNNWOOD 22,1204,57
CITY OF LYNNWOOD Council Position 1,Brandon Kimmel,LYNNWOOD 22,1204,20
CITY OF LYNNWOOD Council Position 1,WRITE-IN,LYNNWOOD 22,1204,1
CITY OF LYNNWOOD Council Position 1,Dio Boucsieguez,LYNNWOOD 23,1205,37
CITY OF LYNNWOOD Council Position 1,Derica Escamilla,LYNNWOOD 23,1205,77
CITY OF LYNNWOOD Council Position 1,Brandon Kimmel,LYNNWOOD 23,1205,26
CITY OF LYNNWOOD Council Position 1,WRITE-IN,LYNNWOOD 23,1205,1
CITY OF LYNNWOOD Council Position 1,Dio Boucsieguez,LYNNWOOD 24,1206,31
CITY OF LYNNWOOD Council Position 1,Derica Escamilla,LYNNWOOD 24,1206,69
CITY OF LYNNWOOD Council Position 1,Brandon Kimmel,LYNNWOOD 24,1206,30
CITY OF LYNNWOOD Council Position 1,WRITE-IN,LYNNWOOD 24,1206,0
CITY OF LYNNWOOD Council Position 1,Dio Boucsieguez,LYNNWOOD 28,1207,39
CITY OF LYNNWOOD Council Position 1,Derica Escamilla,LYNNWOOD 28,1207,73
CITY OF LYNNWOOD Council Position 1,Brandon Kimmel,LYNNWOOD 28,1207,31
CITY OF LYNNWOOD Council Position 1,WRITE-IN,LYNNWOOD 28,1207,0
CITY OF LYNNWOOD Council Position 1,Dio Boucsieguez,LYNNWOOD 29,1208,47
CITY OF LYNNWOOD Council Position 1,Derica Escamilla,LYNNWOOD 29,1208,76
CITY OF LYNNWOOD Council Position 1,Brandon Kimmel,LYNNWOOD 29,1208,43
CITY OF LYNNWOOD Council Position 1,WRITE-IN,LYNNWOOD 29,1208,0
CITY OF LYNNWOOD Council Position 1,Dio Boucsieguez,LYNNWOOD 30,1210,96
CITY OF LYNNWOOD Council Position 1,Derica Escamilla,LYNNWOOD 30,1210,80
CITY OF LYNNWOOD Council Position 1,Brandon Kimmel,LYNNWOOD 30,1210,25
CITY OF LYNNWOOD Council Position 1,WRITE-IN,LYNNWOOD 30,1210,0
CITY OF LYNNWOOD Council Position 1,Dio Boucsieguez,LYNNWOOD 12,1419,67
CITY OF LYNNWOOD Council Position 1,Derica Escamilla,LYNNWOOD 12,1419,82
CITY OF LYNNWOOD Council Position 1,Brandon Kimmel,LYNNWOOD 12,1419,38
CITY OF LYNNWOOD Council Position 1,WRITE-IN,LYNNWOOD 12,1419,0
CITY OF LYNNWOOD Council Position 1,Dio Boucsieguez,LYNNWOOD 14,1420,46
CITY OF LYNNWOOD Council Position 1,Derica Escamilla,LYNNWOOD 14,1420,63
CITY OF LYNNWOOD Council Position 1,Brandon Kimmel,LYNNWOOD 14,1420,22
CITY OF LYNNWOOD Council Position 1,WRITE-IN,LYNNWOOD 14,1420,0
CITY OF LYNNWOOD Council Position 1,Dio Boucsieguez,LYNNWOOD 15,1421,48
CITY OF LYNNWOOD Council Position 1,Derica Escamilla,LYNNWOOD 15,1421,64
CITY OF LYNNWOOD Council Position 1,Brandon Kimmel,LYNNWOOD 15,1421,17
CITY OF LYNNWOOD Council Position 1,WRITE-IN,LYNNWOOD 15,1421,0
CITY OF LYNNWOOD Council Position 1,Dio Boucsieguez,LYNNWOOD 19,1422,77
CITY OF LYNNWOOD Council Position 1,Derica Escamilla,LYNNWOOD 19,1422,81
CITY OF LYNNWOOD Council Position 1,Brandon Kimmel,LYNNWOOD 19,1422,21
CITY OF LYNNWOOD Council Position 1,WRITE-IN,LYNNWOOD 19,1422,1
CITY OF LYNNWOOD Council Position 1,Dio Boucsieguez,LYNNWOOD 21,1423,76
CITY OF LYNNWOOD Council Position 1,Derica Escamilla,LYNNWOOD 21,1423,102
CITY OF LYNNWOOD Council Position 1,Brandon Kimmel,LYNNWOOD 21,1423,30
CITY OF LYNNWOOD Council Position 1,WRITE-IN,LYNNWOOD 21,1423,1
CITY OF LYNNWOOD Council Position 1,Dio Boucsieguez,LYNNWOOD 31,1424,40
CITY OF LYNNWOOD Council Position 1,Derica Escamilla,LYNNWOOD 31,1424,68
CITY OF LYNNWOOD Council Position 1,Brandon Kimmel,LYNNWOOD 31,1424,14
CITY OF LYNNWOOD Council Position 1,WRITE-IN,LYNNWOOD 31,1424,0
CITY OF LYNNWOOD Council Position 1,Dio Boucsieguez,LYNNWOOD 32,1462,0
CITY OF LYNNWOOD Council Position 1,Derica Escamilla,LYNNWOOD 32,1462,0
CITY OF LYNNWOOD Council Position 1,Brandon Kimmel,LYNNWOOD 32,1462,0
CITY OF LYNNWOOD Council Position 1,WRITE-IN,LYNNWOOD 32,1462,0
CITY OF LYNNWOOD Council Position 1,Dio Boucsieguez,LYNNWOOD 33,1516,66
CITY OF LYNNWOOD Council Position 1,Derica Escamilla,LYNNWOOD 33,1516,66
CITY OF LYNNWOOD Council Position 1,Brandon Kimmel,LYNNWOOD 33,1516,21
CITY OF LYNNWOOD Council Position 1,WRITE-IN,LYNNWOOD 33,1516,1
CITY OF LYNNWOOD Council Position 1,Dio Boucsieguez,LYNNWOOD 34,1538,37
CITY OF LYNNWOOD Council Position 1,Derica Escamilla,LYNNWOOD 34,1538,44
CITY OF LYNNWOOD Council Position 1,Brandon Kimmel,LYNNWOOD 34,1538,24
CITY OF LYNNWOOD Council Position 1,WRITE-IN,LYNNWOOD 34,1538,0
CITY OF LYNNWOOD Council Position 1,Dio Boucsieguez,LYNNWOOD 25,1626,103
CITY OF LYNNWOOD Council Position 1,Derica Escamilla,LYNNWOOD 25,1626,98
CITY OF LYNNWOOD Council Position 1,Brandon Kimmel,LYNNWOOD 25,1626,51
CITY OF LYNNWOOD Council Position 1,WRITE-IN,LYNNWOOD 25,1626,2
CITY OF LYNNWOOD Council Position 1,Dio Boucsieguez,LYNNWOOD 26,1627,98
CITY OF LYNNWOOD Council Position 1,Derica Escamilla,LYNNWOOD 26,1627,87
CITY OF LYNNWOOD Council Position 1,Brandon Kimmel,LYNNWOOD 26,1627,37
CITY OF LYNNWOOD Council Position 1,WRITE-IN,LYNNWOOD 26,1627,0
CITY OF LYNNWOOD Council Position 1,Dio Boucsieguez,LYNNWOOD 27,1777,23
CITY OF LYNNWOOD Council Position 1,Derica Escamilla,LYNNWOOD 27,1777,96
CITY OF LYNNWOOD Council Position 1,Brandon Kimmel,LYNNWOOD 27,1777,27
CITY OF LYNNWOOD Council Position 1,WRITE-IN,LYNNWOOD 27,1777,1
CITY OF LYNNWOOD Council Position 1,Dio Boucsieguez,LYNNWOOD 35,1852,39
CITY OF LYNNWOOD Council Position 1,Derica Escamilla,LYNNWOOD 35,1852,53
CITY OF LYNNWOOD Council Position 1,Brandon Kimmel,LYNNWOOD 35,1852,18
CITY OF LYNNWOOD Council Position 1,WRITE-IN,LYNNWOOD 35,1852,2
CITY OF LYNNWOOD Council Position 1,Dio Boucsieguez,LYNNWOOD 36,1853,19
CITY OF LYNNWOOD Council Position 1,Derica Escamilla,LYNNWOOD 36,1853,38
CITY OF LYNNWOOD Council Position 1,Brandon Kimmel,LYNNWOOD 36,1853,18
CITY OF LYNNWOOD Council Position 1,WRITE-IN,LYNNWOOD 36,1853,0
CITY OF LYNNWOOD Council Position 3,Tyler Hall,Total,-1,1785
CITY OF LYNNWOOD Council Position 3,Josh Binda,Total,-1,1895
CITY OF LYNNWOOD Council Position 3,Bryce Owings,Total,-1,1982
CITY OF LYNNWOOD Council Position 3,WRITE-IN,Total,-1,28
CITY OF LYNNWOOD Council Position 3,Tyler Hall,LYNNWOOD  1,1115,40
CITY OF LYNNWOOD Council Position 3,Josh Binda,LYNNWOOD  1,1115,53
CITY OF LYNNWOOD Council Position 3,Bryce Owings,LYNNWOOD  1,1115,25
CITY OF LYNNWOOD Council Position 3,WRITE-IN,LYNNWOOD  1,1115,0
CITY OF LYNNWOOD Council Position 3,Tyler Hall,LYNNWOOD  2,1116,40
CITY OF LYNNWOOD Council Position 3,Josh Binda,LYNNWOOD  2,1116,32
CITY OF LYNNWOOD Council Position 3,Bryce Owings,LYNNWOOD  2,1116,51
CITY OF LYNNWOOD Council Position 3,WRITE-IN,LYNNWOOD  2,1116,0
CITY OF LYNNWOOD Council Position 3,Tyler Hall,LYNNWOOD  3,1117,49
CITY OF LYNNWOOD Council Position 3,Josh Binda,LYNNWOOD  3,1117,53
CITY OF LYNNWOOD Council Position 3,Bryce Owings,LYNNWOOD  3,1117,52
CITY OF LYNNWOOD Council Position 3,WRITE-IN,LYNNWOOD  3,1117,1
CITY OF LYNNWOOD Council Position 3,Tyler Hall,LYNNWOOD  4,1118,50
CITY OF LYNNWOOD Council Position 3,Josh Binda,LYNNWOOD  4,1118,73
CITY OF LYNNWOOD Council Position 3,Bryce Owings,LYNNWOOD  4,1118,54
CITY OF LYNNWOOD Council Position 3,WRITE-IN,LYNNWOOD  4,1118,0
CITY OF LYNNWOOD Council Position 3,Tyler Hall,LYNNWOOD  5,1119,38
CITY OF LYNNWOOD Council Position 3,Josh Binda,LYNNWOOD  5,1119,55
CITY OF LYNNWOOD Council Position 3,Bryce Owings,LYNNWOOD  5,1119,34
CITY OF LYNNWOOD Council Position 3,WRITE-IN,LYNNWOOD  5,1119,0
CITY OF LYNNWOOD Council Position 3,Tyler Hall,LYNNWOOD  6,1120,36
CITY OF LYNNWOOD Council Position 3,Josh Binda,LYNNWOOD  6,1120,51
CITY OF LYNNWOOD Council Position 3,Bryce Owings,LYNNWOOD  6,1120,62
CITY OF LYNNWOOD Council Position 3,WRITE-IN,LYNNWOOD  6,1120,1
CITY OF LYNNWOOD Council Position 3,Tyler Hall,LYNNWOOD  7,1121,96
CITY OF LYNNWOOD Council Position 3,Josh Binda,LYNNWOOD  7,1121,80
CITY OF LYNNWOOD Council Position 3,Bryce Owings,LYNNWOOD  7,1121,71
CITY OF LYNNWOOD Council Position 3,WRITE-IN,LYNNWOOD  7,1121,2
CITY OF LYNNWOOD Council Position 3,Tyler Hall,LYNNWOOD  8,1122,38
CITY OF LYNNWOOD Council Position 3,Josh Binda,LYNNWOOD  8,1122,43
CITY OF LYNNWOOD Council Position 3,Bryce Owings,LYNNWOOD  8,1122,58
CITY OF LYNNWOOD Council Position 3,WRITE-IN,LYNNWOOD  8,1122,5
CITY OF LYNNWOOD Council Position 3,Tyler Hall,LYNNWOOD  9,1123,79
CITY OF LYNNWOOD Council Position 3,Josh Binda,LYNNWOOD  9,1123,79
CITY OF LYNNWOOD Council Position 3,Bryce Owings,LYNNWOOD  9,1123,68
CITY OF LYNNWOOD Council Position 3,WRITE-IN,LYNNWOOD  9,1123,1
CITY OF LYNNWOOD Council Position 3,Tyler Hall,LYNNWOOD 10,1124,34
CITY OF LYNNWOOD Council Position 3,Josh Binda,LYNNWOOD 10,1124,36
CITY OF LYNNWOOD Council Position 3,Bryce Owings,LYNNWOOD 10,1124,30
CITY OF LYNNWOOD Council Position 3,WRITE-IN,LYNNWOOD 10,1124,3
CITY OF LYNNWOOD Council Position 3,Tyler Hall,LYNNWOOD 11,1125,44
CITY OF LYNNWOOD Council Position 3,Josh Binda,LYNNWOOD 11,1125,56
CITY OF LYNNWOOD Council Position 3,Bryce Owings,LYNNWOOD 11,1125,82
CITY OF LYNNWOOD Council Position 3,WRITE-IN,LYNNWOOD 11,1125,1
CITY OF LYNNWOOD Council Position 3,Tyler Hall,LYNNWOOD 13,1168,39
CITY OF LYNNWOOD Council Position 3,Josh Binda,LYNNWOOD 13,1168,54
CITY OF LYNNWOOD Council Position 3,Bryce Owings,LYNNWOOD 13,1168,59
CITY OF LYNNWOOD Council Position 3,WRITE-IN,LYNNWOOD 13,1168,0
CITY OF LYNNWOOD Council Position 3,Tyler Hall,LYNNWOOD 16,1186,66
CITY OF LYNNWOOD Council Position 3,Josh Binda,LYNNWOOD 16,1186,72
CITY OF LYNNWOOD Council Position 3,Bryce Owings,LYNNWOOD 16,1186,58
CITY OF LYNNWOOD Council Position 3,WRITE-IN,LYNNWOOD 16,1186,2
CITY OF LYNNWOOD Council Position 3,Tyler Hall,LYNNWOOD 17,1201,82
CITY OF LYNNWOOD Council Position 3,Josh Binda,LYNNWOOD 17,1201,66
CITY OF LYNNWOOD Council Position 3,Bryce Owings,LYNNWOOD 17,1201,83
CITY OF LYNNWOOD Council Position 3,WRITE-IN,LYNNWOOD 17,1201,0
CITY OF LYNNWOOD Council Position 3,Tyler Hall,LYNNWOOD 18,1202,69
CITY OF LYNNWOOD Council Position 3,Josh Binda,LYNNWOOD 18,1202,52
CITY OF LYNNWOOD Council Position 3,Bryce Owings,LYNNWOOD 18,1202,107
CITY OF LYNNWOOD Council Position 3,WRITE-IN,LYNNWOOD 18,1202,0
CITY OF LYNNWOOD Council Position 3,Tyler Hall,LYNNWOOD 20,1203,60
CITY OF LYNNWOOD Council Position 3,Josh Binda,LYNNWOOD 20,1203,69
CITY OF LYNNWOOD Council Position 3,Bryce Owings,LYNNWOOD 20,1203,53
CITY OF LYNNWOOD Council Position 3,WRITE-IN,LYNNWOOD 20,1203,1
CITY OF LYNNWOOD Council Position 3,Tyler Hall,LYNNWOOD 22,1204,35
CITY OF LYNNWOOD Council Position 3,Josh Binda,LYNNWOOD 22,1204,46
CITY OF LYNNWOOD Council Position 3,Bryce Owings,LYNNWOOD 22,1204,43
CITY OF LYNNWOOD Council Position 3,WRITE-IN,LYNNWOOD 22,1204,1
CITY OF LYNNWOOD Council Position 3,Tyler Hall,LYNNWOOD 23,1205,29
CITY OF LYNNWOOD Council Position 3,Josh Binda,LYNNWOOD 23,1205,67
CITY OF LYNNWOOD Council Position 3,Bryce Owings,LYNNWOOD 23,1205,42
CITY OF LYNNWOOD Council Position 3,WRITE-IN,LYNNWOOD 23,1205,3
CITY OF LYNNWOOD Council Position 3,Tyler Hall,LYNNWOOD 24,1206,44
CITY OF LYNNWOOD Council Position 3,Josh Binda,LYNNWOOD 24,1206,52
CITY OF LYNNWOOD Council Position 3,Bryce Owings,LYNNWOOD 24,1206,37
CITY OF LYNNWOOD Council Position 3,WRITE-IN,LYNNWOOD 24,1206,0
CITY OF LYNNWOOD Council Position 3,Tyler Hall,LYNNWOOD 28,1207,51
CITY OF LYNNWOOD Council Position 3,Josh Binda,LYNNWOOD 28,1207,42
CITY OF LYNNWOOD Council Position 3,Bryce Owings,LYNNWOOD 28,1207,48
CITY OF LYNNWOOD Council Position 3,WRITE-IN,LYNNWOOD 28,1207,0
CITY OF LYNNWOOD Council Position 3,Tyler Hall,LYNNWOOD 29,1208,50
CITY OF LYNNWOOD Council Position 3,Josh Binda,LYNNWOOD 29,1208,63
CITY OF LYNNWOOD Council Position 3,Bryce Owings,LYNNWOOD 29,1208,53
CITY OF LYNNWOOD Council Position 3,WRITE-IN,LYNNWOOD 29,1208,0
CITY OF LYNNWOOD Council Position 3,Tyler Hall,LYNNWOOD 30,1210,56
CITY OF LYNNWOOD Council Position 3,Josh Binda,LYNNWOOD 30,1210,56
CITY OF LYNNWOOD Council Position 3,Bryce Owings,LYNNWOOD 30,1210,91
CITY OF LYNNWOOD Council Position 3,WRITE-IN,LYNNWOOD 30,1210,0
CITY OF LYNNWOOD Council Position 3,Tyler Hall,LYNNWOOD 12,1419,64
CITY OF LYNNWOOD Council Position 3,Josh Binda,LYNNWOOD 12,1419,63
CITY OF LYNNWOOD Council Position 3,Bryce Owings,LYNNWOOD 12,1419,58
CITY OF LYNNWOOD Council Position 3,WRITE-IN,LYNNWOOD 12,1419,0
CITY OF LYNNWOOD Council Position 3,Tyler Hall,LYNNWOOD 14,1420,53
CITY OF LYNNWOOD Council Position 3,Josh Binda,LYNNWOOD 14,1420,37
CITY OF LYNNWOOD Council Position 3,Bryce Owings,LYNNWOOD 14,1420,41
CITY OF LYNNWOOD Council Position 3,WRITE-IN,LYNNWOOD 14,1420,0
CITY OF LYNNWOOD Council Position 3,Tyler Hall,LYNNWOOD 15,1421,52
CITY OF LYNNWOOD Council Position 3,Josh Binda,LYNNWOOD 15,1421,31
CITY OF LYNNWOOD Council Position 3,Bryce Owings,LYNNWOOD 15,1421,44
CITY OF LYNNWOOD Council Position 3,WRITE-IN,LYNNWOOD 15,1421,1
CITY OF LYNNWOOD Council Position 3,Tyler Hall,LYNNWOOD 19,1422,52
CITY OF LYNNWOOD Council Position 3,Josh Binda,LYNNWOOD 19,1422,55
CITY OF LYNNWOOD Council Position 3,Bryce Owings,LYNNWOOD 19,1422,73
CITY OF LYNNWOOD Council Position 3,WRITE-IN,LYNNWOOD 19,1422,0
CITY OF LYNNWOOD Council Position 3,Tyler Hall,LYNNWOOD 21,1423,71
CITY OF LYNNWOOD Council Position 3,Josh Binda,LYNNWOOD 21,1423,65
CITY OF LYNNWOOD Council Position 3,Bryce Owings,LYNNWOOD 21,1423,75
CITY OF LYNNWOOD Council Position 3,WRITE-IN,LYNNWOOD 21,1423,1
CITY OF LYNNWOOD Council Position 3,Tyler Hall,LYNNWOOD 31,1424,44
CITY OF LYNNWOOD Council Position 3,Josh Binda,LYNNWOOD 31,1424,38
CITY OF LYNNWOOD Council Position 3,Bryce Owings,LYNNWOOD 31,1424,40
CITY OF LYNNWOOD Council Position 3,WRITE-IN,LYNNWOOD 31,1424,0
CITY OF LYNNWOOD Council Position 3,Tyler Hall,LYNNWOOD 32,1462,0
CITY OF LYNNWOOD Council Position 3,Josh Binda,LYNNWOOD 32,1462,0
CITY OF LYNNWOOD Council Position 3,Bryce Owings,LYNNWOOD 32,1462,0
CITY OF LYNNWOOD Council Position 3,WRITE-IN,LYNNWOOD 32,1462,0
CITY OF LYNNWOOD Council Position 3,Tyler Hall,LYNNWOOD 33,1516,52
CITY OF LYNNWOOD Council Position 3,Josh Binda,LYNNWOOD 33,1516,36
CITY OF LYNNWOOD Council Position 3,Bryce Owings,LYNNWOOD 33,1516,65
CITY OF LYNNWOOD Council Position 3,WRITE-IN,LYNNWOOD 33,1516,1
CITY OF LYNNWOOD Council Position 3,Tyler Hall,LYNNWOOD 34,1538,37
CITY OF LYNNWOOD Council Position 3,Josh Binda,LYNNWOOD 34,1538,35
CITY OF LYNNWOOD Council Position 3,Bryce Owings,LYNNWOOD 34,1538,36
CITY OF LYNNWOOD Council Position 3,WRITE-IN,LYNNWOOD 34,1538,0
CITY OF LYNNWOOD Council Position 3,Tyler Hall,LYNNWOOD 25,1626,79
CITY OF LYNNWOOD Council Position 3,Josh Binda,LYNNWOOD 25,1626,70
CITY OF LYNNWOOD Council Position 3,Bryce Owings,LYNNWOOD 25,1626,101
CITY OF LYNNWOOD Council Position 3,WRITE-IN,LYNNWOOD 25,1626,3
CITY OF LYNNWOOD Council Position 3,Tyler Hall,LYNNWOOD 26,1627,64
CITY OF LYNNWOOD Council Position 3,Josh Binda,LYNNWOOD 26,1627,63
CITY OF LYNNWOOD Council Position 3,Bryce Owings,LYNNWOOD 26,1627,96
CITY OF LYNNWOOD Council Position 3,WRITE-IN,LYNNWOOD 26,1627,1
CITY OF LYNNWOOD Council Position 3,Tyler Hall,LYNNWOOD 27,1777,46
CITY OF LYNNWOOD Council Position 3,Josh Binda,LYNNWOOD 27,1777,77
CITY OF LYNNWOOD Council Position 3,Bryce Owings,LYNNWOOD 27,1777,25
CITY OF LYNNWOOD Council Position 3,WRITE-IN,LYNNWOOD 27,1777,0
CITY OF LYNNWOOD Council Position 3,Tyler Hall,LYNNWOOD 35,1852,22
CITY OF LYNNWOOD Council Position 3,Josh Binda,LYNNWOOD 35,1852,51
CITY OF LYNNWOOD Council Position 3,Bryce Owings,LYNNWOOD 35,1852,39
CITY OF LYNNWOOD Council Position 3,WRITE-IN,LYNNWOOD 35,1852,0
CITY OF LYNNWOOD Council Position 3,Tyler Hall,LYNNWOOD 36,1853,24
CITY OF LYNNWOOD Council Position 3,Josh Binda,LYNNWOOD 36,1853,24
CITY OF LYNNWOOD Council Position 3,Bryce Owings,LYNNWOOD 36,1853,28
CITY OF LYNNWOOD Council Position 3,WRITE-IN,LYNNWOOD 36,1853,0
CITY OF MARYSVILLE Council Position 3,Amber Cantu,Total,-1,2169
CITY OF MARYSVILLE Council Position 3,Dan Perkins,Total,-1,3027
CITY OF MARYSVILLE Council Position 3,David Garrett,Total,-1,1523
CITY OF MARYSVILLE Council Position 3,Gary Kemp,Total,-1,1404
CITY OF MARYSVILLE Council Position 3,R.J. Whitlow,Total,-1,2053
CITY OF MARYSVILLE Council Position 3,WRITE-IN,Total,-1,73
CITY OF MARYSVILLE Council Position 3,Amber Cantu,MARYSVILLE  1,1047,20
CITY OF MARYSVILLE Council Position 3,Dan Perkins,MARYSVILLE  1,1047,31
CITY OF MARYSVILLE Council Position 3,David Garrett,MARYSVILLE  1,1047,24
CITY OF MARYSVILLE Council Position 3,Gary Kemp,MARYSVILLE  1,1047,11
CITY OF MARYSVILLE Council Position 3,R.J. Whitlow,MARYSVILLE  1,1047,23
CITY OF MARYSVILLE Council Position 3,WRITE-IN,MARYSVILLE  1,1047,2
CITY OF MARYSVILLE Council Position 3,Amber Cantu,MARYSVILLE  2,1048,12
CITY OF MARYSVILLE Council Position 3,Dan Perkins,MARYSVILLE  2,1048,26
CITY OF MARYSVILLE Council Position 3,David Garrett,MARYSVILLE  2,1048,10
CITY OF MARYSVILLE Council Position 3,Gary Kemp,MARYSVILLE  2,1048,12
CITY OF MARYSVILLE Council Position 3,R.J. Whitlow,MARYSVILLE  2,1048,15
CITY OF MARYSVILLE Council Position 3,WRITE-IN,MARYSVILLE  2,1048,2
CITY OF MARYSVILLE Council Position 3,Amber Cantu,MARYSVILLE  4,1128,50
CITY OF MARYSVILLE Council Position 3,Dan Perkins,MARYSVILLE  4,1128,40
CITY OF MARYSVILLE Council Position 3,David Garrett,MARYSVILLE  4,1128,23
CITY OF MARYSVILLE Council Position 3,Gary Kemp,MARYSVILLE  4,1128,15
CITY OF MARYSVILLE Council Position 3,R.J. Whitlow,MARYSVILLE  4,1128,20
CITY OF MARYSVILLE Council Position 3,WRITE-IN,MARYSVILLE  4,1128,4
CITY OF MARYSVILLE Council Position 3,Amber Cantu,MARYSVILLE  6,1129,35
CITY OF MARYSVILLE Council Position 3,Dan Perkins,MARYSVILLE  6,1129,54
CITY OF MARYSVILLE Council Position 3,David Garrett,MARYSVILLE  6,1129,17
CITY OF MARYSVILLE Council Position 3,Gary Kemp,MARYSVILLE  6,1129,18
CITY OF MARYSVILLE Council Position 3,R.J. Whitlow,MARYSVILLE  6,1129,41
CITY OF MARYSVILLE Council Position 3,WRITE-IN,MARYSVILLE  6,1129,0
CITY OF MARYSVILLE Council Position 3,Amber Cantu,MARYSVILLE  3,1261,25
CITY OF MARYSVILLE Council Position 3,Dan Perkins,MARYSVILLE  3,1261,64
CITY OF MARYSVILLE Council Position 3,David Garrett,MARYSVILLE  3,1261,21
CITY OF MARYSVILLE Council Position 3,Gary Kemp,MARYSVILLE  3,1261,23
CITY OF MARYSVILLE Council Position 3,R.J. Whitlow,MARYSVILLE  3,1261,50
CITY OF MARYSVILLE Council Position 3,WRITE-IN,MARYSVILLE  3,1261,0
CITY OF MARYSVILLE Council Position 3,Amber Cantu,MARYSVILLE  9,1299,11
CITY OF MARYSVILLE Council Position 3,Dan Perkins,MARYSVILLE  9,1299,34
CITY OF MARYSVILLE Council Position 3,David Garrett,MARYSVILLE  9,1299,9
CITY OF MARYSVILLE Council Position 3,Gary Kemp,MARYSVILLE  9,1299,13
CITY OF MARYSVILLE Council Position 3,R.J. Whitlow,MARYSVILLE  9,1299,9
CITY OF MARYSVILLE Council Position 3,WRITE-IN,MARYSVILLE  9,1299,0
CITY OF MARYSVILLE Council Position 3,Amber Cantu,MARYSVILLE 11,1342,65
CITY OF MARYSVILLE Council Position 3,Dan Perkins,MARYSVILLE 11,1342,44
CITY OF MARYSVILLE Council Position 3,David Garrett,MARYSVILLE 11,1342,36
CITY OF MARYSVILLE Council Position 3,Gary Kemp,MARYSVILLE 11,1342,37
CITY OF MARYSVILLE Council Position 3,R.J. Whitlow,MARYSVILLE 11,1342,26
CITY OF MARYSVILLE Council Position 3,WRITE-IN,MARYSVILLE 11,1342,0
CITY OF MARYSVILLE Council Position 3,Amber Cantu,MARYSVILLE  7,1350,46
CITY OF MARYSVILLE Council Position 3,Dan Perkins,MARYSVILLE  7,1350,42
CITY OF MARYSVILLE Council Position 3,David Garrett,MARYSVILLE  7,1350,28
CITY OF MARYSVILLE Council Position 3,Gary Kemp,MARYSVILLE  7,1350,27
CITY OF MARYSVILLE Council Position 3,R.J. Whitlow,MARYSVILLE  7,1350,20
CITY OF MARYSVILLE Council Position 3,WRITE-IN,MARYSVILLE  7,1350,0
CITY OF MARYSVILLE Council Position 3,Amber Cantu,MARYSVILLE  8,1351,31
CITY OF MARYSVILLE Council Position 3,Dan Perkins,MARYSVILLE  8,1351,59
CITY OF MARYSVILLE Council Position 3,David Garrett,MARYSVILLE  8,1351,34
CITY OF MARYSVILLE Council Position 3,Gary Kemp,MARYSVILLE  8,1351,33
CITY OF MARYSVILLE Council Position 3,R.J. Whitlow,MARYSVILLE  8,1351,25
CITY OF MARYSVILLE Council Position 3,WRITE-IN,MARYSVILLE  8,1351,1
CITY OF MARYSVILLE Council Position 3,Amber Cantu,MARYSVILLE  5,1428,52
CITY OF MARYSVILLE Council Position 3,Dan Perkins,MARYSVILLE  5,1428,89
CITY OF MARYSVILLE Council Position 3,David Garrett,MARYSVILLE  5,1428,48
CITY OF MARYSVILLE Council Position 3,Gary Kemp,MARYSVILLE  5,1428,35
CITY OF MARYSVILLE Council Position 3,R.J. Whitlow,MARYSVILLE  5,1428,44
CITY OF MARYSVILLE Council Position 3,WRITE-IN,MARYSVILLE  5,1428,1
CITY OF MARYSVILLE Council Position 3,Amber Cantu,MARYSVILLE 10,1429,39
CITY OF MARYSVILLE Council Position 3,Dan Perkins,MARYSVILLE 10,1429,37
CITY OF MARYSVILLE Council Position 3,David Garrett,MARYSVILLE 10,1429,21
CITY OF MARYSVILLE Council Position 3,Gary Kemp,MARYSVILLE 10,1429,19
CITY OF MARYSVILLE Council Position 3,R.J. Whitlow,MARYSVILLE 10,1429,35
CITY OF MARYSVILLE Council Position 3,WRITE-IN,MARYSVILLE 10,1429,0
CITY OF MARYSVILLE Council Position 3,Amber Cantu,MARYSVILLE 13,1430,29
CITY OF MARYSVILLE Council Position 3,Dan Perkins,MARYSVILLE 13,1430,51
CITY OF MARYSVILLE Council Position 3,David Garrett,MARYSVILLE 13,1430,17
CITY OF MARYSVILLE Council Position 3,Gary Kemp,MARYSVILLE 13,1430,32
CITY OF MARYSVILLE Council Position 3,R.J. Whitlow,MARYSVILLE 13,1430,38
CITY OF MARYSVILLE Council Position 3,WRITE-IN,MARYSVILLE 13,1430,0
CITY OF MARYSVILLE Council Position 3,Amber Cantu,MARYSVILLE 15,1465,28
CITY OF MARYSVILLE Council Position 3,Dan Perkins,MARYSVILLE 15,1465,59
CITY OF MARYSVILLE Council Position 3,David Garrett,MARYSVILLE 15,1465,34
CITY OF MARYSVILLE Council Position 3,Gary Kemp,MARYSVILLE 15,1465,43
CITY OF MARYSVILLE Council Position 3,R.J. Whitlow,MARYSVILLE 15,1465,45
CITY OF MARYSVILLE Council Position 3,WRITE-IN,MARYSVILLE 15,1465,2
CITY OF MARYSVILLE Council Position 3,Amber Cantu,MARYSVILLE 16,1466,36
CITY OF MARYSVILLE Council Position 3,Dan Perkins,MARYSVILLE 16,1466,55
CITY OF MARYSVILLE Council Position 3,David Garrett,MARYSVILLE 16,1466,28
CITY OF MARYSVILLE Council Position 3,Gary Kemp,MARYSVILLE 16,1466,18
CITY OF MARYSVILLE Council Position 3,R.J. Whitlow,MARYSVILLE 16,1466,51
CITY OF MARYSVILLE Council Position 3,WRITE-IN,MARYSVILLE 16,1466,5
CITY OF MARYSVILLE Council Position 3,Amber Cantu,MARYSVILLE 17,1467,36
CITY OF MARYSVILLE Council Position 3,Dan Perkins,MARYSVILLE 17,1467,49
CITY OF MARYSVILLE Council Position 3,David Garrett,MARYSVILLE 17,1467,24
CITY OF MARYSVILLE Council Position 3,Gary Kemp,MARYSVILLE 17,1467,22
CITY OF MARYSVILLE Council Position 3,R.J. Whitlow,MARYSVILLE 17,1467,64
CITY OF MARYSVILLE Council Position 3,WRITE-IN,MARYSVILLE 17,1467,5
CITY OF MARYSVILLE Council Position 3,Amber Cantu,MARYSVILLE 18,1468,34
CITY OF MARYSVILLE Council Position 3,Dan Perkins,MARYSVILLE 18,1468,55
CITY OF MARYSVILLE Council Position 3,David Garrett,MARYSVILLE 18,1468,35
CITY OF MARYSVILLE Council Position 3,Gary Kemp,MARYSVILLE 18,1468,10
CITY OF MARYSVILLE Council Position 3,R.J. Whitlow,MARYSVILLE 18,1468,42
CITY OF MARYSVILLE Council Position 3,WRITE-IN,MARYSVILLE 18,1468,0
CITY OF MARYSVILLE Council Position 3,Amber Cantu,MARYSVILLE 19,1494,45
CITY OF MARYSVILLE Council Position 3,Dan Perkins,MARYSVILLE 19,1494,96
CITY OF MARYSVILLE Council Position 3,David Garrett,MARYSVILLE 19,1494,23
CITY OF MARYSVILLE Council Position 3,Gary Kemp,MARYSVILLE 19,1494,51
CITY OF MARYSVILLE Council Position 3,R.J. Whitlow,MARYSVILLE 19,1494,63
CITY OF MARYSVILLE Council Position 3,WRITE-IN,MARYSVILLE 19,1494,1
CITY OF MARYSVILLE Council Position 3,Amber Cantu,MARYSVILLE 20,1504,28
CITY OF MARYSVILLE Council Position 3,Dan Perkins,MARYSVILLE 20,1504,46
CITY OF MARYSVILLE Council Position 3,David Garrett,MARYSVILLE 20,1504,20
CITY OF MARYSVILLE Council Position 3,Gary Kemp,MARYSVILLE 20,1504,23
CITY OF MARYSVILLE Council Position 3,R.J. Whitlow,MARYSVILLE 20,1504,47
CITY OF MARYSVILLE Council Position 3,WRITE-IN,MARYSVILLE 20,1504,1
CITY OF MARYSVILLE Council Position 3,Amber Cantu,MARYSVILLE 21,1540,28
CITY OF MARYSVILLE Council Position 3,Dan Perkins,MARYSVILLE 21,1540,47
CITY OF MARYSVILLE Council Position 3,David Garrett,MARYSVILLE 21,1540,27
CITY OF MARYSVILLE Council Position 3,Gary Kemp,MARYSVILLE 21,1540,25
CITY OF MARYSVILLE Council Position 3,R.J. Whitlow,MARYSVILLE 21,1540,72
CITY OF MARYSVILLE Council Position 3,WRITE-IN,MARYSVILLE 21,1540,1
CITY OF MARYSVILLE Council Position 3,Amber Cantu,MARYSVILLE 22,1541,47
CITY OF MARYSVILLE Council Position 3,Dan Perkins,MARYSVILLE 22,1541,71
CITY OF MARYSVILLE Council Position 3,David Garrett,MARYSVILLE 22,1541,24
CITY OF MARYSVILLE Council Position 3,Gary Kemp,MARYSVILLE 22,1541,36
CITY OF MARYSVILLE Council Position 3,R.J. Whitlow,MARYSVILLE 22,1541,49
CITY OF MARYSVILLE Council Position 3,WRITE-IN,MARYSVILLE 22,1541,4
CITY OF MARYSVILLE Council Position 3,Amber Cantu,MARYSVILLE 23,1542,22
CITY OF MARYSVILLE Council Position 3,Dan Perkins,MARYSVILLE 23,1542,31
CITY OF MARYSVILLE Council Position 3,David Garrett,MARYSVILLE 23,1542,21
CITY OF MARYSVILLE Council Position 3,Gary Kemp,MARYSVILLE 23,1542,21
CITY OF MARYSVILLE Council Position 3,R.J. Whitlow,MARYSVILLE 23,1542,14
CITY OF MARYSVILLE Council Position 3,WRITE-IN,MARYSVILLE 23,1542,0
CITY OF MARYSVILLE Council Position 3,Amber Cantu,MARYSVILLE 24,1543,28
CITY OF MARYSVILLE Council Position 3,Dan Perkins,MARYSVILLE 24,1543,51
CITY OF MARYSVILLE Council Position 3,David Garrett,MARYSVILLE 24,1543,27
CITY OF MARYSVILLE Council Position 3,Gary Kemp,MARYSVILLE 24,1543,22
CITY OF MARYSVILLE Council Position 3,R.J. Whitlow,MARYSVILLE 24,1543,46
CITY OF MARYSVILLE Council Position 3,WRITE-IN,MARYSVILLE 24,1543,0
CITY OF MARYSVILLE Council Position 3,Amber Cantu,MARYSVILLE 26,1544,47
CITY OF MARYSVILLE Council Position 3,Dan Perkins,MARYSVILLE 26,1544,62
CITY OF MARYSVILLE Council Position 3,David Garrett,MARYSVILLE 26,1544,38
CITY OF MARYSVILLE Council Position 3,Gary Kemp,MARYSVILLE 26,1544,24
CITY OF MARYSVILLE Council Position 3,R.J. Whitlow,MARYSVILLE 26,1544,32
CITY OF MARYSVILLE Council Position 3,WRITE-IN,MARYSVILLE 26,1544,2
CITY OF MARYSVILLE Council Position 3,Amber Cantu,MARYSVILLE 27,1571,23
CITY OF MARYSVILLE Council Position 3,Dan Perkins,MARYSVILLE 27,1571,49
CITY OF MARYSVILLE Council Position 3,David Garrett,MARYSVILLE 27,1571,31
CITY OF MARYSVILLE Council Position 3,Gary Kemp,MARYSVILLE 27,1571,16
CITY OF MARYSVILLE Council Position 3,R.J. Whitlow,MARYSVILLE 27,1571,30
CITY OF MARYSVILLE Council Position 3,WRITE-IN,MARYSVILLE 27,1571,1
CITY OF MARYSVILLE Council Position 3,Amber Cantu,MARYSVILLE 28,1572,39
CITY OF MARYSVILLE Council Position 3,Dan Perkins,MARYSVILLE 28,1572,35
CITY OF MARYSVILLE Council Position 3,David Garrett,MARYSVILLE 28,1572,25
CITY OF MARYSVILLE Council Position 3,Gary Kemp,MARYSVILLE 28,1572,24
CITY OF MARYSVILLE Council Position 3,R.J. Whitlow,MARYSVILLE 28,1572,9
CITY OF MARYSVILLE Council Position 3,WRITE-IN,MARYSVILLE 28,1572,0
CITY OF MARYSVILLE Council Position 3,Amber Cantu,MARYSVILLE 14,1628,19
CITY OF MARYSVILLE Council Position 3,Dan Perkins,MARYSVILLE 14,1628,33
CITY OF MARYSVILLE Council Position 3,David Garrett,MARYSVILLE 14,1628,16
CITY OF MARYSVILLE Council Position 3,Gary Kemp,MARYSVILLE 14,1628,15
CITY OF MARYSVILLE Council Position 3,R.J. Whitlow,MARYSVILLE 14,1628,37
CITY OF MARYSVILLE Council Position 3,WRITE-IN,MARYSVILLE 14,1628,1
CITY OF MARYSVILLE Council Position 3,Amber Cantu,MARYSVILLE 25,1650,37
CITY OF MARYSVILLE Council Position 3,Dan Perkins,MARYSVILLE 25,1650,17
CITY OF MARYSVILLE Council Position 3,David Garrett,MARYSVILLE 25,1650,10
CITY OF MARYSVILLE Council Position 3,Gary Kemp,MARYSVILLE 25,1650,12
CITY OF MARYSVILLE Council Position 3,R.J. Whitlow,MARYSVILLE 25,1650,15
CITY OF MARYSVILLE Council Position 3,WRITE-IN,MARYSVILLE 25,1650,3
CITY OF MARYSVILLE Council Position 3,Amber Cantu,MARYSVILLE 29,1651,29
CITY OF MARYSVILLE Council Position 3,Dan Perkins,MARYSVILLE 29,1651,18
CITY OF MARYSVILLE Council Position 3,David Garrett,MARYSVILLE 29,1651,22
CITY OF MARYSVILLE Council Position 3,Gary Kemp,MARYSVILLE 29,1651,13
CITY OF MARYSVILLE Council Position 3,R.J. Whitlow,MARYSVILLE 29,1651,10
CITY OF MARYSVILLE Council Position 3,WRITE-IN,MARYSVILLE 29,1651,0
CITY OF MARYSVILLE Council Position 3,Amber Cantu,MARYSVILLE 12,1676,49
CITY OF MARYSVILLE Council Position 3,Dan Perkins,MARYSVILLE 12,1676,57
CITY OF MARYSVILLE Council Position 3,David Garrett,MARYSVILLE 12,1676,24
CITY OF MARYSVILLE Council Position 3,Gary Kemp,MARYSVILLE 12,1676,22
CITY OF MARYSVILLE Council Position 3,R.J. Whitlow,MARYSVILLE 12,1676,45
CITY OF MARYSVILLE Council Position 3,WRITE-IN,MARYSVILLE 12,1676,4
CITY OF MARYSVILLE Council Position 3,Amber Cantu,MARYSVILLE 30,1677,31
CITY OF MARYSVILLE Council Position 3,Dan Perkins,MARYSVILLE 30,1677,42
CITY OF MARYSVILLE Council Position 3,David Garrett,MARYSVILLE 30,1677,33
CITY OF MARYSVILLE Council Position 3,Gary Kemp,MARYSVILLE 30,1677,19
CITY OF MARYSVILLE Council Position 3,R.J. Whitlow,MARYSVILLE 30,1677,34
CITY OF MARYSVILLE Council Position 3,WRITE-IN,MARYSVILLE 30,1677,0
CITY OF MARYSVILLE Council Position 3,Amber Cantu,MARYSVILLE 31,1678,25
CITY OF MARYSVILLE Council Position 3,Dan Perkins,MARYSVILLE 31,1678,45
CITY OF MARYSVILLE Council Position 3,David Garrett,MARYSVILLE 31,1678,41
CITY OF MARYSVILLE Council Position 3,Gary Kemp,MARYSVILLE 31,1678,13
CITY OF MARYSVILLE Council Position 3,R.J. Whitlow,MARYSVILLE 31,1678,12
CITY OF MARYSVILLE Council Position 3,WRITE-IN,MARYSVILLE 31,1678,0
CITY OF MARYSVILLE Council Position 3,Amber Cantu,MARYSVILLE 32,1679,36
CITY OF MARYSVILLE Council Position 3,Dan Perkins,MARYSVILLE 32,1679,58
CITY OF MARYSVILLE Council Position 3,David Garrett,MARYSVILLE 32,1679,30
CITY OF MARYSVILLE Council Position 3,Gary Kemp,MARYSVILLE 32,1679,17
CITY OF MARYSVILLE Council Position 3,R.J. Whitlow,MARYSVILLE 32,1679,22
CITY OF MARYSVILLE Council Position 3,WRITE-IN,MARYSVILLE 32,1679,1
CITY OF MARYSVILLE Council Position 3,Amber Cantu,MARYSVILLE 33,1680,0
CITY OF MARYSVILLE Council Position 3,Dan Perkins,MARYSVILLE 33,1680,0
CITY OF MARYSVILLE Council Position 3,David Garrett,MARYSVILLE 33,1680,0
CITY OF MARYSVILLE Council Position 3,Gary Kemp,MARYSVILLE 33,1680,0
CITY OF MARYSVILLE Council Position 3,R.J. Whitlow,MARYSVILLE 33,1680,0
CITY OF MARYSVILLE Council Position 3,WRITE-IN,MARYSVILLE 33,1680,0
CITY OF MARYSVILLE Council Position 3,Amber Cantu,MARYSVILLE 34,1701,27
CITY OF MARYSVILLE Council Position 3,Dan Perkins,MARYSVILLE 34,1701,47
CITY OF MARYSVILLE Council Position 3,David Garrett,MARYSVILLE 34,1701,21
CITY OF MARYSVILLE Council Position 3,Gary Kemp,MARYSVILLE 34,1701,15
CITY OF MARYSVILLE Council Position 3,R.J. Whitlow,MARYSVILLE 34,1701,23
CITY OF MARYSVILLE Council Position 3,WRITE-IN,MARYSVILLE 34,1701,1
CITY OF MARYSVILLE Council Position 3,Amber Cantu,MARYSVILLE 35,1728,41
CITY OF MARYSVILLE Council Position 3,Dan Perkins,MARYSVILLE 35,1728,41
CITY OF MARYSVILLE Council Position 3,David Garrett,MARYSVILLE 35,1728,27
CITY OF MARYSVILLE Council Position 3,Gary Kemp,MARYSVILLE 35,1728,27
CITY OF MARYSVILLE Council Position 3,R.J. Whitlow,MARYSVILLE 35,1728,30
CITY OF MARYSVILLE Council Position 3,WRITE-IN,MARYSVILLE 35,1728,1
CITY OF MARYSVILLE Council Position 3,Amber Cantu,MARYSVILLE 36,1729,27
CITY OF MARYSVILLE Council Position 3,Dan Perkins,MARYSVILLE 36,1729,33
CITY OF MARYSVILLE Council Position 3,David Garrett,MARYSVILLE 36,1729,15
CITY OF MARYSVILLE Council Position 3,Gary Kemp,MARYSVILLE 36,1729,15
CITY OF MARYSVILLE Council Position 3,R.J. Whitlow,MARYSVILLE 36,1729,34
CITY OF MARYSVILLE Council Position 3,WRITE-IN,MARYSVILLE 36,1729,4
CITY OF MARYSVILLE Council Position 3,Amber Cantu,MARYSVILLE 37,1730,24
CITY OF MARYSVILLE Council Position 3,Dan Perkins,MARYSVILLE 37,1730,75
CITY OF MARYSVILLE Council Position 3,David Garrett,MARYSVILLE 37,1730,16
CITY OF MARYSVILLE Council Position 3,Gary Kemp,MARYSVILLE 37,1730,16
CITY OF MARYSVILLE Council Position 3,R.J. Whitlow,MARYSVILLE 37,1730,20
CITY OF MARYSVILLE Council Position 3,WRITE-IN,MARYSVILLE 37,1730,1
CITY OF MARYSVILLE Council Position 3,Amber Cantu,MARYSVILLE 38,1731,21
CITY OF MARYSVILLE Council Position 3,Dan Perkins,MARYSVILLE 38,1731,35
CITY OF MARYSVILLE Council Position 3,David Garrett,MARYSVILLE 38,1731,17
CITY OF MARYSVILLE Council Position 3,Gary Kemp,MARYSVILLE 38,1731,9
CITY OF MARYSVILLE Council Position 3,R.J. Whitlow,MARYSVILLE 38,1731,41
CITY OF MARYSVILLE Council Position 3,WRITE-IN,MARYSVILLE 38,1731,1
CITY OF MARYSVILLE Council Position 3,Amber Cantu,MARYSVILLE 39,1732,29
CITY OF MARYSVILLE Council Position 3,Dan Perkins,MARYSVILLE 39,1732,36
CITY OF MARYSVILLE Council Position 3,David Garrett,MARYSVILLE 39,1732,19
CITY OF MARYSVILLE Council Position 3,Gary Kemp,MARYSVILLE 39,1732,30
CITY OF MARYSVILLE Council Position 3,R.J. Whitlow,MARYSVILLE 39,1732,32
CITY OF MARYSVILLE Council Position 3,WRITE-IN,MARYSVILLE 39,1732,1
CITY OF MARYSVILLE Council Position 3,Amber Cantu,MARYSVILLE 40,1733,31
CITY OF MARYSVILLE Council Position 3,Dan Perkins,MARYSVILLE 40,1733,61
CITY OF MARYSVILLE Council Position 3,David Garrett,MARYSVILLE 40,1733,6
CITY OF MARYSVILLE Council Position 3,Gary Kemp,MARYSVILLE 40,1733,30
CITY OF MARYSVILLE Council Position 3,R.J. Whitlow,MARYSVILLE 40,1733,32
CITY OF MARYSVILLE Council Position 3,WRITE-IN,MARYSVILLE 40,1733,0
CITY OF MARYSVILLE Council Position 3,Amber Cantu,MARYSVILLE 41,1734,31
CITY OF MARYSVILLE Council Position 3,Dan Perkins,MARYSVILLE 41,1734,29
CITY OF MARYSVILLE Council Position 3,David Garrett,MARYSVILLE 41,1734,16
CITY OF MARYSVILLE Council Position 3,Gary Kemp,MARYSVILLE 41,1734,16
CITY OF MARYSVILLE Council Position 3,R.J. Whitlow,MARYSVILLE 41,1734,16
CITY OF MARYSVILLE Council Position 3,WRITE-IN,MARYSVILLE 41,1734,0
CITY OF MARYSVILLE Council Position 3,Amber Cantu,MARYSVILLE 42,1735,42
CITY OF MARYSVILLE Council Position 3,Dan Perkins,MARYSVILLE 42,1735,40
CITY OF MARYSVILLE Council Position 3,David Garrett,MARYSVILLE 42,1735,17
CITY OF MARYSVILLE Council Position 3,Gary Kemp,MARYSVILLE 42,1735,14
CITY OF MARYSVILLE Council Position 3,R.J. Whitlow,MARYSVILLE 42,1735,44
CITY OF MARYSVILLE Council Position 3,WRITE-IN,MARYSVILLE 42,1735,3
CITY OF MARYSVILLE Council Position 3,Amber Cantu,MARYSVILLE 43,1736,32
CITY OF MARYSVILLE Council Position 3,Dan Perkins,MARYSVILLE 43,1736,34
CITY OF MARYSVILLE Council Position 3,David Garrett,MARYSVILLE 43,1736,25
CITY OF MARYSVILLE Council Position 3,Gary Kemp,MARYSVILLE 43,1736,41
CITY OF MARYSVILLE Council Position 3,R.J. Whitlow,MARYSVILLE 43,1736,38
CITY OF MARYSVILLE Council Position 3,WRITE-IN,MARYSVILLE 43,1736,0
CITY OF MARYSVILLE Council Position 3,Amber Cantu,MARYSVILLE 44,1737,22
CITY OF MARYSVILLE Council Position 3,Dan Perkins,MARYSVILLE 44,1737,31
CITY OF MARYSVILLE Council Position 3,David Garrett,MARYSVILLE 44,1737,9
CITY OF MARYSVILLE Council Position 3,Gary Kemp,MARYSVILLE 44,1737,22
CITY OF MARYSVILLE Council Position 3,R.J. Whitlow,MARYSVILLE 44,1737,16
CITY OF MARYSVILLE Council Position 3,WRITE-IN,MARYSVILLE 44,1737,3
CITY OF MARYSVILLE Council Position 3,Amber Cantu,MARYSVILLE 45,1738,34
CITY OF MARYSVILLE Council Position 3,Dan Perkins,MARYSVILLE 45,1738,51
CITY OF MARYSVILLE Council Position 3,David Garrett,MARYSVILLE 45,1738,19
CITY OF MARYSVILLE Council Position 3,Gary Kemp,MARYSVILLE 45,1738,26
CITY OF MARYSVILLE Council Position 3,R.J. Whitlow,MARYSVILLE 45,1738,51
CITY OF MARYSVILLE Council Position 3,WRITE-IN,MARYSVILLE 45,1738,0
CITY OF MARYSVILLE Council Position 3,Amber Cantu,MARYSVILLE 46,1739,37
CITY OF MARYSVILLE Council Position 3,Dan Perkins,MARYSVILLE 46,1739,56
CITY OF MARYSVILLE Council Position 3,David Garrett,MARYSVILLE 46,1739,30
CITY OF MARYSVILLE Council Position 3,Gary Kemp,MARYSVILLE 46,1739,47
CITY OF MARYSVILLE Council Position 3,R.J. Whitlow,MARYSVILLE 46,1739,69
CITY OF MARYSVILLE Council Position 3,WRITE-IN,MARYSVILLE 46,1739,1
CITY OF MARYSVILLE Council Position 3,Amber Cantu,MARYSVILLE 47,1740,43
CITY OF MARYSVILLE Council Position 3,Dan Perkins,MARYSVILLE 47,1740,67
CITY OF MARYSVILLE Council Position 3,David Garrett,MARYSVILLE 47,1740,22
CITY OF MARYSVILLE Council Position 3,Gary Kemp,MARYSVILLE 47,1740,35
CITY OF MARYSVILLE Council Position 3,R.J. Whitlow,MARYSVILLE 47,1740,29
CITY OF MARYSVILLE Council Position 3,WRITE-IN,MARYSVILLE 47,1740,1
CITY OF MARYSVILLE Council Position 3,Amber Cantu,MARYSVILLE 48,1741,36
CITY OF MARYSVILLE Council Position 3,Dan Perkins,MARYSVILLE 48,1741,58
CITY OF MARYSVILLE Council Position 3,David Garrett,MARYSVILLE 48,1741,29
CITY OF MARYSVILLE Council Position 3,Gary Kemp,MARYSVILLE 48,1741,24
CITY OF MARYSVILLE Council Position 3,R.J. Whitlow,MARYSVILLE 48,1741,20
CITY OF MARYSVILLE Council Position 3,WRITE-IN,MARYSVILLE 48,1741,0
CITY OF MARYSVILLE Council Position 3,Amber Cantu,MARYSVILLE 49,1742,29
CITY OF MARYSVILLE Council Position 3,Dan Perkins,MARYSVILLE 49,1742,43
CITY OF MARYSVILLE Council Position 3,David Garrett,MARYSVILLE 49,1742,13
CITY OF MARYSVILLE Council Position 3,Gary Kemp,MARYSVILLE 49,1742,33
CITY OF MARYSVILLE Council Position 3,R.J. Whitlow,MARYSVILLE 49,1742,31
CITY OF MARYSVILLE Council Position 3,WRITE-IN,MARYSVILLE 49,1742,1
CITY OF MARYSVILLE Council Position 3,Amber Cantu,MARYSVILLE 50,1743,39
CITY OF MARYSVILLE Council Position 3,Dan Perkins,MARYSVILLE 50,1743,49
CITY OF MARYSVILLE Council Position 3,David Garrett,MARYSVILLE 50,1743,31
CITY OF MARYSVILLE Council Position 3,Gary Kemp,MARYSVILLE 50,1743,22
CITY OF MARYSVILLE Council Position 3,R.J. Whitlow,MARYSVILLE 50,1743,35
CITY OF MARYSVILLE Council Position 3,WRITE-IN,MARYSVILLE 50,1743,0
CITY OF MARYSVILLE Council Position 3,Amber Cantu,MARYSVILLE 51,1744,25
CITY OF MARYSVILLE Council Position 3,Dan Perkins,MARYSVILLE 51,1744,38
CITY OF MARYSVILLE Council Position 3,David Garrett,MARYSVILLE 51,1744,27
CITY OF MARYSVILLE Council Position 3,Gary Kemp,MARYSVILLE 51,1744,9
CITY OF MARYSVILLE Council Position 3,R.J. Whitlow,MARYSVILLE 51,1744,10
CITY OF MARYSVILLE Council Position 3,WRITE-IN,MARYSVILLE 51,1744,0
CITY OF MARYSVILLE Council Position 3,Amber Cantu,MARYSVILLE 52,1745,21
CITY OF MARYSVILLE Council Position 3,Dan Perkins,MARYSVILLE 52,1745,51
CITY OF MARYSVILLE Council Position 3,David Garrett,MARYSVILLE 52,1745,19
CITY OF MARYSVILLE Council Position 3,Gary Kemp,MARYSVILLE 52,1745,8
CITY OF MARYSVILLE Council Position 3,R.J. Whitlow,MARYSVILLE 52,1745,10
CITY OF MARYSVILLE Council Position 3,WRITE-IN,MARYSVILLE 52,1745,2
CITY OF MARYSVILLE Council Position 3,Amber Cantu,MARYSVILLE 53,1746,29
CITY OF MARYSVILLE Council Position 3,Dan Perkins,MARYSVILLE 53,1746,31
CITY OF MARYSVILLE Council Position 3,David Garrett,MARYSVILLE 53,1746,15
CITY OF MARYSVILLE Council Position 3,Gary Kemp,MARYSVILLE 53,1746,16
CITY OF MARYSVILLE Council Position 3,R.J. Whitlow,MARYSVILLE 53,1746,24
CITY OF MARYSVILLE Council Position 3,WRITE-IN,MARYSVILLE 53,1746,1
CITY OF MARYSVILLE Council Position 3,Amber Cantu,MARYSVILLE 54,1747,29
CITY OF MARYSVILLE Council Position 3,Dan Perkins,MARYSVILLE 54,1747,36
CITY OF MARYSVILLE Council Position 3,David Garrett,MARYSVILLE 54,1747,27
CITY OF MARYSVILLE Council Position 3,Gary Kemp,MARYSVILLE 54,1747,13
CITY OF MARYSVILLE Council Position 3,R.J. Whitlow,MARYSVILLE 54,1747,16
CITY OF MARYSVILLE Council Position 3,WRITE-IN,MARYSVILLE 54,1747,1
CITY OF MARYSVILLE Council Position 3,Amber Cantu,MARYSVILLE 55,1748,19
CITY OF MARYSVILLE Council Position 3,Dan Perkins,MARYSVILLE 55,1748,47
CITY OF MARYSVILLE Council Position 3,David Garrett,MARYSVILLE 55,1748,11
CITY OF MARYSVILLE Council Position 3,Gary Kemp,MARYSVILLE 55,1748,12
CITY OF MARYSVILLE Council Position 3,R.J. Whitlow,MARYSVILLE 55,1748,30
CITY OF MARYSVILLE Council Position 3,WRITE-IN,MARYSVILLE 55,1748,2
CITY OF MARYSVILLE Council Position 3,Amber Cantu,MARYSVILLE 56,1766,52
CITY OF MARYSVILLE Council Position 3,Dan Perkins,MARYSVILLE 56,1766,64
CITY OF MARYSVILLE Council Position 3,David Garrett,MARYSVILLE 56,1766,18
CITY OF MARYSVILLE Council Position 3,Gary Kemp,MARYSVILLE 56,1766,25
CITY OF MARYSVILLE Council Position 3,R.J. Whitlow,MARYSVILLE 56,1766,29
CITY OF MARYSVILLE Council Position 3,WRITE-IN,MARYSVILLE 56,1766,0
CITY OF MARYSVILLE Council Position 3,Amber Cantu,MARYSVILLE 57,1767,11
CITY OF MARYSVILLE Council Position 3,Dan Perkins,MARYSVILLE 57,1767,9
CITY OF MARYSVILLE Council Position 3,David Garrett,MARYSVILLE 57,1767,8
CITY OF MARYSVILLE Council Position 3,Gary Kemp,MARYSVILLE 57,1767,8
CITY OF MARYSVILLE Council Position 3,R.J. Whitlow,MARYSVILLE 57,1767,21
CITY OF MARYSVILLE Council Position 3,WRITE-IN,MARYSVILLE 57,1767,0
CITY OF MARYSVILLE Council Position 3,Amber Cantu,MARYSVILLE 58,1768,18
CITY OF MARYSVILLE Council Position 3,Dan Perkins,MARYSVILLE 58,1768,26
CITY OF MARYSVILLE Council Position 3,David Garrett,MARYSVILLE 58,1768,8
CITY OF MARYSVILLE Council Position 3,Gary Kemp,MARYSVILLE 58,1768,16
CITY OF MARYSVILLE Council Position 3,R.J. Whitlow,MARYSVILLE 58,1768,18
CITY OF MARYSVILLE Council Position 3,WRITE-IN,MARYSVILLE 58,1768,0
CITY OF MARYSVILLE Council Position 3,Amber Cantu,MARYSVILLE 59,1769,35
CITY OF MARYSVILLE Council Position 3,Dan Perkins,MARYSVILLE 59,1769,21
CITY OF MARYSVILLE Council Position 3,David Garrett,MARYSVILLE 59,1769,17
CITY OF MARYSVILLE Council Position 3,Gary Kemp,MARYSVILLE 59,1769,16
CITY OF MARYSVILLE Council Position 3,R.J. Whitlow,MARYSVILLE 59,1769,10
CITY OF MARYSVILLE Council Position 3,WRITE-IN,MARYSVILLE 59,1769,0
CITY OF MARYSVILLE Council Position 3,Amber Cantu,MARYSVILLE 60,1770,23
CITY OF MARYSVILLE Council Position 3,Dan Perkins,MARYSVILLE 60,1770,29
CITY OF MARYSVILLE Council Position 3,David Garrett,MARYSVILLE 60,1770,20
CITY OF MARYSVILLE Council Position 3,Gary Kemp,MARYSVILLE 60,1770,18
CITY OF MARYSVILLE Council Position 3,R.J. Whitlow,MARYSVILLE 60,1770,27
CITY OF MARYSVILLE Council Position 3,WRITE-IN,MARYSVILLE 60,1770,1
CITY OF MARYSVILLE Council Position 3,Amber Cantu,MARYSVILLE 61,1780,12
CITY OF MARYSVILLE Council Position 3,Dan Perkins,MARYSVILLE 61,1780,43
CITY OF MARYSVILLE Council Position 3,David Garrett,MARYSVILLE 61,1780,9
CITY OF MARYSVILLE Council Position 3,Gary Kemp,MARYSVILLE 61,1780,15
CITY OF MARYSVILLE Council Position 3,R.J. Whitlow,MARYSVILLE 61,1780,21
CITY OF MARYSVILLE Council Position 3,WRITE-IN,MARYSVILLE 61,1780,1
CITY OF MARYSVILLE Council Position 3,Amber Cantu,MARYSVILLE 62,1795,47
CITY OF MARYSVILLE Council Position 3,Dan Perkins,MARYSVILLE 62,1795,25
CITY OF MARYSVILLE Council Position 3,David Garrett,MARYSVILLE 62,1795,20
CITY OF MARYSVILLE Council Position 3,Gary Kemp,MARYSVILLE 62,1795,12
CITY OF MARYSVILLE Council Position 3,R.J. Whitlow,MARYSVILLE 62,1795,10
CITY OF MARYSVILLE Council Position 3,WRITE-IN,MARYSVILLE 62,1795,0
CITY OF MARYSVILLE Council Position 3,Amber Cantu,MARYSVILLE 63,1797,27
CITY OF MARYSVILLE Council Position 3,Dan Perkins,MARYSVILLE 63,1797,30
CITY OF MARYSVILLE Council Position 3,David Garrett,MARYSVILLE 63,1797,14
CITY OF MARYSVILLE Council Position 3,Gary Kemp,MARYSVILLE 63,1797,5
CITY OF MARYSVILLE Council Position 3,R.J. Whitlow,MARYSVILLE 63,1797,23
CITY OF MARYSVILLE Council Position 3,WRITE-IN,MARYSVILLE 63,1797,1
CITY OF MARYSVILLE Council Position 3,Amber Cantu,MARYSVILLE 64,1799,21
CITY OF MARYSVILLE Council Position 3,Dan Perkins,MARYSVILLE 64,1799,21
CITY OF MARYSVILLE Council Position 3,David Garrett,MARYSVILLE 64,1799,13
CITY OF MARYSVILLE Council Position 3,Gary Kemp,MARYSVILLE 64,1799,6
CITY OF MARYSVILLE Council Position 3,R.J. Whitlow,MARYSVILLE 64,1799,17
CITY OF MARYSVILLE Council Position 3,WRITE-IN,MARYSVILLE 64,1799,1
CITY OF MARYSVILLE Council Position 3,Amber Cantu,MARYSVILLE 65,1814,35
CITY OF MARYSVILLE Council Position 3,Dan Perkins,MARYSVILLE 65,1814,38
CITY OF MARYSVILLE Council Position 3,David Garrett,MARYSVILLE 65,1814,19
CITY OF MARYSVILLE Council Position 3,Gary Kemp,MARYSVILLE 65,1814,9
CITY OF MARYSVILLE Council Position 3,R.J. Whitlow,MARYSVILLE 65,1814,15
CITY OF MARYSVILLE Council Position 3,WRITE-IN,MARYSVILLE 65,1814,0
CITY OF MARYSVILLE Council Position 3,Amber Cantu,MARYSVILLE 66,1823,22
CITY OF MARYSVILLE Council Position 3,Dan Perkins,MARYSVILLE 66,1823,43
CITY OF MARYSVILLE Council Position 3,David Garrett,MARYSVILLE 66,1823,15
CITY OF MARYSVILLE Council Position 3,Gary Kemp,MARYSVILLE 66,1823,9
CITY OF MARYSVILLE Council Position 3,R.J. Whitlow,MARYSVILLE 66,1823,44
CITY OF MARYSVILLE Council Position 3,WRITE-IN,MARYSVILLE 66,1823,2
CITY OF MARYSVILLE Council Position 3,Amber Cantu,MARYSVILLE 67,1825,15
CITY OF MARYSVILLE Council Position 3,Dan Perkins,MARYSVILLE 67,1825,14
CITY OF MARYSVILLE Council Position 3,David Garrett,MARYSVILLE 67,1825,10
CITY OF MARYSVILLE Council Position 3,Gary Kemp,MARYSVILLE 67,1825,17
CITY OF MARYSVILLE Council Position 3,R.J. Whitlow,MARYSVILLE 67,1825,7
CITY OF MARYSVILLE Council Position 3,WRITE-IN,MARYSVILLE 67,1825,1
CITY OF MARYSVILLE Council Position 3,Amber Cantu,MARYSVILLE 68,1831,26
CITY OF MARYSVILLE Council Position 3,Dan Perkins,MARYSVILLE 68,1831,25
CITY OF MARYSVILLE Council Position 3,David Garrett,MARYSVILLE 68,1831,20
CITY OF MARYSVILLE Council Position 3,Gary Kemp,MARYSVILLE 68,1831,9
CITY OF MARYSVILLE Council Position 3,R.J. Whitlow,MARYSVILLE 68,1831,21
CITY OF MARYSVILLE Council Position 3,WRITE-IN,MARYSVILLE 68,1831,0
CITY OF MARYSVILLE Council Position 3,Amber Cantu,MARYSVILLE 69,1835,0
CITY OF MARYSVILLE Council Position 3,Dan Perkins,MARYSVILLE 69,1835,0
CITY OF MARYSVILLE Council Position 3,David Garrett,MARYSVILLE 69,1835,0
CITY OF MARYSVILLE Council Position 3,Gary Kemp,MARYSVILLE 69,1835,0
CITY OF MARYSVILLE Council Position 3,R.J. Whitlow,MARYSVILLE 69,1835,0
CITY OF MARYSVILLE Council Position 3,WRITE-IN,MARYSVILLE 69,1835,0
CITY OF MARYSVILLE Council Position 3,Amber Cantu,MARYSVILLE 70,1848,26
CITY OF MARYSVILLE Council Position 3,Dan Perkins,MARYSVILLE 70,1848,35
CITY OF MARYSVILLE Council Position 3,David Garrett,MARYSVILLE 70,1848,25
CITY OF MARYSVILLE Council Position 3,Gary Kemp,MARYSVILLE 70,1848,16
CITY OF MARYSVILLE Council Position 3,R.J. Whitlow,MARYSVILLE 70,1848,15
CITY OF MARYSVILLE Council Position 3,WRITE-IN,MARYSVILLE 70,1848,1
CITY OF MARYSVILLE Council Position 3,Amber Cantu,MARYSVILLE 71,1849,8
CITY OF MARYSVILLE Council Position 3,Dan Perkins,MARYSVILLE 71,1849,17
CITY OF MARYSVILLE Council Position 3,David Garrett,MARYSVILLE 71,1849,9
CITY OF MARYSVILLE Council Position 3,Gary Kemp,MARYSVILLE 71,1849,3
CITY OF MARYSVILLE Council Position 3,R.J. Whitlow,MARYSVILLE 71,1849,2
CITY OF MARYSVILLE Council Position 3,WRITE-IN,MARYSVILLE 71,1849,0
CITY OF MARYSVILLE Council Position 3,Amber Cantu,MARYSVILLE 72,1862,17
CITY OF MARYSVILLE Council Position 3,Dan Perkins,MARYSVILLE 72,1862,32
CITY OF MARYSVILLE Council Position 3,David Garrett,MARYSVILLE 72,1862,26
CITY OF MARYSVILLE Council Position 3,Gary Kemp,MARYSVILLE 72,1862,7
CITY OF MARYSVILLE Council Position 3,R.J. Whitlow,MARYSVILLE 72,1862,14
CITY OF MARYSVILLE Council Position 3,WRITE-IN,MARYSVILLE 72,1862,0
CITY OF MARYSVILLE Council Position 3,Amber Cantu,MARYSVILLE 73,1863,24
CITY OF MARYSVILLE Council Position 3,Dan Perkins,MARYSVILLE 73,1863,19
CITY OF MARYSVILLE Council Position 3,David Garrett,MARYSVILLE 73,1863,20
CITY OF MARYSVILLE Council Position 3,Gary Kemp,MARYSVILLE 73,1863,12
CITY OF MARYSVILLE Council Position 3,R.J. Whitlow,MARYSVILLE 73,1863,23
CITY OF MARYSVILLE Council Position 3,WRITE-IN,MARYSVILLE 73,1863,0
CITY OF MOUNTLAKE TERRACE Council Position 3,Michelle (Angrick) Delpeon,Total,-1,633
CITY OF MOUNTLAKE TERRACE Council Position 3,Danny Luoma,Total,-1,751
CITY OF MOUNTLAKE TERRACE Council Position 3,Othman Riad,Total,-1,269
CITY OF MOUNTLAKE TERRACE Council Position 3,"William L. Paige, Jr.",Total,-1,1813
CITY OF MOUNTLAKE TERRACE Council Position 3,WRITE-IN,Total,-1,30
CITY OF MOUNTLAKE TERRACE Council Position 3,Michelle (Angrick) Delpeon,MOUNTLAKE TERRACE  1,1090,36
CITY OF MOUNTLAKE TERRACE Council Position 3,Danny Luoma,MOUNTLAKE TERRACE  1,1090,28
CITY OF MOUNTLAKE TERRACE Council Position 3,Othman Riad,MOUNTLAKE TERRACE  1,1090,13
CITY OF MOUNTLAKE TERRACE Council Position 3,"William L. Paige, Jr.",MOUNTLAKE TERRACE  1,1090,101
CITY OF MOUNTLAKE TERRACE Council Position 3,WRITE-IN,MOUNTLAKE TERRACE  1,1090,2
CITY OF MOUNTLAKE TERRACE Council Position 3,Michelle (Angrick) Delpeon,MOUNTLAKE TERRACE  2,1091,38
CITY OF MOUNTLAKE TERRACE Council Position 3,Danny Luoma,MOUNTLAKE TERRACE  2,1091,29
CITY OF MOUNTLAKE TERRACE Council Position 3,Othman Riad,MOUNTLAKE TERRACE  2,1091,12
CITY OF MOUNTLAKE TERRACE Council Position 3,"William L. Paige, Jr.",MOUNTLAKE TERRACE  2,1091,70
CITY OF MOUNTLAKE TERRACE Council Position 3,WRITE-IN,MOUNTLAKE TERRACE  2,1091,0
CITY OF MOUNTLAKE TERRACE Council Position 3,Michelle (Angrick) Delpeon,MOUNTLAKE TERRACE  3,1092,21
CITY OF MOUNTLAKE TERRACE Council Position 3,Danny Luoma,MOUNTLAKE TERRACE  3,1092,46
CITY OF MOUNTLAKE TERRACE Council Position 3,Othman Riad,MOUNTLAKE TERRACE  3,1092,14
CITY OF MOUNTLAKE TERRACE Council Position 3,"William L. Paige, Jr.",MOUNTLAKE TERRACE  3,1092,89
CITY OF MOUNTLAKE TERRACE Council Position 3,WRITE-IN,MOUNTLAKE TERRACE  3,1092,4
CITY OF MOUNTLAKE TERRACE Council Position 3,Michelle (Angrick) Delpeon,MOUNTLAKE TERRACE  5,1093,38
CITY OF MOUNTLAKE TERRACE Council Position 3,Danny Luoma,MOUNTLAKE TERRACE  5,1093,42
CITY OF MOUNTLAKE TERRACE Council Position 3,Othman Riad,MOUNTLAKE TERRACE  5,1093,16
CITY OF MOUNTLAKE TERRACE Council Position 3,"William L. Paige, Jr.",MOUNTLAKE TERRACE  5,1093,94
CITY OF MOUNTLAKE TERRACE Council Position 3,WRITE-IN,MOUNTLAKE TERRACE  5,1093,0
CITY OF MOUNTLAKE TERRACE Council Position 3,Michelle (Angrick) Delpeon,MOUNTLAKE TERRACE  6,1094,15
CITY OF MOUNTLAKE TERRACE Council Position 3,Danny Luoma,MOUNTLAKE TERRACE  6,1094,49
CITY OF MOUNTLAKE TERRACE Council Position 3,Othman Riad,MOUNTLAKE TERRACE  6,1094,18
CITY OF MOUNTLAKE TERRACE Council Position 3,"William L. Paige, Jr.",MOUNTLAKE TERRACE  6,1094,86
CITY OF MOUNTLAKE TERRACE Council Position 3,WRITE-IN,MOUNTLAKE TERRACE  6,1094,4
CITY OF MOUNTLAKE TERRACE Council Position 3,Michelle (Angrick) Delpeon,MOUNTLAKE TERRACE  7,1095,18
CITY OF MOUNTLAKE TERRACE Council Position 3,Danny Luoma,MOUNTLAKE TERRACE  7,1095,21
CITY OF MOUNTLAKE TERRACE Council Position 3,Othman Riad,MOUNTLAKE TERRACE  7,1095,10
CITY OF MOUNTLAKE TERRACE Council Position 3,"William L. Paige, Jr.",MOUNTLAKE TERRACE  7,1095,41
CITY OF MOUNTLAKE TERRACE Council Position 3,WRITE-IN,MOUNTLAKE TERRACE  7,1095,2
CITY OF MOUNTLAKE TERRACE Council Position 3,Michelle (Angrick) Delpeon,MOUNTLAKE TERRACE  8,1096,34
CITY OF MOUNTLAKE TERRACE Council Position 3,Danny Luoma,MOUNTLAKE TERRACE  8,1096,22
CITY OF MOUNTLAKE TERRACE Council Position 3,Othman Riad,MOUNTLAKE TERRACE  8,1096,10
CITY OF MOUNTLAKE TERRACE Council Position 3,"William L. Paige, Jr.",MOUNTLAKE TERRACE  8,1096,76
CITY OF MOUNTLAKE TERRACE Council Position 3,WRITE-IN,MOUNTLAKE TERRACE  8,1096,2
CITY OF MOUNTLAKE TERRACE Council Position 3,Michelle (Angrick) Delpeon,MOUNTLAKE TERRACE  9,1097,18
CITY OF MOUNTLAKE TERRACE Council Position 3,Danny Luoma,MOUNTLAKE TERRACE  9,1097,34
CITY OF MOUNTLAKE TERRACE Council Position 3,Othman Riad,MOUNTLAKE TERRACE  9,1097,13
CITY OF MOUNTLAKE TERRACE Council Position 3,"William L. Paige, Jr.",MOUNTLAKE TERRACE  9,1097,71
CITY OF MOUNTLAKE TERRACE Council Position 3,WRITE-IN,MOUNTLAKE TERRACE  9,1097,1
CITY OF MOUNTLAKE TERRACE Council Position 3,Michelle (Angrick) Delpeon,MOUNTLAKE TERRACE 10,1137,49
CITY OF MOUNTLAKE TERRACE Council Position 3,Danny Luoma,MOUNTLAKE TERRACE 10,1137,39
CITY OF MOUNTLAKE TERRACE Council Position 3,Othman Riad,MOUNTLAKE TERRACE 10,1137,18
CITY OF MOUNTLAKE TERRACE Council Position 3,"William L. Paige, Jr.",MOUNTLAKE TERRACE 10,1137,137
CITY OF MOUNTLAKE TERRACE Council Position 3,WRITE-IN,MOUNTLAKE TERRACE 10,1137,2
CITY OF MOUNTLAKE TERRACE Council Position 3,Michelle (Angrick) Delpeon,MOUNTLAKE TERRACE 11,1138,30
CITY OF MOUNTLAKE TERRACE Council Position 3,Danny Luoma,MOUNTLAKE TERRACE 11,1138,43
CITY OF MOUNTLAKE TERRACE Council Position 3,Othman Riad,MOUNTLAKE TERRACE 11,1138,9
CITY OF MOUNTLAKE TERRACE Council Position 3,"William L. Paige, Jr.",MOUNTLAKE TERRACE 11,1138,73
CITY OF MOUNTLAKE TERRACE Council Position 3,WRITE-IN,MOUNTLAKE TERRACE 11,1138,2
CITY OF MOUNTLAKE TERRACE Council Position 3,Michelle (Angrick) Delpeon,MOUNTLAKE TERRACE 12,1139,22
CITY OF MOUNTLAKE TERRACE Council Position 3,Danny Luoma,MOUNTLAKE TERRACE 12,1139,53
CITY OF MOUNTLAKE TERRACE Council Position 3,Othman Riad,MOUNTLAKE TERRACE 12,1139,14
CITY OF MOUNTLAKE TERRACE Council Position 3,"William L. Paige, Jr.",MOUNTLAKE TERRACE 12,1139,102
CITY OF MOUNTLAKE TERRACE Council Position 3,WRITE-IN,MOUNTLAKE TERRACE 12,1139,5
CITY OF MOUNTLAKE TERRACE Council Position 3,Michelle (Angrick) Delpeon,MOUNTLAKE TERRACE 13,1140,48
CITY OF MOUNTLAKE TERRACE Council Position 3,Danny Luoma,MOUNTLAKE TERRACE 13,1140,37
CITY OF MOUNTLAKE TERRACE Council Position 3,Othman Riad,MOUNTLAKE TERRACE 13,1140,18
CITY OF MOUNTLAKE TERRACE Council Position 3,"William L. Paige, Jr.",MOUNTLAKE TERRACE 13,1140,103
CITY OF MOUNTLAKE TERRACE Council Position 3,WRITE-IN,MOUNTLAKE TERRACE 13,1140,0
CITY OF MOUNTLAKE TERRACE Council Position 3,Michelle (Angrick) Delpeon,MOUNTLAKE TERRACE 14,1141,44
CITY OF MOUNTLAKE TERRACE Council Position 3,Danny Luoma,MOUNTLAKE TERRACE 14,1141,39
CITY OF MOUNTLAKE TERRACE Council Position 3,Othman Riad,MOUNTLAKE TERRACE 14,1141,30
CITY OF MOUNTLAKE TERRACE Council Position 3,"William L. Paige, Jr.",MOUNTLAKE TERRACE 14,1141,99
CITY OF MOUNTLAKE TERRACE Council Position 3,WRITE-IN,MOUNTLAKE TERRACE 14,1141,0
CITY OF MOUNTLAKE TERRACE Council Position 3,Michelle (Angrick) Delpeon,MOUNTLAKE TERRACE 15,1142,40
CITY OF MOUNTLAKE TERRACE Council Position 3,Danny Luoma,MOUNTLAKE TERRACE 15,1142,23
CITY OF MOUNTLAKE TERRACE Council Position 3,Othman Riad,MOUNTLAKE TERRACE 15,1142,6
CITY OF MOUNTLAKE TERRACE Council Position 3,"William L. Paige, Jr.",MOUNTLAKE TERRACE 15,1142,72
CITY OF MOUNTLAKE TERRACE Council Position 3,WRITE-IN,MOUNTLAKE TERRACE 15,1142,1
CITY OF MOUNTLAKE TERRACE Council Position 3,Michelle (Angrick) Delpeon,MOUNTLAKE TERRACE 17,1189,41
CITY OF MOUNTLAKE TERRACE Council Position 3,Danny Luoma,MOUNTLAKE TERRACE 17,1189,37
CITY OF MOUNTLAKE TERRACE Council Position 3,Othman Riad,MOUNTLAKE TERRACE 17,1189,7
CITY OF MOUNTLAKE TERRACE Council Position 3,"William L. Paige, Jr.",MOUNTLAKE TERRACE 17,1189,118
CITY OF MOUNTLAKE TERRACE Council Position 3,WRITE-IN,MOUNTLAKE TERRACE 17,1189,0
CITY OF MOUNTLAKE TERRACE Council Position 3,Michelle (Angrick) Delpeon,MOUNTLAKE TERRACE 18,1190,39
CITY OF MOUNTLAKE TERRACE Council Position 3,Danny Luoma,MOUNTLAKE TERRACE 18,1190,48
CITY OF MOUNTLAKE TERRACE Council Position 3,Othman Riad,MOUNTLAKE TERRACE 18,1190,5
CITY OF MOUNTLAKE TERRACE Council Position 3,"William L. Paige, Jr.",MOUNTLAKE TERRACE 18,1190,93
CITY OF MOUNTLAKE TERRACE Council Position 3,WRITE-IN,MOUNTLAKE TERRACE 18,1190,1
CITY OF MOUNTLAKE TERRACE Council Position 3,Michelle (Angrick) Delpeon,MOUNTLAKE TERRACE 19,1191,31
CITY OF MOUNTLAKE TERRACE Council Position 3,Danny Luoma,MOUNTLAKE TERRACE 19,1191,50
CITY OF MOUNTLAKE TERRACE Council Position 3,Othman Riad,MOUNTLAKE TERRACE 19,1191,14
CITY OF MOUNTLAKE TERRACE Council Position 3,"William L. Paige, Jr.",MOUNTLAKE TERRACE 19,1191,124
CITY OF MOUNTLAKE TERRACE Council Position 3,WRITE-IN,MOUNTLAKE TERRACE 19,1191,3
CITY OF MOUNTLAKE TERRACE Council Position 3,Michelle (Angrick) Delpeon,MOUNTLAKE TERRACE  4,1432,22
CITY OF MOUNTLAKE TERRACE Council Position 3,Danny Luoma,MOUNTLAKE TERRACE  4,1432,47
CITY OF MOUNTLAKE TERRACE Council Position 3,Othman Riad,MOUNTLAKE TERRACE  4,1432,10
CITY OF MOUNTLAKE TERRACE Council Position 3,"William L. Paige, Jr.",MOUNTLAKE TERRACE  4,1432,72
CITY OF MOUNTLAKE TERRACE Council Position 3,WRITE-IN,MOUNTLAKE TERRACE  4,1432,0
CITY OF MOUNTLAKE TERRACE Council Position 3,Michelle (Angrick) Delpeon,MOUNTLAKE TERRACE 16,1630,21
CITY OF MOUNTLAKE TERRACE Council Position 3,Danny Luoma,MOUNTLAKE TERRACE 16,1630,22
CITY OF MOUNTLAKE TERRACE Council Position 3,Othman Riad,MOUNTLAKE TERRACE 16,1630,12
CITY OF MOUNTLAKE TERRACE Council Position 3,"William L. Paige, Jr.",MOUNTLAKE TERRACE 16,1630,77
CITY OF MOUNTLAKE TERRACE Council Position 3,WRITE-IN,MOUNTLAKE TERRACE 16,1630,0
CITY OF MOUNTLAKE TERRACE Council Position 3,Michelle (Angrick) Delpeon,MOUNTLAKE TERRACE 20,1787,6
CITY OF MOUNTLAKE TERRACE Council Position 3,Danny Luoma,MOUNTLAKE TERRACE 20,1787,12
CITY OF MOUNTLAKE TERRACE Council Position 3,Othman Riad,MOUNTLAKE TERRACE 20,1787,5
CITY OF MOUNTLAKE TERRACE Council Position 3,"William L. Paige, Jr.",MOUNTLAKE TERRACE 20,1787,27
CITY OF MOUNTLAKE TERRACE Council Position 3,WRITE-IN,MOUNTLAKE TERRACE 20,1787,0
CITY OF MOUNTLAKE TERRACE Council Position 3,Michelle (Angrick) Delpeon,MOUNTLAKE TERRACE 21,1793,22
CITY OF MOUNTLAKE TERRACE Council Position 3,Danny Luoma,MOUNTLAKE TERRACE 21,1793,30
CITY OF MOUNTLAKE TERRACE Council Position 3,Othman Riad,MOUNTLAKE TERRACE 21,1793,15
CITY OF MOUNTLAKE TERRACE Council Position 3,"William L. Paige, Jr.",MOUNTLAKE TERRACE 21,1793,88
CITY OF MOUNTLAKE TERRACE Council Position 3,WRITE-IN,MOUNTLAKE TERRACE 21,1793,1
CITY OF MUKILTEO Council Position 2,James Sterba,Total,-1,1643
CITY OF MUKILTEO Council Position 2,Carolyn (Dode) Carlson,Total,-1,1291
CITY OF MUKILTEO Council Position 2,Tina Over,Total,-1,506
CITY OF MUKILTEO Council Position 2,Riaz Khan,Total,-1,674
CITY OF MUKILTEO Council Position 2,Jon Welton,Total,-1,152
CITY OF MUKILTEO Council Position 2,WRITE-IN,Total,-1,15
CITY OF MUKILTEO Council Position 2,James Sterba,MUKILTEO  1,1192,90
CITY OF MUKILTEO Council Position 2,Carolyn (Dode) Carlson,MUKILTEO  1,1192,113
CITY OF MUKILTEO Council Position 2,Tina Over,MUKILTEO  1,1192,9
CITY OF MUKILTEO Council Position 2,Riaz Khan,MUKILTEO  1,1192,45
CITY OF MUKILTEO Council Position 2,Jon Welton,MUKILTEO  1,1192,6
CITY OF MUKILTEO Council Position 2,WRITE-IN,MUKILTEO  1,1192,2
CITY OF MUKILTEO Council Position 2,James Sterba,MUKILTEO  2,1193,110
CITY OF MUKILTEO Council Position 2,Carolyn (Dode) Carlson,MUKILTEO  2,1193,145
CITY OF MUKILTEO Council Position 2,Tina Over,MUKILTEO  2,1193,27
CITY OF MUKILTEO Council Position 2,Riaz Khan,MUKILTEO  2,1193,50
CITY OF MUKILTEO Council Position 2,Jon Welton,MUKILTEO  2,1193,7
CITY OF MUKILTEO Council Position 2,WRITE-IN,MUKILTEO  2,1193,1
CITY OF MUKILTEO Council Position 2,James Sterba,MUKILTEO  3,1194,62
CITY OF MUKILTEO Council Position 2,Carolyn (Dode) Carlson,MUKILTEO  3,1194,43
CITY OF MUKILTEO Council Position 2,Tina Over,MUKILTEO  3,1194,28
CITY OF MUKILTEO Council Position 2,Riaz Khan,MUKILTEO  3,1194,11
CITY OF MUKILTEO Council Position 2,Jon Welton,MUKILTEO  3,1194,2
CITY OF MUKILTEO Council Position 2,WRITE-IN,MUKILTEO  3,1194,0
CITY OF MUKILTEO Council Position 2,James Sterba,MUKILTEO  4,1262,58
CITY OF MUKILTEO Council Position 2,Carolyn (Dode) Carlson,MUKILTEO  4,1262,48
CITY OF MUKILTEO Council Position 2,Tina Over,MUKILTEO  4,1262,13
CITY OF MUKILTEO Council Position 2,Riaz Khan,MUKILTEO  4,1262,15
CITY OF MUKILTEO Council Position 2,Jon Welton,MUKILTEO  4,1262,6
CITY OF MUKILTEO Council Position 2,WRITE-IN,MUKILTEO  4,1262,1
CITY OF MUKILTEO Council Position 2,James Sterba,MUKILTEO  5,1263,99
CITY OF MUKILTEO Council Position 2,Carolyn (Dode) Carlson,MUKILTEO  5,1263,83
CITY OF MUKILTEO Council Position 2,Tina Over,MUKILTEO  5,1263,24
CITY OF MUKILTEO Council Position 2,Riaz Khan,MUKILTEO  5,1263,37
CITY OF MUKILTEO Council Position 2,Jon Welton,MUKILTEO  5,1263,17
CITY OF MUKILTEO Council Position 2,WRITE-IN,MUKILTEO  5,1263,0
CITY OF MUKILTEO Council Position 2,James Sterba,MUKILTEO  7,1306,53
CITY OF MUKILTEO Council Position 2,Carolyn (Dode) Carlson,MUKILTEO  7,1306,39
CITY OF MUKILTEO Council Position 2,Tina Over,MUKILTEO  7,1306,13
CITY OF MUKILTEO Council Position 2,Riaz Khan,MUKILTEO  7,1306,11
CITY OF MUKILTEO Council Position 2,Jon Welton,MUKILTEO  7,1306,6
CITY OF MUKILTEO Council Position 2,WRITE-IN,MUKILTEO  7,1306,0
CITY OF MUKILTEO Council Position 2,James Sterba,MUKILTEO  8,1307,67
CITY OF MUKILTEO Council Position 2,Carolyn (Dode) Carlson,MUKILTEO  8,1307,46
CITY OF MUKILTEO Council Position 2,Tina Over,MUKILTEO  8,1307,23
CITY OF MUKILTEO Council Position 2,Riaz Khan,MUKILTEO  8,1307,25
CITY OF MUKILTEO Council Position 2,Jon Welton,MUKILTEO  8,1307,9
CITY OF MUKILTEO Council Position 2,WRITE-IN,MUKILTEO  8,1307,0
CITY OF MUKILTEO Council Position 2,James Sterba,MUKILTEO  9,1355,68
CITY OF MUKILTEO Council Position 2,Carolyn (Dode) Carlson,MUKILTEO  9,1355,52
CITY OF MUKILTEO Council Position 2,Tina Over,MUKILTEO  9,1355,28
CITY OF MUKILTEO Council Position 2,Riaz Khan,MUKILTEO  9,1355,49
CITY OF MUKILTEO Council Position 2,Jon Welton,MUKILTEO  9,1355,8
CITY OF MUKILTEO Council Position 2,WRITE-IN,MUKILTEO  9,1355,0
CITY OF MUKILTEO Council Position 2,James Sterba,MUKILTEO 11,1378,62
CITY OF MUKILTEO Council Position 2,Carolyn (Dode) Carlson,MUKILTEO 11,1378,40
CITY OF MUKILTEO Council Position 2,Tina Over,MUKILTEO 11,1378,26
CITY OF MUKILTEO Council Position 2,Riaz Khan,MUKILTEO 11,1378,34
CITY OF MUKILTEO Council Position 2,Jon Welton,MUKILTEO 11,1378,5
CITY OF MUKILTEO Council Position 2,WRITE-IN,MUKILTEO 11,1378,3
CITY OF MUKILTEO Council Position 2,James Sterba,MUKILTEO 12,1379,119
CITY OF MUKILTEO Council Position 2,Carolyn (Dode) Carlson,MUKILTEO 12,1379,89
CITY OF MUKILTEO Council Position 2,Tina Over,MUKILTEO 12,1379,27
CITY OF MUKILTEO Council Position 2,Riaz Khan,MUKILTEO 12,1379,38
CITY OF MUKILTEO Council Position 2,Jon Welton,MUKILTEO 12,1379,13
CITY OF MUKILTEO Council Position 2,WRITE-IN,MUKILTEO 12,1379,3
CITY OF MUKILTEO Council Position 2,James Sterba,MUKILTEO 13,1380,104
CITY OF MUKILTEO Council Position 2,Carolyn (Dode) Carlson,MUKILTEO 13,1380,59
CITY OF MUKILTEO Council Position 2,Tina Over,MUKILTEO 13,1380,17
CITY OF MUKILTEO Council Position 2,Riaz Khan,MUKILTEO 13,1380,24
CITY OF MUKILTEO Council Position 2,Jon Welton,MUKILTEO 13,1380,9
CITY OF MUKILTEO Council Position 2,WRITE-IN,MUKILTEO 13,1380,0
CITY OF MUKILTEO Council Position 2,James Sterba,MUKILTEO 14,1381,78
CITY OF MUKILTEO Council Position 2,Carolyn (Dode) Carlson,MUKILTEO 14,1381,90
CITY OF MUKILTEO Council Position 2,Tina Over,MUKILTEO 14,1381,30
CITY OF MUKILTEO Council Position 2,Riaz Khan,MUKILTEO 14,1381,32
CITY OF MUKILTEO Council Position 2,Jon Welton,MUKILTEO 14,1381,6
CITY OF MUKILTEO Council Position 2,WRITE-IN,MUKILTEO 14,1381,1
CITY OF MUKILTEO Council Position 2,James Sterba,MUKILTEO 16,1382,90
CITY OF MUKILTEO Council Position 2,Carolyn (Dode) Carlson,MUKILTEO 16,1382,56
CITY OF MUKILTEO Council Position 2,Tina Over,MUKILTEO 16,1382,22
CITY OF MUKILTEO Council Position 2,Riaz Khan,MUKILTEO 16,1382,51
CITY OF MUKILTEO Council Position 2,Jon Welton,MUKILTEO 16,1382,4
CITY OF MUKILTEO Council Position 2,WRITE-IN,MUKILTEO 16,1382,1
CITY OF MUKILTEO Council Position 2,James Sterba,MUKILTEO 18,1383,125
CITY OF MUKILTEO Council Position 2,Carolyn (Dode) Carlson,MUKILTEO 18,1383,73
CITY OF MUKILTEO Council Position 2,Tina Over,MUKILTEO 18,1383,30
CITY OF MUKILTEO Council Position 2,Riaz Khan,MUKILTEO 18,1383,36
CITY OF MUKILTEO Council Position 2,Jon Welton,MUKILTEO 18,1383,11
CITY OF MUKILTEO Council Position 2,WRITE-IN,MUKILTEO 18,1383,0
CITY OF MUKILTEO Council Position 2,James Sterba,MUKILTEO 19,1474,119
CITY OF MUKILTEO Council Position 2,Carolyn (Dode) Carlson,MUKILTEO 19,1474,55
CITY OF MUKILTEO Council Position 2,Tina Over,MUKILTEO 19,1474,29
CITY OF MUKILTEO Council Position 2,Riaz Khan,MUKILTEO 19,1474,50
CITY OF MUKILTEO Council Position 2,Jon Welton,MUKILTEO 19,1474,7
CITY OF MUKILTEO Council Position 2,WRITE-IN,MUKILTEO 19,1474,1
CITY OF MUKILTEO Council Position 2,James Sterba,MUKILTEO 20,1475,73
CITY OF MUKILTEO Council Position 2,Carolyn (Dode) Carlson,MUKILTEO 20,1475,37
CITY OF MUKILTEO Council Position 2,Tina Over,MUKILTEO 20,1475,31
CITY OF MUKILTEO Council Position 2,Riaz Khan,MUKILTEO 20,1475,39
CITY OF MUKILTEO Council Position 2,Jon Welton,MUKILTEO 20,1475,2
CITY OF MUKILTEO Council Position 2,WRITE-IN,MUKILTEO 20,1475,0
CITY OF MUKILTEO Council Position 2,James Sterba,MUKILTEO  6,1631,80
CITY OF MUKILTEO Council Position 2,Carolyn (Dode) Carlson,MUKILTEO  6,1631,55
CITY OF MUKILTEO Council Position 2,Tina Over,MUKILTEO  6,1631,32
CITY OF MUKILTEO Council Position 2,Riaz Khan,MUKILTEO  6,1631,36
CITY OF MUKILTEO Council Position 2,Jon Welton,MUKILTEO  6,1631,5
CITY OF MUKILTEO Council Position 2,WRITE-IN,MUKILTEO  6,1631,0
CITY OF MUKILTEO Council Position 2,James Sterba,MUKILTEO 15,1632,10
CITY OF MUKILTEO Council Position 2,Carolyn (Dode) Carlson,MUKILTEO 15,1632,5
CITY OF MUKILTEO Council Position 2,Tina Over,MUKILTEO 15,1632,14
CITY OF MUKILTEO Council Position 2,Riaz Khan,MUKILTEO 15,1632,14
CITY OF MUKILTEO Council Position 2,Jon Welton,MUKILTEO 15,1632,3
CITY OF MUKILTEO Council Position 2,WRITE-IN,MUKILTEO 15,1632,1
CITY OF MUKILTEO Council Position 2,James Sterba,MUKILTEO 17,1633,63
CITY OF MUKILTEO Council Position 2,Carolyn (Dode) Carlson,MUKILTEO 17,1633,70
CITY OF MUKILTEO Council Position 2,Tina Over,MUKILTEO 17,1633,36
CITY OF MUKILTEO Council Position 2,Riaz Khan,MUKILTEO 17,1633,29
CITY OF MUKILTEO Council Position 2,Jon Welton,MUKILTEO 17,1633,17
CITY OF MUKILTEO Council Position 2,WRITE-IN,MUKILTEO 17,1633,1
CITY OF MUKILTEO Council Position 2,James Sterba,MUKILTEO 10,1655,44
CITY OF MUKILTEO Council Position 2,Carolyn (Dode) Carlson,MUKILTEO 10,1655,40
CITY OF MUKILTEO Council Position 2,Tina Over,MUKILTEO 10,1655,31
CITY OF MUKILTEO Council Position 2,Riaz Khan,MUKILTEO 10,1655,26
CITY OF MUKILTEO Council Position 2,Jon Welton,MUKILTEO 10,1655,5
CITY OF MUKILTEO Council Position 2,WRITE-IN,MUKILTEO 10,1655,0
CITY OF MUKILTEO Council Position 2,James Sterba,MUKILTEO 21,1704,35
CITY OF MUKILTEO Council Position 2,Carolyn (Dode) Carlson,MUKILTEO 21,1704,37
CITY OF MUKILTEO Council Position 2,Tina Over,MUKILTEO 21,1704,13
CITY OF MUKILTEO Council Position 2,Riaz Khan,MUKILTEO 21,1704,15
CITY OF MUKILTEO Council Position 2,Jon Welton,MUKILTEO 21,1704,2
CITY OF MUKILTEO Council Position 2,WRITE-IN,MUKILTEO 21,1704,0
CITY OF MUKILTEO Council Position 2,James Sterba,MUKILTEO 22,1819,34
CITY OF MUKILTEO Council Position 2,Carolyn (Dode) Carlson,MUKILTEO 22,1819,16
CITY OF MUKILTEO Council Position 2,Tina Over,MUKILTEO 22,1819,3
CITY OF MUKILTEO Council Position 2,Riaz Khan,MUKILTEO 22,1819,7
CITY OF MUKILTEO Council Position 2,Jon Welton,MUKILTEO 22,1819,2
CITY OF MUKILTEO Council Position 2,WRITE-IN,MUKILTEO 22,1819,0
GRANITE FALLS SCHOOL DISTRICT NO. 332 Director District 4,LaShae Lee,Total,-1,760
GRANITE FALLS SCHOOL DISTRICT NO. 332 Director District 4,Tina Veatch,Total,-1,824
GRANITE FALLS SCHOOL DISTRICT NO. 332 Director District 4,Erik Gochnour,Total,-1,187
GRANITE FALLS SCHOOL DISTRICT NO. 332 Director District 4,WRITE-IN,Total,-1,22
GRANITE FALLS SCHOOL DISTRICT NO. 332 Director District 4,LaShae Lee,GRANITE FALLS 1,1384,53
GRANITE FALLS SCHOOL DISTRICT NO. 332 Director District 4,Tina Veatch,GRANITE FALLS 1,1384,71
GRANITE FALLS SCHOOL DISTRICT NO. 332 Director District 4,Erik Gochnour,GRANITE FALLS 1,1384,21
GRANITE FALLS SCHOOL DISTRICT NO. 332 Director District 4,WRITE-IN,GRANITE FALLS 1,1384,5
GRANITE FALLS SCHOOL DISTRICT NO. 332 Director District 4,LaShae Lee,GRANITE FALLS 2,1385,53
GRANITE FALLS SCHOOL DISTRICT NO. 332 Director District 4,Tina Veatch,GRANITE FALLS 2,1385,60
GRANITE FALLS SCHOOL DISTRICT NO. 332 Director District 4,Erik Gochnour,GRANITE FALLS 2,1385,13
GRANITE FALLS SCHOOL DISTRICT NO. 332 Director District 4,WRITE-IN,GRANITE FALLS 2,1385,1
GRANITE FALLS SCHOOL DISTRICT NO. 332 Director District 4,LaShae Lee,GRANITE FALLS 3,1670,33
GRANITE FALLS SCHOOL DISTRICT NO. 332 Director District 4,Tina Veatch,GRANITE FALLS 3,1670,39
GRANITE FALLS SCHOOL DISTRICT NO. 332 Director District 4,Erik Gochnour,GRANITE FALLS 3,1670,14
GRANITE FALLS SCHOOL DISTRICT NO. 332 Director District 4,WRITE-IN,GRANITE FALLS 3,1670,0
GRANITE FALLS SCHOOL DISTRICT NO. 332 Director District 4,LaShae Lee,GRANITE FALLS 4,1778,16
GRANITE FALLS SCHOOL DISTRICT NO. 332 Director District 4,Tina Veatch,GRANITE FALLS 4,1778,13
GRANITE FALLS SCHOOL DISTRICT NO. 332 Director District 4,Erik Gochnour,GRANITE FALLS 4,1778,2
GRANITE FALLS SCHOOL DISTRICT NO. 332 Director District 4,WRITE-IN,GRANITE FALLS 4,1778,0
GRANITE FALLS SCHOOL DISTRICT NO. 332 Director District 4,LaShae Lee,GRANITE FALLS 5,1866,29
GRANITE FALLS SCHOOL DISTRICT NO. 332 Director District 4,Tina Veatch,GRANITE FALLS 5,1866,27
GRANITE FALLS SCHOOL DISTRICT NO. 332 Director District 4,Erik Gochnour,GRANITE FALLS 5,1866,5
GRANITE FALLS SCHOOL DISTRICT NO. 332 Director District 4,WRITE-IN,GRANITE FALLS 5,1866,1
GRANITE FALLS SCHOOL DISTRICT NO. 332 Director District 4,LaShae Lee,NORDEN,4011,46
GRANITE FALLS SCHOOL DISTRICT NO. 332 Director District 4,Tina Veatch,NORDEN,4011,33
GRANITE FALLS SCHOOL DISTRICT NO. 332 Director District 4,Erik Gochnour,NORDEN,4011,7
GRANITE FALLS SCHOOL DISTRICT NO. 332 Director District 4,WRITE-IN,NORDEN,4011,1
GRANITE FALLS SCHOOL DISTRICT NO. 332 Director District 4,LaShae Lee,GREGORY,4028,51
GRANITE FALLS SCHOOL DISTRICT NO. 332 Director District 4,Tina Veatch,GREGORY,4028,51
GRANITE FALLS SCHOOL DISTRICT NO. 332 Director District 4,Erik Gochnour,GREGORY,4028,17
GRANITE FALLS SCHOOL DISTRICT NO. 332 Director District 4,WRITE-IN,GREGORY,4028,4
GRANITE FALLS SCHOOL DISTRICT NO. 332 Director District 4,LaShae Lee,ROBE(*),4035,0
GRANITE FALLS SCHOOL DISTRICT NO. 332 Director District 4,Tina Veatch,ROBE(*),4035,0
GRANITE FALLS SCHOOL DISTRICT NO. 332 Director District 4,Erik Gochnour,ROBE(*),4035,0
GRANITE FALLS SCHOOL DISTRICT NO. 332 Director District 4,WRITE-IN,ROBE(*),4035,0
GRANITE FALLS SCHOOL DISTRICT NO. 332 Director District 4,LaShae Lee,SKYKOMISH(*),4041,0
GRANITE FALLS SCHOOL DISTRICT NO. 332 Director District 4,Tina Veatch,SKYKOMISH(*),4041,0
GRANITE FALLS SCHOOL DISTRICT NO. 332 Director District 4,Erik Gochnour,SKYKOMISH(*),4041,0
GRANITE FALLS SCHOOL DISTRICT NO. 332 Director District 4,WRITE-IN,SKYKOMISH(*),4041,0
GRANITE FALLS SCHOOL DISTRICT NO. 332 Director District 4,LaShae Lee,OUTLOOK,4057,44
GRANITE FALLS SCHOOL DISTRICT NO. 332 Director District 4,Tina Veatch,OUTLOOK,4057,38
GRANITE FALLS SCHOOL DISTRICT NO. 332 Director District 4,Erik Gochnour,OUTLOOK,4057,12
GRANITE FALLS SCHOOL DISTRICT NO. 332 Director District 4,WRITE-IN,OUTLOOK,4057,1
GRANITE FALLS SCHOOL DISTRICT NO. 332 Director District 4,LaShae Lee,SAUK(*),4211,0
GRANITE FALLS SCHOOL DISTRICT NO. 332 Director District 4,Tina Veatch,SAUK(*),4211,0
GRANITE FALLS SCHOOL DISTRICT NO. 332 Director District 4,Erik Gochnour,SAUK(*),4211,0
GRANITE FALLS SCHOOL DISTRICT NO. 332 Director District 4,WRITE-IN,SAUK(*),4211,0
GRANITE FALLS SCHOOL DISTRICT NO. 332 Director District 4,LaShae Lee,SLEEPY HOLLOW,4321,40
GRANITE FALLS SCHOOL DISTRICT NO. 332 Director District 4,Tina Veatch,SLEEPY HOLLOW,4321,65
GRANITE FALLS SCHOOL DISTRICT NO. 332 Director District 4,Erik Gochnour,SLEEPY HOLLOW,4321,7
GRANITE FALLS SCHOOL DISTRICT NO. 332 Director District 4,WRITE-IN,SLEEPY HOLLOW,4321,0
GRANITE FALLS SCHOOL DISTRICT NO. 332 Director District 4,LaShae Lee,LOOP,4374,24
GRANITE FALLS SCHOOL DISTRICT NO. 332 Director District 4,Tina Veatch,LOOP,4374,45
GRANITE FALLS SCHOOL DISTRICT NO. 332 Director District 4,Erik Gochnour,LOOP,4374,8
GRANITE FALLS SCHOOL DISTRICT NO. 332 Director District 4,WRITE-IN,LOOP,4374,1
GRANITE FALLS SCHOOL DISTRICT NO. 332 Director District 4,LaShae Lee,SPADA(*),4439,0
GRANITE FALLS SCHOOL DISTRICT NO. 332 Director District 4,Tina Veatch,SPADA(*),4439,0
GRANITE FALLS SCHOOL DISTRICT NO. 332 Director District 4,Erik Gochnour,SPADA(*),4439,0
GRANITE FALLS SCHOOL DISTRICT NO. 332 Director District 4,WRITE-IN,SPADA(*),4439,0
GRANITE FALLS SCHOOL DISTRICT NO. 332 Director District 4,LaShae Lee,MENZEL,4470,39
GRANITE FALLS SCHOOL DISTRICT NO. 332 Director District 4,Tina Veatch,MENZEL,4470,63
GRANITE FALLS SCHOOL DISTRICT NO. 332 Director District 4,Erik Gochnour,MENZEL,4470,10
GRANITE FALLS SCHOOL DISTRICT NO. 332 Director District 4,WRITE-IN,MENZEL,4470,0
GRANITE FALLS SCHOOL DISTRICT NO. 332 Director District 4,LaShae Lee,JORDAN TRAILS,4515,16
GRANITE FALLS SCHOOL DISTRICT NO. 332 Director District 4,Tina Veatch,JORDAN TRAILS,4515,14
GRANITE FALLS SCHOOL DISTRICT NO. 332 Director District 4,Erik Gochnour,JORDAN TRAILS,4515,9
GRANITE FALLS SCHOOL DISTRICT NO. 332 Director District 4,WRITE-IN,JORDAN TRAILS,4515,2
GRANITE FALLS SCHOOL DISTRICT NO. 332 Director District 4,LaShae Lee,BOSWORTH,4521,44
GRANITE FALLS SCHOOL DISTRICT NO. 332 Director District 4,Tina Veatch,BOSWORTH,4521,40
GRANITE FALLS SCHOOL DISTRICT NO. 332 Director District 4,Erik Gochnour,BOSWORTH,4521,4
GRANITE FALLS SCHOOL DISTRICT NO. 332 Director District 4,WRITE-IN,BOSWORTH,4521,0
GRANITE FALLS SCHOOL DISTRICT NO. 332 Director District 4,LaShae Lee,SANDMAN,4555,43
GRANITE FALLS SCHOOL DISTRICT NO. 332 Director District 4,Tina Veatch,SANDMAN,4555,41
GRANITE FALLS SCHOOL DISTRICT NO. 332 Director District 4,Erik Gochnour,SANDMAN,4555,7
GRANITE FALLS SCHOOL DISTRICT NO. 332 Director District 4,WRITE-IN,SANDMAN,4555,4
GRANITE FALLS SCHOOL DISTRICT NO. 332 Director District 4,LaShae Lee,TRANGEN,4557,44
GRANITE FALLS SCHOOL DISTRICT NO. 332 Director District 4,Tina Veatch,TRANGEN,4557,53
GRANITE FALLS SCHOOL DISTRICT NO. 332 Director District 4,Erik Gochnour,TRANGEN,4557,12
GRANITE FALLS SCHOOL DISTRICT NO. 332 Director District 4,WRITE-IN,TRANGEN,4557,0
GRANITE FALLS SCHOOL DISTRICT NO. 332 Director District 4,LaShae Lee,AIRPARK,4573,28
GRANITE FALLS SCHOOL DISTRICT NO. 332 Director District 4,Tina Veatch,AIRPARK,4573,38
GRANITE FALLS SCHOOL DISTRICT NO. 332 Director District 4,Erik Gochnour,AIRPARK,4573,8
GRANITE FALLS SCHOOL DISTRICT NO. 332 Director District 4,WRITE-IN,AIRPARK,4573,0
GRANITE FALLS SCHOOL DISTRICT NO. 332 Director District 4,LaShae Lee,TREE FARM,4816,54
GRANITE FALLS SCHOOL DISTRICT NO. 332 Director District 4,Tina Veatch,TREE FARM,4816,41
GRANITE FALLS SCHOOL DISTRICT NO. 332 Director District 4,Erik Gochnour,TREE FARM,4816,10
GRANITE FALLS SCHOOL DISTRICT NO. 332 Director District 4,WRITE-IN,TREE FARM,4816,0
GRANITE FALLS SCHOOL DISTRICT NO. 332 Director District 4,LaShae Lee,GLENMORE,4832,38
GRANITE FALLS SCHOOL DISTRICT NO. 332 Director District 4,Tina Veatch,GLENMORE,4832,29
GRANITE FALLS SCHOOL DISTRICT NO. 332 Director District 4,Erik Gochnour,GLENMORE,4832,9
GRANITE FALLS SCHOOL DISTRICT NO. 332 Director District 4,WRITE-IN,GLENMORE,4832,2
GRANITE FALLS SCHOOL DISTRICT NO. 332 Director District 4,LaShae Lee,CANYON CREEK,4858,29
GRANITE FALLS SCHOOL DISTRICT NO. 332 Director District 4,Tina Veatch,CANYON CREEK,4858,18
GRANITE FALLS SCHOOL DISTRICT NO. 332 Director District 4,Erik Gochnour,CANYON CREEK,4858,9
GRANITE FALLS SCHOOL DISTRICT NO. 332 Director District 4,WRITE-IN,CANYON CREEK,4858,0
NORTHSHORE SCHOOL DISTRICT NO. 417 Director District No. 1,Brian Travis,Total,-1,1410
NORTHSHORE SCHOOL DISTRICT NO. 417 Director District No. 1,Carson Sanderson,Total,-1,4614
NORTHSHORE SCHOOL DISTRICT NO. 417 Director District No. 1,Arun Sharma,Total,-1,2275
NORTHSHORE SCHOOL DISTRICT NO. 417 Director District No. 1,WRITE-IN,Total,-1,22
NORTHSHORE SCHOOL DISTRICT NO. 417 Director District No. 1,Brian Travis,BRIER 2,1180,29
NORTHSHORE SCHOOL DISTRICT NO. 417 Director District No. 1,Carson Sanderson,BRIER 2,1180,96
NORTHSHORE SCHOOL DISTRICT NO. 417 Director District No. 1,Arun Sharma,BRIER 2,1180,39
NORTHSHORE SCHOOL DISTRICT NO. 417 Director District No. 1,WRITE-IN,BRIER 2,1180,0
NORTHSHORE SCHOOL DISTRICT NO. 417 Director District No. 1,Brian Travis,BRIER 6,1343,26
NORTHSHORE SCHOOL DISTRICT NO. 417 Director District No. 1,Carson Sanderson,BRIER 6,1343,86
NORTHSHORE SCHOOL DISTRICT NO. 417 Director District No. 1,Arun Sharma,BRIER 6,1343,42
NORTHSHORE SCHOOL DISTRICT NO. 417 Director District No. 1,WRITE-IN,BRIER 6,1343,0
NORTHSHORE SCHOOL DISTRICT NO. 417 Director District No. 1,Brian Travis,BOTHELL 31,1598,31
NORTHSHORE SCHOOL DISTRICT NO. 417 Director District No. 1,Carson Sanderson,BOTHELL 31,1598,125
NORTHSHORE SCHOOL DISTRICT NO. 417 Director District No. 1,Arun Sharma,BOTHELL 31,1598,66
NORTHSHORE SCHOOL DISTRICT NO. 417 Director District No. 1,WRITE-IN,BOTHELL 31,1598,0
NORTHSHORE SCHOOL DISTRICT NO. 417 Director District No. 1,Brian Travis,BOTHELL 32,1599,21
NORTHSHORE SCHOOL DISTRICT NO. 417 Director District No. 1,Carson Sanderson,BOTHELL 32,1599,60
NORTHSHORE SCHOOL DISTRICT NO. 417 Director District No. 1,Arun Sharma,BOTHELL 32,1599,47
NORTHSHORE SCHOOL DISTRICT NO. 417 Director District No. 1,WRITE-IN,BOTHELL 32,1599,0
NORTHSHORE SCHOOL DISTRICT NO. 417 Director District No. 1,Brian Travis,BOTHELL 33,1600,41
NORTHSHORE SCHOOL DISTRICT NO. 417 Director District No. 1,Carson Sanderson,BOTHELL 33,1600,91
NORTHSHORE SCHOOL DISTRICT NO. 417 Director District No. 1,Arun Sharma,BOTHELL 33,1600,61
NORTHSHORE SCHOOL DISTRICT NO. 417 Director District No. 1,WRITE-IN,BOTHELL 33,1600,0
NORTHSHORE SCHOOL DISTRICT NO. 417 Director District No. 1,Brian Travis,BOTHELL 34,1601,38
NORTHSHORE SCHOOL DISTRICT NO. 417 Director District No. 1,Carson Sanderson,BOTHELL 34,1601,134
NORTHSHORE SCHOOL DISTRICT NO. 417 Director District No. 1,Arun Sharma,BOTHELL 34,1601,63
NORTHSHORE SCHOOL DISTRICT NO. 417 Director District No. 1,WRITE-IN,BOTHELL 34,1601,1
NORTHSHORE SCHOOL DISTRICT NO. 417 Director District No. 1,Brian Travis,BOTHELL 35,1602,23
NORTHSHORE SCHOOL DISTRICT NO. 417 Director District No. 1,Carson Sanderson,BOTHELL 35,1602,77
NORTHSHORE SCHOOL DISTRICT NO. 417 Director District No. 1,Arun Sharma,BOTHELL 35,1602,49
NORTHSHORE SCHOOL DISTRICT NO. 417 Director District No. 1,WRITE-IN,BOTHELL 35,1602,0
NORTHSHORE SCHOOL DISTRICT NO. 417 Director District No. 1,Brian Travis,BOTHELL 36,1603,24
NORTHSHORE SCHOOL DISTRICT NO. 417 Director District No. 1,Carson Sanderson,BOTHELL 36,1603,86
NORTHSHORE SCHOOL DISTRICT NO. 417 Director District No. 1,Arun Sharma,BOTHELL 36,1603,37
NORTHSHORE SCHOOL DISTRICT NO. 417 Director District No. 1,WRITE-IN,BOTHELL 36,1603,1
NORTHSHORE SCHOOL DISTRICT NO. 417 Director District No. 1,Brian Travis,BOTHELL 37,1604,28
NORTHSHORE SCHOOL DISTRICT NO. 417 Director District No. 1,Carson Sanderson,BOTHELL 37,1604,105
NORTHSHORE SCHOOL DISTRICT NO. 417 Director District No. 1,Arun Sharma,BOTHELL 37,1604,47
NORTHSHORE SCHOOL DISTRICT NO. 417 Director District No. 1,WRITE-IN,BOTHELL 37,1604,0
NORTHSHORE SCHOOL DISTRICT NO. 417 Director District No. 1,Brian Travis,BOTHELL 38,1605,23
NORTHSHORE SCHOOL DISTRICT NO. 417 Director District No. 1,Carson Sanderson,BOTHELL 38,1605,120
NORTHSHORE SCHOOL DISTRICT NO. 417 Director District No. 1,Arun Sharma,BOTHELL 38,1605,34
NORTHSHORE SCHOOL DISTRICT NO. 417 Director District No. 1,WRITE-IN,BOTHELL 38,1605,0
NORTHSHORE SCHOOL DISTRICT NO. 417 Director District No. 1,Brian Travis,BOTHELL 39,1606,29
NORTHSHORE SCHOOL DISTRICT NO. 417 Director District No. 1,Carson Sanderson,BOTHELL 39,1606,83
NORTHSHORE SCHOOL DISTRICT NO. 417 Director District No. 1,Arun Sharma,BOTHELL 39,1606,35
NORTHSHORE SCHOOL DISTRICT NO. 417 Director District No. 1,WRITE-IN,BOTHELL 39,1606,0
NORTHSHORE SCHOOL DISTRICT NO. 417 Director District No. 1,Brian Travis,BOTHELL 40,1607,41
NORTHSHORE SCHOOL DISTRICT NO. 417 Director District No. 1,Carson Sanderson,BOTHELL 40,1607,122
NORTHSHORE SCHOOL DISTRICT NO. 417 Director District No. 1,Arun Sharma,BOTHELL 40,1607,42
NORTHSHORE SCHOOL DISTRICT NO. 417 Director District No. 1,WRITE-IN,BOTHELL 40,1607,0
NORTHSHORE SCHOOL DISTRICT NO. 417 Director District No. 1,Brian Travis,BOTHELL 41,1608,31
NORTHSHORE SCHOOL DISTRICT NO. 417 Director District No. 1,Carson Sanderson,BOTHELL 41,1608,111
NORTHSHORE SCHOOL DISTRICT NO. 417 Director District No. 1,Arun Sharma,BOTHELL 41,1608,67
NORTHSHORE SCHOOL DISTRICT NO. 417 Director District No. 1,WRITE-IN,BOTHELL 41,1608,0
NORTHSHORE SCHOOL DISTRICT NO. 417 Director District No. 1,Brian Travis,BOTHELL 42,1609,38
NORTHSHORE SCHOOL DISTRICT NO. 417 Director District No. 1,Carson Sanderson,BOTHELL 42,1609,128
NORTHSHORE SCHOOL DISTRICT NO. 417 Director District No. 1,Arun Sharma,BOTHELL 42,1609,49
NORTHSHORE SCHOOL DISTRICT NO. 417 Director District No. 1,WRITE-IN,BOTHELL 42,1609,1
NORTHSHORE SCHOOL DISTRICT NO. 417 Director District No. 1,Brian Travis,BOTHELL 43,1610,32
NORTHSHORE SCHOOL DISTRICT NO. 417 Director District No. 1,Carson Sanderson,BOTHELL 43,1610,99
NORTHSHORE SCHOOL DISTRICT NO. 417 Director District No. 1,Arun Sharma,BOTHELL 43,1610,44
NORTHSHORE SCHOOL DISTRICT NO. 417 Director District No. 1,WRITE-IN,BOTHELL 43,1610,2
NORTHSHORE SCHOOL DISTRICT NO. 417 Director District No. 1,Brian Travis,BOTHELL 44,1611,28
NORTHSHORE SCHOOL DISTRICT NO. 417 Director District No. 1,Carson Sanderson,BOTHELL 44,1611,91
NORTHSHORE SCHOOL DISTRICT NO. 417 Director District No. 1,Arun Sharma,BOTHELL 44,1611,22
NORTHSHORE SCHOOL DISTRICT NO. 417 Director District No. 1,WRITE-IN,BOTHELL 44,1611,0
NORTHSHORE SCHOOL DISTRICT NO. 417 Director District No. 1,Brian Travis,BOTHELL 45,1612,16
NORTHSHORE SCHOOL DISTRICT NO. 417 Director District No. 1,Carson Sanderson,BOTHELL 45,1612,56
NORTHSHORE SCHOOL DISTRICT NO. 417 Director District No. 1,Arun Sharma,BOTHELL 45,1612,28
NORTHSHORE SCHOOL DISTRICT NO. 417 Director District No. 1,WRITE-IN,BOTHELL 45,1612,1
NORTHSHORE SCHOOL DISTRICT NO. 417 Director District No. 1,Brian Travis,BOTHELL 46,1613,45
NORTHSHORE SCHOOL DISTRICT NO. 417 Director District No. 1,Carson Sanderson,BOTHELL 46,1613,95
NORTHSHORE SCHOOL DISTRICT NO. 417 Director District No. 1,Arun Sharma,BOTHELL 46,1613,46
NORTHSHORE SCHOOL DISTRICT NO. 417 Director District No. 1,WRITE-IN,BOTHELL 46,1613,0
NORTHSHORE SCHOOL DISTRICT NO. 417 Director District No. 1,Brian Travis,BOTHELL 47,1644,26
NORTHSHORE SCHOOL DISTRICT NO. 417 Director District No. 1,Carson Sanderson,BOTHELL 47,1644,99
NORTHSHORE SCHOOL DISTRICT NO. 417 Director District No. 1,Arun Sharma,BOTHELL 47,1644,52
NORTHSHORE SCHOOL DISTRICT NO. 417 Director District No. 1,WRITE-IN,BOTHELL 47,1644,0
NORTHSHORE SCHOOL DISTRICT NO. 417 Director District No. 1,Brian Travis,BOTHELL 48,1807,19
NORTHSHORE SCHOOL DISTRICT NO. 417 Director District No. 1,Carson Sanderson,BOTHELL 48,1807,58
NORTHSHORE SCHOOL DISTRICT NO. 417 Director District No. 1,Arun Sharma,BOTHELL 48,1807,41
NORTHSHORE SCHOOL DISTRICT NO. 417 Director District No. 1,WRITE-IN,BOTHELL 48,1807,1
NORTHSHORE SCHOOL DISTRICT NO. 417 Director District No. 1,Brian Travis,BEAR CREEK,4009,35
NORTHSHORE SCHOOL DISTRICT NO. 417 Director District No. 1,Carson Sanderson,BEAR CREEK,4009,69
NORTHSHORE SCHOOL DISTRICT NO. 417 Director District No. 1,Arun Sharma,BEAR CREEK,4009,15
NORTHSHORE SCHOOL DISTRICT NO. 417 Director District No. 1,WRITE-IN,BEAR CREEK,4009,1
NORTHSHORE SCHOOL DISTRICT NO. 417 Director District No. 1,Brian Travis,NORTH CREEK,4065,0
NORTHSHORE SCHOOL DISTRICT NO. 417 Director District No. 1,Carson Sanderson,NORTH CREEK,4065,7
NORTHSHORE SCHOOL DISTRICT NO. 417 Director District No. 1,Arun Sharma,NORTH CREEK,4065,4
NORTHSHORE SCHOOL DISTRICT NO. 417 Director District No. 1,WRITE-IN,NORTH CREEK,4065,0
NORTHSHORE SCHOOL DISTRICT NO. 417 Director District No. 1,Brian Travis,LOCUST,4078,26
NORTHSHORE SCHOOL DISTRICT NO. 417 Director District No. 1,Carson Sanderson,LOCUST,4078,91
NORTHSHORE SCHOOL DISTRICT NO. 417 Director District No. 1,Arun Sharma,LOCUST,4078,33
NORTHSHORE SCHOOL DISTRICT NO. 417 Director District No. 1,WRITE-IN,LOCUST,4078,0
NORTHSHORE SCHOOL DISTRICT NO. 417 Director District No. 1,Brian Travis,MERIDIAN,4136,31
NORTHSHORE SCHOOL DISTRICT NO. 417 Director District No. 1,Carson Sanderson,MERIDIAN,4136,87
NORTHSHORE SCHOOL DISTRICT NO. 417 Director District No. 1,Arun Sharma,MERIDIAN,4136,44
NORTHSHORE SCHOOL DISTRICT NO. 417 Director District No. 1,WRITE-IN,MERIDIAN,4136,0
NORTHSHORE SCHOOL DISTRICT NO. 417 Director District No. 1,Brian Travis,ELWOOD,4165,26
NORTHSHORE SCHOOL DISTRICT NO. 417 Director District No. 1,Carson Sanderson,ELWOOD,4165,82
NORTHSHORE SCHOOL DISTRICT NO. 417 Director District No. 1,Arun Sharma,ELWOOD,4165,42
NORTHSHORE SCHOOL DISTRICT NO. 417 Director District No. 1,WRITE-IN,ELWOOD,4165,1
NORTHSHORE SCHOOL DISTRICT NO. 417 Director District No. 1,Brian Travis,MINOR,4170,34
NORTHSHORE SCHOOL DISTRICT NO. 417 Director District No. 1,Carson Sanderson,MINOR,4170,92
NORTHSHORE SCHOOL DISTRICT NO. 417 Director District No. 1,Arun Sharma,MINOR,4170,64
NORTHSHORE SCHOOL DISTRICT NO. 417 Director District No. 1,WRITE-IN,MINOR,4170,0
NORTHSHORE SCHOOL DISTRICT NO. 417 Director District No. 1,Brian Travis,ATLAS,4177,31
NORTHSHORE SCHOOL DISTRICT NO. 417 Director District No. 1,Carson Sanderson,ATLAS,4177,118
NORTHSHORE SCHOOL DISTRICT NO. 417 Director District No. 1,Arun Sharma,ATLAS,4177,56
NORTHSHORE SCHOOL DISTRICT NO. 417 Director District No. 1,WRITE-IN,ATLAS,4177,1
NORTHSHORE SCHOOL DISTRICT NO. 417 Director District No. 1,Brian Travis,WAXON,4213,26
NORTHSHORE SCHOOL DISTRICT NO. 417 Director District No. 1,Carson Sanderson,WAXON,4213,92
NORTHSHORE SCHOOL DISTRICT NO. 417 Director District No. 1,Arun Sharma,WAXON,4213,40
NORTHSHORE SCHOOL DISTRICT NO. 417 Director District No. 1,WRITE-IN,WAXON,4213,0
NORTHSHORE SCHOOL DISTRICT NO. 417 Director District No. 1,Brian Travis,GRANNIS,4266,34
NORTHSHORE SCHOOL DISTRICT NO. 417 Director District No. 1,Carson Sanderson,GRANNIS,4266,95
NORTHSHORE SCHOOL DISTRICT NO. 417 Director District No. 1,Arun Sharma,GRANNIS,4266,53
NORTHSHORE SCHOOL DISTRICT NO. 417 Director District No. 1,WRITE-IN,GRANNIS,4266,0
NORTHSHORE SCHOOL DISTRICT NO. 417 Director District No. 1,Brian Travis,WOODLAND,4273,10
NORTHSHORE SCHOOL DISTRICT NO. 417 Director District No. 1,Carson Sanderson,WOODLAND,4273,42
NORTHSHORE SCHOOL DISTRICT NO. 417 Director District No. 1,Arun Sharma,WOODLAND,4273,34
NORTHSHORE SCHOOL DISTRICT NO. 417 Director District No. 1,WRITE-IN,WOODLAND,4273,0
NORTHSHORE SCHOOL DISTRICT NO. 417 Director District No. 1,Brian Travis,CREEK,4283,21
NORTHSHORE SCHOOL DISTRICT NO. 417 Director District No. 1,Carson Sanderson,CREEK,4283,80
NORTHSHORE SCHOOL DISTRICT NO. 417 Director District No. 1,Arun Sharma,CREEK,4283,56
NORTHSHORE SCHOOL DISTRICT NO. 417 Director District No. 1,WRITE-IN,CREEK,4283,0
NORTHSHORE SCHOOL DISTRICT NO. 417 Director District No. 1,Brian Travis,CRYSTAL,4284,21
NORTHSHORE SCHOOL DISTRICT NO. 417 Director District No. 1,Carson Sanderson,CRYSTAL,4284,97
NORTHSHORE SCHOOL DISTRICT NO. 417 Director District No. 1,Arun Sharma,CRYSTAL,4284,36
NORTHSHORE SCHOOL DISTRICT NO. 417 Director District No. 1,WRITE-IN,CRYSTAL,4284,1
NORTHSHORE SCHOOL DISTRICT NO. 417 Director District No. 1,Brian Travis,THRASHERS,4324,10
NORTHSHORE SCHOOL DISTRICT NO. 417 Director District No. 1,Carson Sanderson,THRASHERS,4324,26
NORTHSHORE SCHOOL DISTRICT NO. 417 Director District No. 1,Arun Sharma,THRASHERS,4324,8
NORTHSHORE SCHOOL DISTRICT NO. 417 Director District No. 1,WRITE-IN,THRASHERS,4324,0
NORTHSHORE SCHOOL DISTRICT NO. 417 Director District No. 1,Brian Travis,WELLINGTON,4333,44
NORTHSHORE SCHOOL DISTRICT NO. 417 Director District No. 1,Carson Sanderson,WELLINGTON,4333,144
NORTHSHORE SCHOOL DISTRICT NO. 417 Director District No. 1,Arun Sharma,WELLINGTON,4333,84
NORTHSHORE SCHOOL DISTRICT NO. 417 Director District No. 1,WRITE-IN,WELLINGTON,4333,0
NORTHSHORE SCHOOL DISTRICT NO. 417 Director District No. 1,Brian Travis,WITHERS(*),4338,0
NORTHSHORE SCHOOL DISTRICT NO. 417 Director District No. 1,Carson Sanderson,WITHERS(*),4338,0
NORTHSHORE SCHOOL DISTRICT NO. 417 Director District No. 1,Arun Sharma,WITHERS(*),4338,0
NORTHSHORE SCHOOL DISTRICT NO. 417 Director District No. 1,WRITE-IN,WITHERS(*),4338,0
NORTHSHORE SCHOOL DISTRICT NO. 417 Director District No. 1,Brian Travis,ECHO LAKE(*),4372,0
NORTHSHORE SCHOOL DISTRICT NO. 417 Director District No. 1,Carson Sanderson,ECHO LAKE(*),4372,0
NORTHSHORE SCHOOL DISTRICT NO. 417 Director District No. 1,Arun Sharma,ECHO LAKE(*),4372,0
NORTHSHORE SCHOOL DISTRICT NO. 417 Director District No. 1,WRITE-IN,ECHO LAKE(*),4372,0
NORTHSHORE SCHOOL DISTRICT NO. 417 Director District No. 1,Brian Travis,BOSTIAN,4387,34
NORTHSHORE SCHOOL DISTRICT NO. 417 Director District No. 1,Carson Sanderson,BOSTIAN,4387,65
NORTHSHORE SCHOOL DISTRICT NO. 417 Director District No. 1,Arun Sharma,BOSTIAN,4387,35
NORTHSHORE SCHOOL DISTRICT NO. 417 Director District No. 1,WRITE-IN,BOSTIAN,4387,0
NORTHSHORE SCHOOL DISTRICT NO. 417 Director District No. 1,Brian Travis,MAPLEWOOD,4426,20
NORTHSHORE SCHOOL DISTRICT NO. 417 Director District No. 1,Carson Sanderson,MAPLEWOOD,4426,71
NORTHSHORE SCHOOL DISTRICT NO. 417 Director District No. 1,Arun Sharma,MAPLEWOOD,4426,59
NORTHSHORE SCHOOL DISTRICT NO. 417 Director District No. 1,WRITE-IN,MAPLEWOOD,4426,0
NORTHSHORE SCHOOL DISTRICT NO. 417 Director District No. 1,Brian Travis,DAMSON,4446,35
NORTHSHORE SCHOOL DISTRICT NO. 417 Director District No. 1,Carson Sanderson,DAMSON,4446,133
NORTHSHORE SCHOOL DISTRICT NO. 417 Director District No. 1,Arun Sharma,DAMSON,4446,47
NORTHSHORE SCHOOL DISTRICT NO. 417 Director District No. 1,WRITE-IN,DAMSON,4446,2
NORTHSHORE SCHOOL DISTRICT NO. 417 Director District No. 1,Brian Travis,PARKSHORE,4479,23
NORTHSHORE SCHOOL DISTRICT NO. 417 Director District No. 1,Carson Sanderson,PARKSHORE,4479,65
NORTHSHORE SCHOOL DISTRICT NO. 417 Director District No. 1,Arun Sharma,PARKSHORE,4479,27
NORTHSHORE SCHOOL DISTRICT NO. 417 Director District No. 1,WRITE-IN,PARKSHORE,4479,0
NORTHSHORE SCHOOL DISTRICT NO. 417 Director District No. 1,Brian Travis,STAFFORD,4484,18
NORTHSHORE SCHOOL DISTRICT NO. 417 Director District No. 1,Carson Sanderson,STAFFORD,4484,75
NORTHSHORE SCHOOL DISTRICT NO. 417 Director District No. 1,Arun Sharma,STAFFORD,4484,41
NORTHSHORE SCHOOL DISTRICT NO. 417 Director District No. 1,WRITE-IN,STAFFORD,4484,0
NORTHSHORE SCHOOL DISTRICT NO. 417 Director District No. 1,Brian Travis,FILBERT,4527,27
NORTHSHORE SCHOOL DISTRICT NO. 417 Director District No. 1,Carson Sanderson,FILBERT,4527,113
NORTHSHORE SCHOOL DISTRICT NO. 417 Director District No. 1,Arun Sharma,FILBERT,4527,35
NORTHSHORE SCHOOL DISTRICT NO. 417 Director District No. 1,WRITE-IN,FILBERT,4527,0
NORTHSHORE SCHOOL DISTRICT NO. 417 Director District No. 1,Brian Travis,KOKANEE,4535,32
NORTHSHORE SCHOOL DISTRICT NO. 417 Director District No. 1,Carson Sanderson,KOKANEE,4535,78
NORTHSHORE SCHOOL DISTRICT NO. 417 Director District No. 1,Arun Sharma,KOKANEE,4535,32
NORTHSHORE SCHOOL DISTRICT NO. 417 Director District No. 1,WRITE-IN,KOKANEE,4535,2
NORTHSHORE SCHOOL DISTRICT NO. 417 Director District No. 1,Brian Travis,REDHAWK,4552,23
NORTHSHORE SCHOOL DISTRICT NO. 417 Director District No. 1,Carson Sanderson,REDHAWK,4552,45
NORTHSHORE SCHOOL DISTRICT NO. 417 Director District No. 1,Arun Sharma,REDHAWK,4552,15
NORTHSHORE SCHOOL DISTRICT NO. 417 Director District No. 1,WRITE-IN,REDHAWK,4552,0
NORTHSHORE SCHOOL DISTRICT NO. 417 Director District No. 1,Brian Travis,WANDERING CREEK,4596,40
NORTHSHORE SCHOOL DISTRICT NO. 417 Director District No. 1,Carson Sanderson,WANDERING CREEK,4596,97
NORTHSHORE SCHOOL DISTRICT NO. 417 Director District No. 1,Arun Sharma,WANDERING CREEK,4596,44
NORTHSHORE SCHOOL DISTRICT NO. 417 Director District No. 1,WRITE-IN,WANDERING CREEK,4596,0
NORTHSHORE SCHOOL DISTRICT NO. 417 Director District No. 1,Brian Travis,KENNARD,4639,23
NORTHSHORE SCHOOL DISTRICT NO. 417 Director District No. 1,Carson Sanderson,KENNARD,4639,69
NORTHSHORE SCHOOL DISTRICT NO. 417 Director District No. 1,Arun Sharma,KENNARD,4639,23
NORTHSHORE SCHOOL DISTRICT NO. 417 Director District No. 1,WRITE-IN,KENNARD,4639,0
NORTHSHORE SCHOOL DISTRICT NO. 417 Director District No. 1,Brian Travis,GLENBAR,4646,19
NORTHSHORE SCHOOL DISTRICT NO. 417 Director District No. 1,Carson Sanderson,GLENBAR,4646,72
NORTHSHORE SCHOOL DISTRICT NO. 417 Director District No. 1,Arun Sharma,GLENBAR,4646,22
NORTHSHORE SCHOOL DISTRICT NO. 417 Director District No. 1,WRITE-IN,GLENBAR,4646,3
NORTHSHORE SCHOOL DISTRICT NO. 417 Director District No. 1,Brian Travis,OLDMARK,4656,17
NORTHSHORE SCHOOL DISTRICT NO. 417 Director District No. 1,Carson Sanderson,OLDMARK,4656,47
NORTHSHORE SCHOOL DISTRICT NO. 417 Director District No. 1,Arun Sharma,OLDMARK,4656,51
NORTHSHORE SCHOOL DISTRICT NO. 417 Director District No. 1,WRITE-IN,OLDMARK,4656,0
NORTHSHORE SCHOOL DISTRICT NO. 417 Director District No. 1,Brian Travis,KINGMAN,4685,4
NORTHSHORE SCHOOL DISTRICT NO. 417 Director District No. 1,Carson Sanderson,KINGMAN,4685,70
NORTHSHORE SCHOOL DISTRICT NO. 417 Director District No. 1,Arun Sharma,KINGMAN,4685,48
NORTHSHORE SCHOOL DISTRICT NO. 417 Director District No. 1,WRITE-IN,KINGMAN,4685,1
NORTHSHORE SCHOOL DISTRICT NO. 417 Director District No. 1,Brian Travis,CRYSTAL CREEK,4691,16
NORTHSHORE SCHOOL DISTRICT NO. 417 Director District No. 1,Carson Sanderson,CRYSTAL CREEK,4691,35
NORTHSHORE SCHOOL DISTRICT NO. 417 Director District No. 1,Arun Sharma,CRYSTAL CREEK,4691,20
NORTHSHORE SCHOOL DISTRICT NO. 417 Director District No. 1,WRITE-IN,CRYSTAL CREEK,4691,1
NORTHSHORE SCHOOL DISTRICT NO. 417 Director District No. 1,Brian Travis,POPPY,4707,24
NORTHSHORE SCHOOL DISTRICT NO. 417 Director District No. 1,Carson Sanderson,POPPY,4707,53
NORTHSHORE SCHOOL DISTRICT NO. 417 Director District No. 1,Arun Sharma,POPPY,4707,11
NORTHSHORE SCHOOL DISTRICT NO. 417 Director District No. 1,WRITE-IN,POPPY,4707,0
NORTHSHORE SCHOOL DISTRICT NO. 417 Director District No. 1,Brian Travis,BELLEMONT,4762,30
NORTHSHORE SCHOOL DISTRICT NO. 417 Director District No. 1,Carson Sanderson,BELLEMONT,4762,85
NORTHSHORE SCHOOL DISTRICT NO. 417 Director District No. 1,Arun Sharma,BELLEMONT,4762,61
NORTHSHORE SCHOOL DISTRICT NO. 417 Director District No. 1,WRITE-IN,BELLEMONT,4762,2
NORTHSHORE SCHOOL DISTRICT NO. 417 Director District No. 1,Brian Travis,JEWELL,4803,13
NORTHSHORE SCHOOL DISTRICT NO. 417 Director District No. 1,Carson Sanderson,JEWELL,4803,79
NORTHSHORE SCHOOL DISTRICT NO. 417 Director District No. 1,Arun Sharma,JEWELL,4803,55
NORTHSHORE SCHOOL DISTRICT NO. 417 Director District No. 1,WRITE-IN,JEWELL,4803,0
NORTHSHORE SCHOOL DISTRICT NO. 417 Director District No. 1,Brian Travis,NORTH GRIFFIS,4813,15
NORTHSHORE SCHOOL DISTRICT NO. 417 Director District No. 1,Carson Sanderson,NORTH GRIFFIS,4813,71
NORTHSHORE SCHOOL DISTRICT NO. 417 Director District No. 1,Arun Sharma,NORTH GRIFFIS,4813,21
NORTHSHORE SCHOOL DISTRICT NO. 417 Director District No. 1,WRITE-IN,NORTH GRIFFIS,4813,0
NORTHSHORE SCHOOL DISTRICT NO. 417 Director District No. 1,Brian Travis,PARKLANE,4822,15
NORTHSHORE SCHOOL DISTRICT NO. 417 Director District No. 1,Carson Sanderson,PARKLANE,4822,68
NORTHSHORE SCHOOL DISTRICT NO. 417 Director District No. 1,Arun Sharma,PARKLANE,4822,22
NORTHSHORE SCHOOL DISTRICT NO. 417 Director District No. 1,WRITE-IN,PARKLANE,4822,0
NORTHSHORE SCHOOL DISTRICT NO. 417 Director District No. 1,Brian Travis,GRIMES,4826,10
NORTHSHORE SCHOOL DISTRICT NO. 417 Director District No. 1,Carson Sanderson,GRIMES,4826,20
NORTHSHORE SCHOOL DISTRICT NO. 417 Director District No. 1,Arun Sharma,GRIMES,4826,20
NORTHSHORE SCHOOL DISTRICT NO. 417 Director District No. 1,WRITE-IN,GRIMES,4826,0
NORTHSHORE SCHOOL DISTRICT NO. 417 Director District No. 1,Brian Travis,SINCLAIR,4841,16
NORTHSHORE SCHOOL DISTRICT NO. 417 Director District No. 1,Carson Sanderson,SINCLAIR,4841,89
NORTHSHORE SCHOOL DISTRICT NO. 417 Director District No. 1,Arun Sharma,SINCLAIR,4841,52
NORTHSHORE SCHOOL DISTRICT NO. 417 Director District No. 1,WRITE-IN,SINCLAIR,4841,0
NORTHSHORE SCHOOL DISTRICT NO. 417 Director District No. 4,Sandy R Hayes,Total,-1,4537
NORTHSHORE SCHOOL DISTRICT NO. 417 Director District No. 4,Sehaj Dhaliwal,Total,-1,1507
NORTHSHORE SCHOOL DISTRICT NO. 417 Director District No. 4,JoAnn Tolentino,Total,-1,2304
NORTHSHORE SCHOOL DISTRICT NO. 417 Director District No. 4,WRITE-IN,Total,-1,19
NORTHSHORE SCHOOL DISTRICT NO. 417 Director District No. 4,Sandy R Hayes,BRIER 2,1180,96
NORTHSHORE SCHOOL DISTRICT NO. 417 Director District No. 4,Sehaj Dhaliwal,BRIER 2,1180,28
NORTHSHORE SCHOOL DISTRICT NO. 417 Director District No. 4,JoAnn Tolentino,BRIER 2,1180,41
NORTHSHORE SCHOOL DISTRICT NO. 417 Director District No. 4,WRITE-IN,BRIER 2,1180,0
NORTHSHORE SCHOOL DISTRICT NO. 417 Director District No. 4,Sandy R Hayes,BRIER 6,1343,82
NORTHSHORE SCHOOL DISTRICT NO. 417 Director District No. 4,Sehaj Dhaliwal,BRIER 6,1343,21
NORTHSHORE SCHOOL DISTRICT NO. 417 Director District No. 4,JoAnn Tolentino,BRIER 6,1343,50
NORTHSHORE SCHOOL DISTRICT NO. 417 Director District No. 4,WRITE-IN,BRIER 6,1343,0
NORTHSHORE SCHOOL DISTRICT NO. 417 Director District No. 4,Sandy R Hayes,BOTHELL 31,1598,126
NORTHSHORE SCHOOL DISTRICT NO. 417 Director District No. 4,Sehaj Dhaliwal,BOTHELL 31,1598,31
NORTHSHORE SCHOOL DISTRICT NO. 417 Director District No. 4,JoAnn Tolentino,BOTHELL 31,1598,70
NORTHSHORE SCHOOL DISTRICT NO. 417 Director District No. 4,WRITE-IN,BOTHELL 31,1598,0
NORTHSHORE SCHOOL DISTRICT NO. 417 Director District No. 4,Sandy R Hayes,BOTHELL 32,1599,72
NORTHSHORE SCHOOL DISTRICT NO. 417 Director District No. 4,Sehaj Dhaliwal,BOTHELL 32,1599,31
NORTHSHORE SCHOOL DISTRICT NO. 417 Director District No. 4,JoAnn Tolentino,BOTHELL 32,1599,29
NORTHSHORE SCHOOL DISTRICT NO. 417 Director District No. 4,WRITE-IN,BOTHELL 32,1599,0
NORTHSHORE SCHOOL DISTRICT NO. 417 Director District No. 4,Sandy R Hayes,BOTHELL 33,1600,101
NORTHSHORE SCHOOL DISTRICT NO. 417 Director District No. 4,Sehaj Dhaliwal,BOTHELL 33,1600,40
NORTHSHORE SCHOOL DISTRICT NO. 417 Director District No. 4,JoAnn Tolentino,BOTHELL 33,1600,52
NORTHSHORE SCHOOL DISTRICT NO. 417 Director District No. 4,WRITE-IN,BOTHELL 33,1600,0
NORTHSHORE SCHOOL DISTRICT NO. 417 Director District No. 4,Sandy R Hayes,BOTHELL 34,1601,145
NORTHSHORE SCHOOL DISTRICT NO. 417 Director District No. 4,Sehaj Dhaliwal,BOTHELL 34,1601,35
NORTHSHORE SCHOOL DISTRICT NO. 417 Director District No. 4,JoAnn Tolentino,BOTHELL 34,1601,55
NORTHSHORE SCHOOL DISTRICT NO. 417 Director District No. 4,WRITE-IN,BOTHELL 34,1601,1
NORTHSHORE SCHOOL DISTRICT NO. 417 Director District No. 4,Sandy R Hayes,BOTHELL 35,1602,82
NORTHSHORE SCHOOL DISTRICT NO. 417 Director District No. 4,Sehaj Dhaliwal,BOTHELL 35,1602,27
NORTHSHORE SCHOOL DISTRICT NO. 417 Director District No. 4,JoAnn Tolentino,BOTHELL 35,1602,41
NORTHSHORE SCHOOL DISTRICT NO. 417 Director District No. 4,WRITE-IN,BOTHELL 35,1602,0
NORTHSHORE SCHOOL DISTRICT NO. 417 Director District No. 4,Sandy R Hayes,BOTHELL 36,1603,73
NORTHSHORE SCHOOL DISTRICT NO. 417 Director District No. 4,Sehaj Dhaliwal,BOTHELL 36,1603,32
NORTHSHORE SCHOOL DISTRICT NO. 417 Director District No. 4,JoAnn Tolentino,BOTHELL 36,1603,42
NORTHSHORE SCHOOL DISTRICT NO. 417 Director District No. 4,WRITE-IN,BOTHELL 36,1603,2
NORTHSHORE SCHOOL DISTRICT NO. 417 Director District No. 4,Sandy R Hayes,BOTHELL 37,1604,108
NORTHSHORE SCHOOL DISTRICT NO. 417 Director District No. 4,Sehaj Dhaliwal,BOTHELL 37,1604,26
NORTHSHORE SCHOOL DISTRICT NO. 417 Director District No. 4,JoAnn Tolentino,BOTHELL 37,1604,48
NORTHSHORE SCHOOL DISTRICT NO. 417 Director District No. 4,WRITE-IN,BOTHELL 37,1604,0
NORTHSHORE SCHOOL DISTRICT NO. 417 Director District No. 4,Sandy R Hayes,BOTHELL 38,1605,118
NORTHSHORE SCHOOL DISTRICT NO. 417 Director District No. 4,Sehaj Dhaliwal,BOTHELL 38,1605,24
NORTHSHORE SCHOOL DISTRICT NO. 417 Director District No. 4,JoAnn Tolentino,BOTHELL 38,1605,35
NORTHSHORE SCHOOL DISTRICT NO. 417 Director District No. 4,WRITE-IN,BOTHELL 38,1605,0
NORTHSHORE SCHOOL DISTRICT NO. 417 Director District No. 4,Sandy R Hayes,BOTHELL 39,1606,79
NORTHSHORE SCHOOL DISTRICT NO. 417 Director District No. 4,Sehaj Dhaliwal,BOTHELL 39,1606,21
NORTHSHORE SCHOOL DISTRICT NO. 417 Director District No. 4,JoAnn Tolentino,BOTHELL 39,1606,46
NORTHSHORE SCHOOL DISTRICT NO. 417 Director District No. 4,WRITE-IN,BOTHELL 39,1606,0
NORTHSHORE SCHOOL DISTRICT NO. 417 Director District No. 4,Sandy R Hayes,BOTHELL 40,1607,107
NORTHSHORE SCHOOL DISTRICT NO. 417 Director District No. 4,Sehaj Dhaliwal,BOTHELL 40,1607,28
NORTHSHORE SCHOOL DISTRICT NO. 417 Director District No. 4,JoAnn Tolentino,BOTHELL 40,1607,78
NORTHSHORE SCHOOL DISTRICT NO. 417 Director District No. 4,WRITE-IN,BOTHELL 40,1607,0
NORTHSHORE SCHOOL DISTRICT NO. 417 Director District No. 4,Sandy R Hayes,BOTHELL 41,1608,117
NORTHSHORE SCHOOL DISTRICT NO. 417 Director District No. 4,Sehaj Dhaliwal,BOTHELL 41,1608,40
NORTHSHORE SCHOOL DISTRICT NO. 417 Director District No. 4,JoAnn Tolentino,BOTHELL 41,1608,49
NORTHSHORE SCHOOL DISTRICT NO. 417 Director District No. 4,WRITE-IN,BOTHELL 41,1608,0
NORTHSHORE SCHOOL DISTRICT NO. 417 Director District No. 4,Sandy R Hayes,BOTHELL 42,1609,126
NORTHSHORE SCHOOL DISTRICT NO. 417 Director District No. 4,Sehaj Dhaliwal,BOTHELL 42,1609,32
NORTHSHORE SCHOOL DISTRICT NO. 417 Director District No. 4,JoAnn Tolentino,BOTHELL 42,1609,58
NORTHSHORE SCHOOL DISTRICT NO. 417 Director District No. 4,WRITE-IN,BOTHELL 42,1609,0
NORTHSHORE SCHOOL DISTRICT NO. 417 Director District No. 4,Sandy R Hayes,BOTHELL 43,1610,87
NORTHSHORE SCHOOL DISTRICT NO. 417 Director District No. 4,Sehaj Dhaliwal,BOTHELL 43,1610,43
NORTHSHORE SCHOOL DISTRICT NO. 417 Director District No. 4,JoAnn Tolentino,BOTHELL 43,1610,47
NORTHSHORE SCHOOL DISTRICT NO. 417 Director District No. 4,WRITE-IN,BOTHELL 43,1610,0
NORTHSHORE SCHOOL DISTRICT NO. 417 Director District No. 4,Sandy R Hayes,BOTHELL 44,1611,79
NORTHSHORE SCHOOL DISTRICT NO. 417 Director District No. 4,Sehaj Dhaliwal,BOTHELL 44,1611,21
NORTHSHORE SCHOOL DISTRICT NO. 417 Director District No. 4,JoAnn Tolentino,BOTHELL 44,1611,41
NORTHSHORE SCHOOL DISTRICT NO. 417 Director District No. 4,WRITE-IN,BOTHELL 44,1611,1
NORTHSHORE SCHOOL DISTRICT NO. 417 Director District No. 4,Sandy R Hayes,BOTHELL 45,1612,58
NORTHSHORE SCHOOL DISTRICT NO. 417 Director District No. 4,Sehaj Dhaliwal,BOTHELL 45,1612,19
NORTHSHORE SCHOOL DISTRICT NO. 417 Director District No. 4,JoAnn Tolentino,BOTHELL 45,1612,23
NORTHSHORE SCHOOL DISTRICT NO. 417 Director District No. 4,WRITE-IN,BOTHELL 45,1612,1
NORTHSHORE SCHOOL DISTRICT NO. 417 Director District No. 4,Sandy R Hayes,BOTHELL 46,1613,97
NORTHSHORE SCHOOL DISTRICT NO. 417 Director District No. 4,Sehaj Dhaliwal,BOTHELL 46,1613,21
NORTHSHORE SCHOOL DISTRICT NO. 417 Director District No. 4,JoAnn Tolentino,BOTHELL 46,1613,71
NORTHSHORE SCHOOL DISTRICT NO. 417 Director District No. 4,WRITE-IN,BOTHELL 46,1613,0
NORTHSHORE SCHOOL DISTRICT NO. 417 Director District No. 4,Sandy R Hayes,BOTHELL 47,1644,106
NORTHSHORE SCHOOL DISTRICT NO. 417 Director District No. 4,Sehaj Dhaliwal,BOTHELL 47,1644,29
NORTHSHORE SCHOOL DISTRICT NO. 417 Director District No. 4,JoAnn Tolentino,BOTHELL 47,1644,44
NORTHSHORE SCHOOL DISTRICT NO. 417 Director District No. 4,WRITE-IN,BOTHELL 47,1644,0
NORTHSHORE SCHOOL DISTRICT NO. 417 Director District No. 4,Sandy R Hayes,BOTHELL 48,1807,61
NORTHSHORE SCHOOL DISTRICT NO. 417 Director District No. 4,Sehaj Dhaliwal,BOTHELL 48,1807,25
NORTHSHORE SCHOOL DISTRICT NO. 417 Director District No. 4,JoAnn Tolentino,BOTHELL 48,1807,33
NORTHSHORE SCHOOL DISTRICT NO. 417 Director District No. 4,WRITE-IN,BOTHELL 48,1807,0
NORTHSHORE SCHOOL DISTRICT NO. 417 Director District No. 4,Sandy R Hayes,BEAR CREEK(*),4009,0
NORTHSHORE SCHOOL DISTRICT NO. 417 Director District No. 4,Sehaj Dhaliwal,BEAR CREEK(*),4009,0
NORTHSHORE SCHOOL DISTRICT NO. 417 Director District No. 4,JoAnn Tolentino,BEAR CREEK(*),4009,0
NORTHSHORE SCHOOL DISTRICT NO. 417 Director District No. 4,WRITE-IN,BEAR CREEK(*),4009,0
NORTHSHORE SCHOOL DISTRICT NO. 417 Director District No. 4,Sandy R Hayes,NORTH CREEK(*),4065,0
NORTHSHORE SCHOOL DISTRICT NO. 417 Director District No. 4,Sehaj Dhaliwal,NORTH CREEK(*),4065,0
NORTHSHORE SCHOOL DISTRICT NO. 417 Director District No. 4,JoAnn Tolentino,NORTH CREEK(*),4065,0
NORTHSHORE SCHOOL DISTRICT NO. 417 Director District No. 4,WRITE-IN,NORTH CREEK(*),4065,0
NORTHSHORE SCHOOL DISTRICT NO. 417 Director District No. 4,Sandy R Hayes,LOCUST,4078,86
NORTHSHORE SCHOOL DISTRICT NO. 417 Director District No. 4,Sehaj Dhaliwal,LOCUST,4078,26
NORTHSHORE SCHOOL DISTRICT NO. 417 Director District No. 4,JoAnn Tolentino,LOCUST,4078,38
NORTHSHORE SCHOOL DISTRICT NO. 417 Director District No. 4,WRITE-IN,LOCUST,4078,0
NORTHSHORE SCHOOL DISTRICT NO. 417 Director District No. 4,Sandy R Hayes,MERIDIAN,4136,99
NORTHSHORE SCHOOL DISTRICT NO. 417 Director District No. 4,Sehaj Dhaliwal,MERIDIAN,4136,18
NORTHSHORE SCHOOL DISTRICT NO. 417 Director District No. 4,JoAnn Tolentino,MERIDIAN,4136,47
NORTHSHORE SCHOOL DISTRICT NO. 417 Director District No. 4,WRITE-IN,MERIDIAN,4136,0
NORTHSHORE SCHOOL DISTRICT NO. 417 Director District No. 4,Sandy R Hayes,ELWOOD,4165,85
NORTHSHORE SCHOOL DISTRICT NO. 417 Director District No. 4,Sehaj Dhaliwal,ELWOOD,4165,34
NORTHSHORE SCHOOL DISTRICT NO. 417 Director District No. 4,JoAnn Tolentino,ELWOOD,4165,33
NORTHSHORE SCHOOL DISTRICT NO. 417 Director District No. 4,WRITE-IN,ELWOOD,4165,1
NORTHSHORE SCHOOL DISTRICT NO. 417 Director District No. 4,Sandy R Hayes,MINOR,4170,102
NORTHSHORE SCHOOL DISTRICT NO. 417 Director District No. 4,Sehaj Dhaliwal,MINOR,4170,23
NORTHSHORE SCHOOL DISTRICT NO. 417 Director District No. 4,JoAnn Tolentino,MINOR,4170,71
NORTHSHORE SCHOOL DISTRICT NO. 417 Director District No. 4,WRITE-IN,MINOR,4170,0
NORTHSHORE SCHOOL DISTRICT NO. 417 Director District No. 4,Sandy R Hayes,ATLAS,4177,116
NORTHSHORE SCHOOL DISTRICT NO. 417 Director District No. 4,Sehaj Dhaliwal,ATLAS,4177,40
NORTHSHORE SCHOOL DISTRICT NO. 417 Director District No. 4,JoAnn Tolentino,ATLAS,4177,49
NORTHSHORE SCHOOL DISTRICT NO. 417 Director District No. 4,WRITE-IN,ATLAS,4177,1
NORTHSHORE SCHOOL DISTRICT NO. 417 Director District No. 4,Sandy R Hayes,WAXON,4213,80
NORTHSHORE SCHOOL DISTRICT NO. 417 Director District No. 4,Sehaj Dhaliwal,WAXON,4213,36
NORTHSHORE SCHOOL DISTRICT NO. 417 Director District No. 4,JoAnn Tolentino,WAXON,4213,41
NORTHSHORE SCHOOL DISTRICT NO. 417 Director District No. 4,WRITE-IN,WAXON,4213,0
NORTHSHORE SCHOOL DISTRICT NO. 417 Director District No. 4,Sandy R Hayes,GRANNIS,4266,93
NORTHSHORE SCHOOL DISTRICT NO. 417 Director District No. 4,Sehaj Dhaliwal,GRANNIS,4266,39
NORTHSHORE SCHOOL DISTRICT NO. 417 Director District No. 4,JoAnn Tolentino,GRANNIS,4266,51
NORTHSHORE SCHOOL DISTRICT NO. 417 Director District No. 4,WRITE-IN,GRANNIS,4266,0
NORTHSHORE SCHOOL DISTRICT NO. 417 Director District No. 4,Sandy R Hayes,WOODLAND,4273,45
NORTHSHORE SCHOOL DISTRICT NO. 417 Director District No. 4,Sehaj Dhaliwal,WOODLAND,4273,17
NORTHSHORE SCHOOL DISTRICT NO. 417 Director District No. 4,JoAnn Tolentino,WOODLAND,4273,26
NORTHSHORE SCHOOL DISTRICT NO. 417 Director District No. 4,WRITE-IN,WOODLAND,4273,0
NORTHSHORE SCHOOL DISTRICT NO. 417 Director District No. 4,Sandy R Hayes,CREEK,4283,95
NORTHSHORE SCHOOL DISTRICT NO. 417 Director District No. 4,Sehaj Dhaliwal,CREEK,4283,16
NORTHSHORE SCHOOL DISTRICT NO. 417 Director District No. 4,JoAnn Tolentino,CREEK,4283,45
NORTHSHORE SCHOOL DISTRICT NO. 417 Director District No. 4,WRITE-IN,CREEK,4283,0
NORTHSHORE SCHOOL DISTRICT NO. 417 Director District No. 4,Sandy R Hayes,CRYSTAL,4284,95
NORTHSHORE SCHOOL DISTRICT NO. 417 Director District No. 4,Sehaj Dhaliwal,CRYSTAL,4284,24
NORTHSHORE SCHOOL DISTRICT NO. 417 Director District No. 4,JoAnn Tolentino,CRYSTAL,4284,37
NORTHSHORE SCHOOL DISTRICT NO. 417 Director District No. 4,WRITE-IN,CRYSTAL,4284,0
NORTHSHORE SCHOOL DISTRICT NO. 417 Director District No. 4,Sandy R Hayes,THRASHERS,4324,20
NORTHSHORE SCHOOL DISTRICT NO. 417 Director District No. 4,Sehaj Dhaliwal,THRASHERS,4324,15
NORTHSHORE SCHOOL DISTRICT NO. 417 Director District No. 4,JoAnn Tolentino,THRASHERS,4324,9
NORTHSHORE SCHOOL DISTRICT NO. 417 Director District No. 4,WRITE-IN,THRASHERS,4324,0
NORTHSHORE SCHOOL DISTRICT NO. 417 Director District No. 4,Sandy R Hayes,WELLINGTON,4333,142
NORTHSHORE SCHOOL DISTRICT NO. 417 Director District No. 4,Sehaj Dhaliwal,WELLINGTON,4333,43
NORTHSHORE SCHOOL DISTRICT NO. 417 Director District No. 4,JoAnn Tolentino,WELLINGTON,4333,87
NORTHSHORE SCHOOL DISTRICT NO. 417 Director District No. 4,WRITE-IN,WELLINGTON,4333,1
NORTHSHORE SCHOOL DISTRICT NO. 417 Director District No. 4,Sandy R Hayes,WITHERS,4338,61
NORTHSHORE SCHOOL DISTRICT NO. 417 Director District No. 4,Sehaj Dhaliwal,WITHERS,4338,45
NORTHSHORE SCHOOL DISTRICT NO. 417 Director District No. 4,JoAnn Tolentino,WITHERS,4338,35
NORTHSHORE SCHOOL DISTRICT NO. 417 Director District No. 4,WRITE-IN,WITHERS,4338,0
NORTHSHORE SCHOOL DISTRICT NO. 417 Director District No. 4,Sandy R Hayes,ECHO LAKE(*),4372,0
NORTHSHORE SCHOOL DISTRICT NO. 417 Director District No. 4,Sehaj Dhaliwal,ECHO LAKE(*),4372,0
NORTHSHORE SCHOOL DISTRICT NO. 417 Director District No. 4,JoAnn Tolentino,ECHO LAKE(*),4372,0
NORTHSHORE SCHOOL DISTRICT NO. 417 Director District No. 4,WRITE-IN,ECHO LAKE(*),4372,0
NORTHSHORE SCHOOL DISTRICT NO. 417 Director District No. 4,Sandy R Hayes,BOSTIAN,4387,63
NORTHSHORE SCHOOL DISTRICT NO. 417 Director District No. 4,Sehaj Dhaliwal,BOSTIAN,4387,23
NORTHSHORE SCHOOL DISTRICT NO. 417 Director District No. 4,JoAnn Tolentino,BOSTIAN,4387,49
NORTHSHORE SCHOOL DISTRICT NO. 417 Director District No. 4,WRITE-IN,BOSTIAN,4387,0
NORTHSHORE SCHOOL DISTRICT NO. 417 Director District No. 4,Sandy R Hayes,MAPLEWOOD,4426,73
NORTHSHORE SCHOOL DISTRICT NO. 417 Director District No. 4,Sehaj Dhaliwal,MAPLEWOOD,4426,30
NORTHSHORE SCHOOL DISTRICT NO. 417 Director District No. 4,JoAnn Tolentino,MAPLEWOOD,4426,49
NORTHSHORE SCHOOL DISTRICT NO. 417 Director District No. 4,WRITE-IN,MAPLEWOOD,4426,0
NORTHSHORE SCHOOL DISTRICT NO. 417 Director District No. 4,Sandy R Hayes,DAMSON,4446,132
NORTHSHORE SCHOOL DISTRICT NO. 417 Director District No. 4,Sehaj Dhaliwal,DAMSON,4446,39
NORTHSHORE SCHOOL DISTRICT NO. 417 Director District No. 4,JoAnn Tolentino,DAMSON,4446,45
NORTHSHORE SCHOOL DISTRICT NO. 417 Director District No. 4,WRITE-IN,DAMSON,4446,2
NORTHSHORE SCHOOL DISTRICT NO. 417 Director District No. 4,Sandy R Hayes,PARKSHORE,4479,70
NORTHSHORE SCHOOL DISTRICT NO. 417 Director District No. 4,Sehaj Dhaliwal,PARKSHORE,4479,23
NORTHSHORE SCHOOL DISTRICT NO. 417 Director District No. 4,JoAnn Tolentino,PARKSHORE,4479,23
NORTHSHORE SCHOOL DISTRICT NO. 417 Director District No. 4,WRITE-IN,PARKSHORE,4479,0
NORTHSHORE SCHOOL DISTRICT NO. 417 Director District No. 4,Sandy R Hayes,STAFFORD,4484,81
NORTHSHORE SCHOOL DISTRICT NO. 417 Director District No. 4,Sehaj Dhaliwal,STAFFORD,4484,16
NORTHSHORE SCHOOL DISTRICT NO. 417 Director District No. 4,JoAnn Tolentino,STAFFORD,4484,38
NORTHSHORE SCHOOL DISTRICT NO. 417 Director District No. 4,WRITE-IN,STAFFORD,4484,0
NORTHSHORE SCHOOL DISTRICT NO. 417 Director District No. 4,Sandy R Hayes,FILBERT,4527,86
NORTHSHORE SCHOOL DISTRICT NO. 417 Director District No. 4,Sehaj Dhaliwal,FILBERT,4527,44
NORTHSHORE SCHOOL DISTRICT NO. 417 Director District No. 4,JoAnn Tolentino,FILBERT,4527,49
NORTHSHORE SCHOOL DISTRICT NO. 417 Director District No. 4,WRITE-IN,FILBERT,4527,0
NORTHSHORE SCHOOL DISTRICT NO. 417 Director District No. 4,Sandy R Hayes,KOKANEE,4535,73
NORTHSHORE SCHOOL DISTRICT NO. 417 Director District No. 4,Sehaj Dhaliwal,KOKANEE,4535,18
NORTHSHORE SCHOOL DISTRICT NO. 417 Director District No. 4,JoAnn Tolentino,KOKANEE,4535,50
NORTHSHORE SCHOOL DISTRICT NO. 417 Director District No. 4,WRITE-IN,KOKANEE,4535,3
NORTHSHORE SCHOOL DISTRICT NO. 417 Director District No. 4,Sandy R Hayes,REDHAWK,4552,39
NORTHSHORE SCHOOL DISTRICT NO. 417 Director District No. 4,Sehaj Dhaliwal,REDHAWK,4552,14
NORTHSHORE SCHOOL DISTRICT NO. 417 Director District No. 4,JoAnn Tolentino,REDHAWK,4552,27
NORTHSHORE SCHOOL DISTRICT NO. 417 Director District No. 4,WRITE-IN,REDHAWK,4552,1
NORTHSHORE SCHOOL DISTRICT NO. 417 Director District No. 4,Sandy R Hayes,WANDERING CREEK,4596,106
NORTHSHORE SCHOOL DISTRICT NO. 417 Director District No. 4,Sehaj Dhaliwal,WANDERING CREEK,4596,18
NORTHSHORE SCHOOL DISTRICT NO. 417 Director District No. 4,JoAnn Tolentino,WANDERING CREEK,4596,61
NORTHSHORE SCHOOL DISTRICT NO. 417 Director District No. 4,WRITE-IN,WANDERING CREEK,4596,0
NORTHSHORE SCHOOL DISTRICT NO. 417 Director District No. 4,Sandy R Hayes,KENNARD,4639,66
NORTHSHORE SCHOOL DISTRICT NO. 417 Director District No. 4,Sehaj Dhaliwal,KENNARD,4639,20
NORTHSHORE SCHOOL DISTRICT NO. 417 Director District No. 4,JoAnn Tolentino,KENNARD,4639,30
NORTHSHORE SCHOOL DISTRICT NO. 417 Director District No. 4,WRITE-IN,KENNARD,4639,0
NORTHSHORE SCHOOL DISTRICT NO. 417 Director District No. 4,Sandy R Hayes,GLENBAR,4646,57
NORTHSHORE SCHOOL DISTRICT NO. 417 Director District No. 4,Sehaj Dhaliwal,GLENBAR,4646,25
NORTHSHORE SCHOOL DISTRICT NO. 417 Director District No. 4,JoAnn Tolentino,GLENBAR,4646,33
NORTHSHORE SCHOOL DISTRICT NO. 417 Director District No. 4,WRITE-IN,GLENBAR,4646,3
NORTHSHORE SCHOOL DISTRICT NO. 417 Director District No. 4,Sandy R Hayes,OLDMARK,4656,46
NORTHSHORE SCHOOL DISTRICT NO. 417 Director District No. 4,Sehaj Dhaliwal,OLDMARK,4656,33
NORTHSHORE SCHOOL DISTRICT NO. 417 Director District No. 4,JoAnn Tolentino,OLDMARK,4656,33
NORTHSHORE SCHOOL DISTRICT NO. 417 Director District No. 4,WRITE-IN,OLDMARK,4656,0
NORTHSHORE SCHOOL DISTRICT NO. 417 Director District No. 4,Sandy R Hayes,KINGMAN,4685,69
NORTHSHORE SCHOOL DISTRICT NO. 417 Director District No. 4,Sehaj Dhaliwal,KINGMAN,4685,37
NORTHSHORE SCHOOL DISTRICT NO. 417 Director District No. 4,JoAnn Tolentino,KINGMAN,4685,16
NORTHSHORE SCHOOL DISTRICT NO. 417 Director District No. 4,WRITE-IN,KINGMAN,4685,0
NORTHSHORE SCHOOL DISTRICT NO. 417 Director District No. 4,Sandy R Hayes,CRYSTAL CREEK,4691,26
NORTHSHORE SCHOOL DISTRICT NO. 417 Director District No. 4,Sehaj Dhaliwal,CRYSTAL CREEK,4691,21
NORTHSHORE SCHOOL DISTRICT NO. 417 Director District No. 4,JoAnn Tolentino,CRYSTAL CREEK,4691,25
NORTHSHORE SCHOOL DISTRICT NO. 417 Director District No. 4,WRITE-IN,CRYSTAL CREEK,4691,0
NORTHSHORE SCHOOL DISTRICT NO. 417 Director District No. 4,Sandy R Hayes,POPPY,4707,51
NORTHSHORE SCHOOL DISTRICT NO. 417 Director District No. 4,Sehaj Dhaliwal,POPPY,4707,11
NORTHSHORE SCHOOL DISTRICT NO. 417 Director District No. 4,JoAnn Tolentino,POPPY,4707,25
NORTHSHORE SCHOOL DISTRICT NO. 417 Director District No. 4,WRITE-IN,POPPY,4707,0
NORTHSHORE SCHOOL DISTRICT NO. 417 Director District No. 4,Sandy R Hayes,BELLEMONT,4762,84
NORTHSHORE SCHOOL DISTRICT NO. 417 Director District No. 4,Sehaj Dhaliwal,BELLEMONT,4762,43
NORTHSHORE SCHOOL DISTRICT NO. 417 Director District No. 4,JoAnn Tolentino,BELLEMONT,4762,47
NORTHSHORE SCHOOL DISTRICT NO. 417 Director District No. 4,WRITE-IN,BELLEMONT,4762,0
NORTHSHORE SCHOOL DISTRICT NO. 417 Director District No. 4,Sandy R Hayes,JEWELL,4803,84
NORTHSHORE SCHOOL DISTRICT NO. 417 Director District No. 4,Sehaj Dhaliwal,JEWELL,4803,26
NORTHSHORE SCHOOL DISTRICT NO. 417 Director District No. 4,JoAnn Tolentino,JEWELL,4803,37
NORTHSHORE SCHOOL DISTRICT NO. 417 Director District No. 4,WRITE-IN,JEWELL,4803,0
NORTHSHORE SCHOOL DISTRICT NO. 417 Director District No. 4,Sandy R Hayes,NORTH GRIFFIS,4813,54
NORTHSHORE SCHOOL DISTRICT NO. 417 Director District No. 4,Sehaj Dhaliwal,NORTH GRIFFIS,4813,27
NORTHSHORE SCHOOL DISTRICT NO. 417 Director District No. 4,JoAnn Tolentino,NORTH GRIFFIS,4813,26
NORTHSHORE SCHOOL DISTRICT NO. 417 Director District No. 4,WRITE-IN,NORTH GRIFFIS,4813,0
NORTHSHORE SCHOOL DISTRICT NO. 417 Director District No. 4,Sandy R Hayes,PARKLANE,4822,69
NORTHSHORE SCHOOL DISTRICT NO. 417 Director District No. 4,Sehaj Dhaliwal,PARKLANE,4822,16
NORTHSHORE SCHOOL DISTRICT NO. 417 Director District No. 4,JoAnn Tolentino,PARKLANE,4822,22
NORTHSHORE SCHOOL DISTRICT NO. 417 Director District No. 4,WRITE-IN,PARKLANE,4822,0
NORTHSHORE SCHOOL DISTRICT NO. 417 Director District No. 4,Sandy R Hayes,GRIMES,4826,17
NORTHSHORE SCHOOL DISTRICT NO. 417 Director District No. 4,Sehaj Dhaliwal,GRIMES,4826,11
NORTHSHORE SCHOOL DISTRICT NO. 417 Director District No. 4,JoAnn Tolentino,GRIMES,4826,23
NORTHSHORE SCHOOL DISTRICT NO. 417 Director District No. 4,WRITE-IN,GRIMES,4826,0
NORTHSHORE SCHOOL DISTRICT NO. 417 Director District No. 4,Sandy R Hayes,SINCLAIR,4841,85
NORTHSHORE SCHOOL DISTRICT NO. 417 Director District No. 4,Sehaj Dhaliwal,SINCLAIR,4841,45
NORTHSHORE SCHOOL DISTRICT NO. 417 Director District No. 4,JoAnn Tolentino,SINCLAIR,4841,25
NORTHSHORE SCHOOL DISTRICT NO. 417 Director District No. 4,WRITE-IN,SINCLAIR,4841,0
NORTHSHORE SCHOOL DISTRICT NO. 417 Director District No. 5,Kimberlee Kelly,Total,-1,5267
NORTHSHORE SCHOOL DISTRICT NO. 417 Director District No. 5,Holly Muenchow,Total,-1,949
NORTHSHORE SCHOOL DISTRICT NO. 417 Director District No. 5,Lynda Schram,Total,-1,2097
NORTHSHORE SCHOOL DISTRICT NO. 417 Director District No. 5,WRITE-IN,Total,-1,14
NORTHSHORE SCHOOL DISTRICT NO. 417 Director District No. 5,Kimberlee Kelly,BRIER 2,1180,114
NORTHSHORE SCHOOL DISTRICT NO. 417 Director District No. 5,Holly Muenchow,BRIER 2,1180,8
NORTHSHORE SCHOOL DISTRICT NO. 417 Director District No. 5,Lynda Schram,BRIER 2,1180,40
NORTHSHORE SCHOOL DISTRICT NO. 417 Director District No. 5,WRITE-IN,BRIER 2,1180,0
NORTHSHORE SCHOOL DISTRICT NO. 417 Director District No. 5,Kimberlee Kelly,BRIER 6,1343,109
NORTHSHORE SCHOOL DISTRICT NO. 417 Director District No. 5,Holly Muenchow,BRIER 6,1343,4
NORTHSHORE SCHOOL DISTRICT NO. 417 Director District No. 5,Lynda Schram,BRIER 6,1343,38
NORTHSHORE SCHOOL DISTRICT NO. 417 Director District No. 5,WRITE-IN,BRIER 6,1343,0
NORTHSHORE SCHOOL DISTRICT NO. 417 Director District No. 5,Kimberlee Kelly,BOTHELL 31,1598,130
NORTHSHORE SCHOOL DISTRICT NO. 417 Director District No. 5,Holly Muenchow,BOTHELL 31,1598,29
NORTHSHORE SCHOOL DISTRICT NO. 417 Director District No. 5,Lynda Schram,BOTHELL 31,1598,69
NORTHSHORE SCHOOL DISTRICT NO. 417 Director District No. 5,WRITE-IN,BOTHELL 31,1598,0
NORTHSHORE SCHOOL DISTRICT NO. 417 Director District No. 5,Kimberlee Kelly,BOTHELL 32,1599,87
NORTHSHORE SCHOOL DISTRICT NO. 417 Director District No. 5,Holly Muenchow,BOTHELL 32,1599,14
NORTHSHORE SCHOOL DISTRICT NO. 417 Director District No. 5,Lynda Schram,BOTHELL 32,1599,29
NORTHSHORE SCHOOL DISTRICT NO. 417 Director District No. 5,WRITE-IN,BOTHELL 32,1599,1
NORTHSHORE SCHOOL DISTRICT NO. 417 Director District No. 5,Kimberlee Kelly,BOTHELL 33,1600,114
NORTHSHORE SCHOOL DISTRICT NO. 417 Director District No. 5,Holly Muenchow,BOTHELL 33,1600,34
NORTHSHORE SCHOOL DISTRICT NO. 417 Director District No. 5,Lynda Schram,BOTHELL 33,1600,44
NORTHSHORE SCHOOL DISTRICT NO. 417 Director District No. 5,WRITE-IN,BOTHELL 33,1600,0
NORTHSHORE SCHOOL DISTRICT NO. 417 Director District No. 5,Kimberlee Kelly,BOTHELL 34,1601,150
NORTHSHORE SCHOOL DISTRICT NO. 417 Director District No. 5,Holly Muenchow,BOTHELL 34,1601,33
NORTHSHORE SCHOOL DISTRICT NO. 417 Director District No. 5,Lynda Schram,BOTHELL 34,1601,53
NORTHSHORE SCHOOL DISTRICT NO. 417 Director District No. 5,WRITE-IN,BOTHELL 34,1601,1
NORTHSHORE SCHOOL DISTRICT NO. 417 Director District No. 5,Kimberlee Kelly,BOTHELL 35,1602,90
NORTHSHORE SCHOOL DISTRICT NO. 417 Director District No. 5,Holly Muenchow,BOTHELL 35,1602,16
NORTHSHORE SCHOOL DISTRICT NO. 417 Director District No. 5,Lynda Schram,BOTHELL 35,1602,41
NORTHSHORE SCHOOL DISTRICT NO. 417 Director District No. 5,WRITE-IN,BOTHELL 35,1602,0
NORTHSHORE SCHOOL DISTRICT NO. 417 Director District No. 5,Kimberlee Kelly,BOTHELL 36,1603,88
NORTHSHORE SCHOOL DISTRICT NO. 417 Director District No. 5,Holly Muenchow,BOTHELL 36,1603,24
NORTHSHORE SCHOOL DISTRICT NO. 417 Director District No. 5,Lynda Schram,BOTHELL 36,1603,35
NORTHSHORE SCHOOL DISTRICT NO. 417 Director District No. 5,WRITE-IN,BOTHELL 36,1603,1
NORTHSHORE SCHOOL DISTRICT NO. 417 Director District No. 5,Kimberlee Kelly,BOTHELL 37,1604,120
NORTHSHORE SCHOOL DISTRICT NO. 417 Director District No. 5,Holly Muenchow,BOTHELL 37,1604,21
NORTHSHORE SCHOOL DISTRICT NO. 417 Director District No. 5,Lynda Schram,BOTHELL 37,1604,40
NORTHSHORE SCHOOL DISTRICT NO. 417 Director District No. 5,WRITE-IN,BOTHELL 37,1604,0
NORTHSHORE SCHOOL DISTRICT NO. 417 Director District No. 5,Kimberlee Kelly,BOTHELL 38,1605,122
NORTHSHORE SCHOOL DISTRICT NO. 417 Director District No. 5,Holly Muenchow,BOTHELL 38,1605,18
NORTHSHORE SCHOOL DISTRICT NO. 417 Director District No. 5,Lynda Schram,BOTHELL 38,1605,34
NORTHSHORE SCHOOL DISTRICT NO. 417 Director District No. 5,WRITE-IN,BOTHELL 38,1605,0
NORTHSHORE SCHOOL DISTRICT NO. 417 Director District No. 5,Kimberlee Kelly,BOTHELL 39,1606,104
NORTHSHORE SCHOOL DISTRICT NO. 417 Director District No. 5,Holly Muenchow,BOTHELL 39,1606,8
NORTHSHORE SCHOOL DISTRICT NO. 417 Director District No. 5,Lynda Schram,BOTHELL 39,1606,34
NORTHSHORE SCHOOL DISTRICT NO. 417 Director District No. 5,WRITE-IN,BOTHELL 39,1606,0
NORTHSHORE SCHOOL DISTRICT NO. 417 Director District No. 5,Kimberlee Kelly,BOTHELL 40,1607,130
NORTHSHORE SCHOOL DISTRICT NO. 417 Director District No. 5,Holly Muenchow,BOTHELL 40,1607,20
NORTHSHORE SCHOOL DISTRICT NO. 417 Director District No. 5,Lynda Schram,BOTHELL 40,1607,60
NORTHSHORE SCHOOL DISTRICT NO. 417 Director District No. 5,WRITE-IN,BOTHELL 40,1607,0
NORTHSHORE SCHOOL DISTRICT NO. 417 Director District No. 5,Kimberlee Kelly,BOTHELL 41,1608,139
NORTHSHORE SCHOOL DISTRICT NO. 417 Director District No. 5,Holly Muenchow,BOTHELL 41,1608,23
NORTHSHORE SCHOOL DISTRICT NO. 417 Director District No. 5,Lynda Schram,BOTHELL 41,1608,45
NORTHSHORE SCHOOL DISTRICT NO. 417 Director District No. 5,WRITE-IN,BOTHELL 41,1608,1
NORTHSHORE SCHOOL DISTRICT NO. 417 Director District No. 5,Kimberlee Kelly,BOTHELL 42,1609,145
NORTHSHORE SCHOOL DISTRICT NO. 417 Director District No. 5,Holly Muenchow,BOTHELL 42,1609,21
NORTHSHORE SCHOOL DISTRICT NO. 417 Director District No. 5,Lynda Schram,BOTHELL 42,1609,52
NORTHSHORE SCHOOL DISTRICT NO. 417 Director District No. 5,WRITE-IN,BOTHELL 42,1609,0
NORTHSHORE SCHOOL DISTRICT NO. 417 Director District No. 5,Kimberlee Kelly,BOTHELL 43,1610,107
NORTHSHORE SCHOOL DISTRICT NO. 417 Director District No. 5,Holly Muenchow,BOTHELL 43,1610,18
NORTHSHORE SCHOOL DISTRICT NO. 417 Director District No. 5,Lynda Schram,BOTHELL 43,1610,51
NORTHSHORE SCHOOL DISTRICT NO. 417 Director District No. 5,WRITE-IN,BOTHELL 43,1610,0
NORTHSHORE SCHOOL DISTRICT NO. 417 Director District No. 5,Kimberlee Kelly,BOTHELL 44,1611,79
NORTHSHORE SCHOOL DISTRICT NO. 417 Director District No. 5,Holly Muenchow,BOTHELL 44,1611,21
NORTHSHORE SCHOOL DISTRICT NO. 417 Director District No. 5,Lynda Schram,BOTHELL 44,1611,43
NORTHSHORE SCHOOL DISTRICT NO. 417 Director District No. 5,WRITE-IN,BOTHELL 44,1611,1
NORTHSHORE SCHOOL DISTRICT NO. 417 Director District No. 5,Kimberlee Kelly,BOTHELL 45,1612,73
NORTHSHORE SCHOOL DISTRICT NO. 417 Director District No. 5,Holly Muenchow,BOTHELL 45,1612,9
NORTHSHORE SCHOOL DISTRICT NO. 417 Director District No. 5,Lynda Schram,BOTHELL 45,1612,17
NORTHSHORE SCHOOL DISTRICT NO. 417 Director District No. 5,WRITE-IN,BOTHELL 45,1612,1
NORTHSHORE SCHOOL DISTRICT NO. 417 Director District No. 5,Kimberlee Kelly,BOTHELL 46,1613,113
NORTHSHORE SCHOOL DISTRICT NO. 417 Director District No. 5,Holly Muenchow,BOTHELL 46,1613,22
NORTHSHORE SCHOOL DISTRICT NO. 417 Director District No. 5,Lynda Schram,BOTHELL 46,1613,52
NORTHSHORE SCHOOL DISTRICT NO. 417 Director District No. 5,WRITE-IN,BOTHELL 46,1613,0
NORTHSHORE SCHOOL DISTRICT NO. 417 Director District No. 5,Kimberlee Kelly,BOTHELL 47,1644,113
NORTHSHORE SCHOOL DISTRICT NO. 417 Director District No. 5,Holly Muenchow,BOTHELL 47,1644,19
NORTHSHORE SCHOOL DISTRICT NO. 417 Director District No. 5,Lynda Schram,BOTHELL 47,1644,46
NORTHSHORE SCHOOL DISTRICT NO. 417 Director District No. 5,WRITE-IN,BOTHELL 47,1644,0
NORTHSHORE SCHOOL DISTRICT NO. 417 Director District No. 5,Kimberlee Kelly,BOTHELL 48,1807,75
NORTHSHORE SCHOOL DISTRICT NO. 417 Director District No. 5,Holly Muenchow,BOTHELL 48,1807,10
NORTHSHORE SCHOOL DISTRICT NO. 417 Director District No. 5,Lynda Schram,BOTHELL 48,1807,33
NORTHSHORE SCHOOL DISTRICT NO. 417 Director District No. 5,WRITE-IN,BOTHELL 48,1807,0
NORTHSHORE SCHOOL DISTRICT NO. 417 Director District No. 5,Kimberlee Kelly,BEAR CREEK,4009,60
NORTHSHORE SCHOOL DISTRICT NO. 417 Director District No. 5,Holly Muenchow,BEAR CREEK,4009,18
NORTHSHORE SCHOOL DISTRICT NO. 417 Director District No. 5,Lynda Schram,BEAR CREEK,4009,43
NORTHSHORE SCHOOL DISTRICT NO. 417 Director District No. 5,WRITE-IN,BEAR CREEK,4009,2
NORTHSHORE SCHOOL DISTRICT NO. 417 Director District No. 5,Kimberlee Kelly,NORTH CREEK,4065,7
NORTHSHORE SCHOOL DISTRICT NO. 417 Director District No. 5,Holly Muenchow,NORTH CREEK,4065,4
NORTHSHORE SCHOOL DISTRICT NO. 417 Director District No. 5,Lynda Schram,NORTH CREEK,4065,0
NORTHSHORE SCHOOL DISTRICT NO. 417 Director District No. 5,WRITE-IN,NORTH CREEK,4065,0
NORTHSHORE SCHOOL DISTRICT NO. 417 Director District No. 5,Kimberlee Kelly,LOCUST,4078,99
NORTHSHORE SCHOOL DISTRICT NO. 417 Director District No. 5,Holly Muenchow,LOCUST,4078,18
NORTHSHORE SCHOOL DISTRICT NO. 417 Director District No. 5,Lynda Schram,LOCUST,4078,33
NORTHSHORE SCHOOL DISTRICT NO. 417 Director District No. 5,WRITE-IN,LOCUST,4078,0
NORTHSHORE SCHOOL DISTRICT NO. 417 Director District No. 5,Kimberlee Kelly,MERIDIAN,4136,105
NORTHSHORE SCHOOL DISTRICT NO. 417 Director District No. 5,Holly Muenchow,MERIDIAN,4136,18
NORTHSHORE SCHOOL DISTRICT NO. 417 Director District No. 5,Lynda Schram,MERIDIAN,4136,40
NORTHSHORE SCHOOL DISTRICT NO. 417 Director District No. 5,WRITE-IN,MERIDIAN,4136,0
NORTHSHORE SCHOOL DISTRICT NO. 417 Director District No. 5,Kimberlee Kelly,ELWOOD,4165,108
NORTHSHORE SCHOOL DISTRICT NO. 417 Director District No. 5,Holly Muenchow,ELWOOD,4165,16
NORTHSHORE SCHOOL DISTRICT NO. 417 Director District No. 5,Lynda Schram,ELWOOD,4165,28
NORTHSHORE SCHOOL DISTRICT NO. 417 Director District No. 5,WRITE-IN,ELWOOD,4165,1
NORTHSHORE SCHOOL DISTRICT NO. 417 Director District No. 5,Kimberlee Kelly,MINOR,4170,110
NORTHSHORE SCHOOL DISTRICT NO. 417 Director District No. 5,Holly Muenchow,MINOR,4170,10
NORTHSHORE SCHOOL DISTRICT NO. 417 Director District No. 5,Lynda Schram,MINOR,4170,76
NORTHSHORE SCHOOL DISTRICT NO. 417 Director District No. 5,WRITE-IN,MINOR,4170,0
NORTHSHORE SCHOOL DISTRICT NO. 417 Director District No. 5,Kimberlee Kelly,ATLAS,4177,129
NORTHSHORE SCHOOL DISTRICT NO. 417 Director District No. 5,Holly Muenchow,ATLAS,4177,31
NORTHSHORE SCHOOL DISTRICT NO. 417 Director District No. 5,Lynda Schram,ATLAS,4177,40
NORTHSHORE SCHOOL DISTRICT NO. 417 Director District No. 5,WRITE-IN,ATLAS,4177,1
NORTHSHORE SCHOOL DISTRICT NO. 417 Director District No. 5,Kimberlee Kelly,WAXON,4213,98
NORTHSHORE SCHOOL DISTRICT NO. 417 Director District No. 5,Holly Muenchow,WAXON,4213,22
NORTHSHORE SCHOOL DISTRICT NO. 417 Director District No. 5,Lynda Schram,WAXON,4213,35
NORTHSHORE SCHOOL DISTRICT NO. 417 Director District No. 5,WRITE-IN,WAXON,4213,0
NORTHSHORE SCHOOL DISTRICT NO. 417 Director District No. 5,Kimberlee Kelly,GRANNIS,4266,113
NORTHSHORE SCHOOL DISTRICT NO. 417 Director District No. 5,Holly Muenchow,GRANNIS,4266,20
NORTHSHORE SCHOOL DISTRICT NO. 417 Director District No. 5,Lynda Schram,GRANNIS,4266,52
NORTHSHORE SCHOOL DISTRICT NO. 417 Director District No. 5,WRITE-IN,GRANNIS,4266,0
NORTHSHORE SCHOOL DISTRICT NO. 417 Director District No. 5,Kimberlee Kelly,WOODLAND,4273,50
NORTHSHORE SCHOOL DISTRICT NO. 417 Director District No. 5,Holly Muenchow,WOODLAND,4273,12
NORTHSHORE SCHOOL DISTRICT NO. 417 Director District No. 5,Lynda Schram,WOODLAND,4273,26
NORTHSHORE SCHOOL DISTRICT NO. 417 Director District No. 5,WRITE-IN,WOODLAND,4273,0
NORTHSHORE SCHOOL DISTRICT NO. 417 Director District No. 5,Kimberlee Kelly,CREEK,4283,102
NORTHSHORE SCHOOL DISTRICT NO. 417 Director District No. 5,Holly Muenchow,CREEK,4283,16
NORTHSHORE SCHOOL DISTRICT NO. 417 Director District No. 5,Lynda Schram,CREEK,4283,39
NORTHSHORE SCHOOL DISTRICT NO. 417 Director District No. 5,WRITE-IN,CREEK,4283,0
NORTHSHORE SCHOOL DISTRICT NO. 417 Director District No. 5,Kimberlee Kelly,CRYSTAL,4284,108
NORTHSHORE SCHOOL DISTRICT NO. 417 Director District No. 5,Holly Muenchow,CRYSTAL,4284,14
NORTHSHORE SCHOOL DISTRICT NO. 417 Director District No. 5,Lynda Schram,CRYSTAL,4284,35
NORTHSHORE SCHOOL DISTRICT NO. 417 Director District No. 5,WRITE-IN,CRYSTAL,4284,0
NORTHSHORE SCHOOL DISTRICT NO. 417 Director District No. 5,Kimberlee Kelly,THRASHERS,4324,30
NORTHSHORE SCHOOL DISTRICT NO. 417 Director District No. 5,Holly Muenchow,THRASHERS,4324,5
NORTHSHORE SCHOOL DISTRICT NO. 417 Director District No. 5,Lynda Schram,THRASHERS,4324,9
NORTHSHORE SCHOOL DISTRICT NO. 417 Director District No. 5,WRITE-IN,THRASHERS,4324,0
NORTHSHORE SCHOOL DISTRICT NO. 417 Director District No. 5,Kimberlee Kelly,WELLINGTON,4333,167
NORTHSHORE SCHOOL DISTRICT NO. 417 Director District No. 5,Holly Muenchow,WELLINGTON,4333,29
NORTHSHORE SCHOOL DISTRICT NO. 417 Director District No. 5,Lynda Schram,WELLINGTON,4333,78
NORTHSHORE SCHOOL DISTRICT NO. 417 Director District No. 5,WRITE-IN,WELLINGTON,4333,0
NORTHSHORE SCHOOL DISTRICT NO. 417 Director District No. 5,Kimberlee Kelly,WITHERS(*),4338,0
NORTHSHORE SCHOOL DISTRICT NO. 417 Director District No. 5,Holly Muenchow,WITHERS(*),4338,0
NORTHSHORE SCHOOL DISTRICT NO. 417 Director District No. 5,Lynda Schram,WITHERS(*),4338,0
NORTHSHORE SCHOOL DISTRICT NO. 417 Director District No. 5,WRITE-IN,WITHERS(*),4338,0
NORTHSHORE SCHOOL DISTRICT NO. 417 Director District No. 5,Kimberlee Kelly,ECHO LAKE(*),4372,0
NORTHSHORE SCHOOL DISTRICT NO. 417 Director District No. 5,Holly Muenchow,ECHO LAKE(*),4372,0
NORTHSHORE SCHOOL DISTRICT NO. 417 Director District No. 5,Lynda Schram,ECHO LAKE(*),4372,0
NORTHSHORE SCHOOL DISTRICT NO. 417 Director District No. 5,WRITE-IN,ECHO LAKE(*),4372,0
NORTHSHORE SCHOOL DISTRICT NO. 417 Director District No. 5,Kimberlee Kelly,BOSTIAN,4387,70
NORTHSHORE SCHOOL DISTRICT NO. 417 Director District No. 5,Holly Muenchow,BOSTIAN,4387,9
NORTHSHORE SCHOOL DISTRICT NO. 417 Director District No. 5,Lynda Schram,BOSTIAN,4387,57
NORTHSHORE SCHOOL DISTRICT NO. 417 Director District No. 5,WRITE-IN,BOSTIAN,4387,0
NORTHSHORE SCHOOL DISTRICT NO. 417 Director District No. 5,Kimberlee Kelly,MAPLEWOOD,4426,77
NORTHSHORE SCHOOL DISTRICT NO. 417 Director District No. 5,Holly Muenchow,MAPLEWOOD,4426,26
NORTHSHORE SCHOOL DISTRICT NO. 417 Director District No. 5,Lynda Schram,MAPLEWOOD,4426,49
NORTHSHORE SCHOOL DISTRICT NO. 417 Director District No. 5,WRITE-IN,MAPLEWOOD,4426,0
NORTHSHORE SCHOOL DISTRICT NO. 417 Director District No. 5,Kimberlee Kelly,DAMSON,4446,138
NORTHSHORE SCHOOL DISTRICT NO. 417 Director District No. 5,Holly Muenchow,DAMSON,4446,32
NORTHSHORE SCHOOL DISTRICT NO. 417 Director District No. 5,Lynda Schram,DAMSON,4446,45
NORTHSHORE SCHOOL DISTRICT NO. 417 Director District No. 5,WRITE-IN,DAMSON,4446,1
NORTHSHORE SCHOOL DISTRICT NO. 417 Director District No. 5,Kimberlee Kelly,PARKSHORE,4479,78
NORTHSHORE SCHOOL DISTRICT NO. 417 Director District No. 5,Holly Muenchow,PARKSHORE,4479,12
NORTHSHORE SCHOOL DISTRICT NO. 417 Director District No. 5,Lynda Schram,PARKSHORE,4479,25
NORTHSHORE SCHOOL DISTRICT NO. 417 Director District No. 5,WRITE-IN,PARKSHORE,4479,0
NORTHSHORE SCHOOL DISTRICT NO. 417 Director District No. 5,Kimberlee Kelly,STAFFORD,4484,85
NORTHSHORE SCHOOL DISTRICT NO. 417 Director District No. 5,Holly Muenchow,STAFFORD,4484,14
NORTHSHORE SCHOOL DISTRICT NO. 417 Director District No. 5,Lynda Schram,STAFFORD,4484,34
NORTHSHORE SCHOOL DISTRICT NO. 417 Director District No. 5,WRITE-IN,STAFFORD,4484,0
NORTHSHORE SCHOOL DISTRICT NO. 417 Director District No. 5,Kimberlee Kelly,FILBERT,4527,117
NORTHSHORE SCHOOL DISTRICT NO. 417 Director District No. 5,Holly Muenchow,FILBERT,4527,17
NORTHSHORE SCHOOL DISTRICT NO. 417 Director District No. 5,Lynda Schram,FILBERT,4527,41
NORTHSHORE SCHOOL DISTRICT NO. 417 Director District No. 5,WRITE-IN,FILBERT,4527,0
NORTHSHORE SCHOOL DISTRICT NO. 417 Director District No. 5,Kimberlee Kelly,KOKANEE,4535,79
NORTHSHORE SCHOOL DISTRICT NO. 417 Director District No. 5,Holly Muenchow,KOKANEE,4535,13
NORTHSHORE SCHOOL DISTRICT NO. 417 Director District No. 5,Lynda Schram,KOKANEE,4535,53
NORTHSHORE SCHOOL DISTRICT NO. 417 Director District No. 5,WRITE-IN,KOKANEE,4535,0
NORTHSHORE SCHOOL DISTRICT NO. 417 Director District No. 5,Kimberlee Kelly,REDHAWK,4552,45
NORTHSHORE SCHOOL DISTRICT NO. 417 Director District No. 5,Holly Muenchow,REDHAWK,4552,15
NORTHSHORE SCHOOL DISTRICT NO. 417 Director District No. 5,Lynda Schram,REDHAWK,4552,22
NORTHSHORE SCHOOL DISTRICT NO. 417 Director District No. 5,WRITE-IN,REDHAWK,4552,0
NORTHSHORE SCHOOL DISTRICT NO. 417 Director District No. 5,Kimberlee Kelly,WANDERING CREEK,4596,113
NORTHSHORE SCHOOL DISTRICT NO. 417 Director District No. 5,Holly Muenchow,WANDERING CREEK,4596,12
NORTHSHORE SCHOOL DISTRICT NO. 417 Director District No. 5,Lynda Schram,WANDERING CREEK,4596,54
NORTHSHORE SCHOOL DISTRICT NO. 417 Director District No. 5,WRITE-IN,WANDERING CREEK,4596,0
NORTHSHORE SCHOOL DISTRICT NO. 417 Director District No. 5,Kimberlee Kelly,KENNARD,4639,70
NORTHSHORE SCHOOL DISTRICT NO. 417 Director District No. 5,Holly Muenchow,KENNARD,4639,11
NORTHSHORE SCHOOL DISTRICT NO. 417 Director District No. 5,Lynda Schram,KENNARD,4639,35
NORTHSHORE SCHOOL DISTRICT NO. 417 Director District No. 5,WRITE-IN,KENNARD,4639,0
NORTHSHORE SCHOOL DISTRICT NO. 417 Director District No. 5,Kimberlee Kelly,GLENBAR,4646,70
NORTHSHORE SCHOOL DISTRICT NO. 417 Director District No. 5,Holly Muenchow,GLENBAR,4646,17
NORTHSHORE SCHOOL DISTRICT NO. 417 Director District No. 5,Lynda Schram,GLENBAR,4646,28
NORTHSHORE SCHOOL DISTRICT NO. 417 Director District No. 5,WRITE-IN,GLENBAR,4646,3
NORTHSHORE SCHOOL DISTRICT NO. 417 Director District No. 5,Kimberlee Kelly,OLDMARK,4656,62
NORTHSHORE SCHOOL DISTRICT NO. 417 Director District No. 5,Holly Muenchow,OLDMARK,4656,20
NORTHSHORE SCHOOL DISTRICT NO. 417 Director District No. 5,Lynda Schram,OLDMARK,4656,33
NORTHSHORE SCHOOL DISTRICT NO. 417 Director District No. 5,WRITE-IN,OLDMARK,4656,0
NORTHSHORE SCHOOL DISTRICT NO. 417 Director District No. 5,Kimberlee Kelly,KINGMAN,4685,87
NORTHSHORE SCHOOL DISTRICT NO. 417 Director District No. 5,Holly Muenchow,KINGMAN,4685,11
NORTHSHORE SCHOOL DISTRICT NO. 417 Director District No. 5,Lynda Schram,KINGMAN,4685,22
NORTHSHORE SCHOOL DISTRICT NO. 417 Director District No. 5,WRITE-IN,KINGMAN,4685,0
NORTHSHORE SCHOOL DISTRICT NO. 417 Director District No. 5,Kimberlee Kelly,CRYSTAL CREEK,4691,43
NORTHSHORE SCHOOL DISTRICT NO. 417 Director District No. 5,Holly Muenchow,CRYSTAL CREEK,4691,10
NORTHSHORE SCHOOL DISTRICT NO. 417 Director District No. 5,Lynda Schram,CRYSTAL CREEK,4691,19
NORTHSHORE SCHOOL DISTRICT NO. 417 Director District No. 5,WRITE-IN,CRYSTAL CREEK,4691,0
NORTHSHORE SCHOOL DISTRICT NO. 417 Director District No. 5,Kimberlee Kelly,POPPY,4707,57
NORTHSHORE SCHOOL DISTRICT NO. 417 Director District No. 5,Holly Muenchow,POPPY,4707,8
NORTHSHORE SCHOOL DISTRICT NO. 417 Director District No. 5,Lynda Schram,POPPY,4707,22
NORTHSHORE SCHOOL DISTRICT NO. 417 Director District No. 5,WRITE-IN,POPPY,4707,0
NORTHSHORE SCHOOL DISTRICT NO. 417 Director District No. 5,Kimberlee Kelly,BELLEMONT,4762,102
NORTHSHORE SCHOOL DISTRICT NO. 417 Director District No. 5,Holly Muenchow,BELLEMONT,4762,24
NORTHSHORE SCHOOL DISTRICT NO. 417 Director District No. 5,Lynda Schram,BELLEMONT,4762,44
NORTHSHORE SCHOOL DISTRICT NO. 417 Director District No. 5,WRITE-IN,BELLEMONT,4762,0
NORTHSHORE SCHOOL DISTRICT NO. 417 Director District No. 5,Kimberlee Kelly,JEWELL,4803,94
NORTHSHORE SCHOOL DISTRICT NO. 417 Director District No. 5,Holly Muenchow,JEWELL,4803,26
NORTHSHORE SCHOOL DISTRICT NO. 417 Director District No. 5,Lynda Schram,JEWELL,4803,26
NORTHSHORE SCHOOL DISTRICT NO. 417 Director District No. 5,WRITE-IN,JEWELL,4803,0
NORTHSHORE SCHOOL DISTRICT NO. 417 Director District No. 5,Kimberlee Kelly,NORTH GRIFFIS,4813,88
NORTHSHORE SCHOOL DISTRICT NO. 417 Director District No. 5,Holly Muenchow,NORTH GRIFFIS,4813,4
NORTHSHORE SCHOOL DISTRICT NO. 417 Director District No. 5,Lynda Schram,NORTH GRIFFIS,4813,11
NORTHSHORE SCHOOL DISTRICT NO. 417 Director District No. 5,WRITE-IN,NORTH GRIFFIS,4813,0
NORTHSHORE SCHOOL DISTRICT NO. 417 Director District No. 5,Kimberlee Kelly,PARKLANE,4822,75
NORTHSHORE SCHOOL DISTRICT NO. 417 Director District No. 5,Holly Muenchow,PARKLANE,4822,13
NORTHSHORE SCHOOL DISTRICT NO. 417 Director District No. 5,Lynda Schram,PARKLANE,4822,18
NORTHSHORE SCHOOL DISTRICT NO. 417 Director District No. 5,WRITE-IN,PARKLANE,4822,0
NORTHSHORE SCHOOL DISTRICT NO. 417 Director District No. 5,Kimberlee Kelly,GRIMES,4826,27
NORTHSHORE SCHOOL DISTRICT NO. 417 Director District No. 5,Holly Muenchow,GRIMES,4826,7
NORTHSHORE SCHOOL DISTRICT NO. 417 Director District No. 5,Lynda Schram,GRIMES,4826,16
NORTHSHORE SCHOOL DISTRICT NO. 417 Director District No. 5,WRITE-IN,GRIMES,4826,0
NORTHSHORE SCHOOL DISTRICT NO. 417 Director District No. 5,Kimberlee Kelly,SINCLAIR,4841,111
NORTHSHORE SCHOOL DISTRICT NO. 417 Director District No. 5,Holly Muenchow,SINCLAIR,4841,22
NORTHSHORE SCHOOL DISTRICT NO. 417 Director District No. 5,Lynda Schram,SINCLAIR,4841,23
NORTHSHORE SCHOOL DISTRICT NO. 417 Director District No. 5,WRITE-IN,SINCLAIR,4841,0
FIRE DISTRICT 4 Proposition No. 1,Approved,Total,-1,4038
FIRE DISTRICT 4 Proposition No. 1,Rejected,Total,-1,2678
FIRE DISTRICT 4 Proposition No. 1,Approved,SNOHOMISH  1,1014,138
FIRE DISTRICT 4 Proposition No. 1,Rejected,SNOHOMISH  1,1014,76
FIRE DISTRICT 4 Proposition No. 1,Approved,SNOHOMISH  3,1038,166
FIRE DISTRICT 4 Proposition No. 1,Rejected,SNOHOMISH  3,1038,85
FIRE DISTRICT 4 Proposition No. 1,Approved,SNOHOMISH  5,1056,224
FIRE DISTRICT 4 Proposition No. 1,Rejected,SNOHOMISH  5,1056,85
FIRE DISTRICT 4 Proposition No. 1,Approved,SNOHOMISH  7,1144,177
FIRE DISTRICT 4 Proposition No. 1,Rejected,SNOHOMISH  7,1144,52
FIRE DISTRICT 4 Proposition No. 1,Approved,SNOHOMISH  8,1145,154
FIRE DISTRICT 4 Proposition No. 1,Rejected,SNOHOMISH  8,1145,94
FIRE DISTRICT 4 Proposition No. 1,Approved,SNOHOMISH  2,1436,107
FIRE DISTRICT 4 Proposition No. 1,Rejected,SNOHOMISH  2,1436,81
FIRE DISTRICT 4 Proposition No. 1,Approved,SNOHOMISH  4,1437,144
FIRE DISTRICT 4 Proposition No. 1,Rejected,SNOHOMISH  4,1437,83
FIRE DISTRICT 4 Proposition No. 1,Approved,SNOHOMISH  6,1438,105
FIRE DISTRICT 4 Proposition No. 1,Rejected,SNOHOMISH  6,1438,54
FIRE DISTRICT 4 Proposition No. 1,Approved,SNOHOMISH  9,1508,84
FIRE DISTRICT 4 Proposition No. 1,Rejected,SNOHOMISH  9,1508,63
FIRE DISTRICT 4 Proposition No. 1,Approved,SNOHOMISH 10,1709,136
FIRE DISTRICT 4 Proposition No. 1,Rejected,SNOHOMISH 10,1709,59
FIRE DISTRICT 4 Proposition No. 1,Approved,SNOHOMISH 11,1857,87
FIRE DISTRICT 4 Proposition No. 1,Rejected,SNOHOMISH 11,1857,45
FIRE DISTRICT 4 Proposition No. 1,Approved,MARSH,4012,35
FIRE DISTRICT 4 Proposition No. 1,Rejected,MARSH,4012,25
FIRE DISTRICT 4 Proposition No. 1,Approved,SHORTS,4013,129
FIRE DISTRICT 4 Proposition No. 1,Rejected,SHORTS,4013,81
FIRE DISTRICT 4 Proposition No. 1,Approved,SOUTH SNOHOMISH,4017,87
FIRE DISTRICT 4 Proposition No. 1,Rejected,SOUTH SNOHOMISH,4017,60
FIRE DISTRICT 4 Proposition No. 1,Approved,WELANGDON,4018,2
FIRE DISTRICT 4 Proposition No. 1,Rejected,WELANGDON,4018,7
FIRE DISTRICT 4 Proposition No. 1,Approved,LUDWIG,4024,110
FIRE DISTRICT 4 Proposition No. 1,Rejected,LUDWIG,4024,88
FIRE DISTRICT 4 Proposition No. 1,Approved,SEXTON,4029,133
FIRE DISTRICT 4 Proposition No. 1,Rejected,SEXTON,4029,117
FIRE DISTRICT 4 Proposition No. 1,Approved,THREE LAKES,4031,92
FIRE DISTRICT 4 Proposition No. 1,Rejected,THREE LAKES,4031,87
FIRE DISTRICT 4 Proposition No. 1,Approved,ROOSEVELT,4036,67
FIRE DISTRICT 4 Proposition No. 1,Rejected,ROOSEVELT,4036,62
FIRE DISTRICT 4 Proposition No. 1,Approved,MACHIAS,4045,85
FIRE DISTRICT 4 Proposition No. 1,Rejected,MACHIAS,4045,68
FIRE DISTRICT 4 Proposition No. 1,Approved,MARION,4046,79
FIRE DISTRICT 4 Proposition No. 1,Rejected,MARION,4046,56
FIRE DISTRICT 4 Proposition No. 1,Approved,RIVERVIEW,4052,134
FIRE DISTRICT 4 Proposition No. 1,Rejected,RIVERVIEW,4052,85
FIRE DISTRICT 4 Proposition No. 1,Approved,FIR,4066,94
FIRE DISTRICT 4 Proposition No. 1,Rejected,FIR,4066,47
FIRE DISTRICT 4 Proposition No. 1,Approved,TRAIL,4072,74
FIRE DISTRICT 4 Proposition No. 1,Rejected,TRAIL,4072,47
FIRE DISTRICT 4 Proposition No. 1,Approved,BEECHER,4178,78
FIRE DISTRICT 4 Proposition No. 1,Rejected,BEECHER,4178,48
FIRE DISTRICT 4 Proposition No. 1,Approved,HAINES,4291,112
FIRE DISTRICT 4 Proposition No. 1,Rejected,HAINES,4291,85
FIRE DISTRICT 4 Proposition No. 1,Approved,PEAK,4311,3
FIRE DISTRICT 4 Proposition No. 1,Rejected,PEAK,4311,2
FIRE DISTRICT 4 Proposition No. 1,Approved,PETERSON,4313,153
FIRE DISTRICT 4 Proposition No. 1,Rejected,PETERSON,4313,88
FIRE DISTRICT 4 Proposition No. 1,Approved,DUBUQUE,4345,96
FIRE DISTRICT 4 Proposition No. 1,Rejected,DUBUQUE,4345,89
FIRE DISTRICT 4 Proposition No. 1,Approved,REES,4435,37
FIRE DISTRICT 4 Proposition No. 1,Rejected,REES,4435,49
FIRE DISTRICT 4 Proposition No. 1,Approved,MARKS,4464,43
FIRE DISTRICT 4 Proposition No. 1,Rejected,MARKS,4464,19
FIRE DISTRICT 4 Proposition No. 1,Approved,MILL,4471,22
FIRE DISTRICT 4 Proposition No. 1,Rejected,MILL,4471,21
FIRE DISTRICT 4 Proposition No. 1,Approved,PANTHER CREEK,4478,104
FIRE DISTRICT 4 Proposition No. 1,Rejected,PANTHER CREEK,4478,91
FIRE DISTRICT 4 Proposition No. 1,Approved,STORM LAKE,4487,123
FIRE DISTRICT 4 Proposition No. 1,Rejected,STORM LAKE,4487,86
FIRE DISTRICT 4 Proposition No. 1,Approved,PIPELINE,4507,10
FIRE DISTRICT 4 Proposition No. 1,Rejected,PIPELINE,4507,9
FIRE DISTRICT 4 Proposition No. 1,Approved,IVERSON,4534,76
FIRE DISTRICT 4 Proposition No. 1,Rejected,IVERSON,4534,64
FIRE DISTRICT 4 Proposition No. 1,Approved,LUPINE,4537,72
FIRE DISTRICT 4 Proposition No. 1,Rejected,LUPINE,4537,60
FIRE DISTRICT 4 Proposition No. 1,Approved,MERWIN,4547,24
FIRE DISTRICT 4 Proposition No. 1,Rejected,MERWIN,4547,13
FIRE DISTRICT 4 Proposition No. 1,Approved,OHLDE,4549,97
FIRE DISTRICT 4 Proposition No. 1,Rejected,OHLDE,4549,105
FIRE DISTRICT 4 Proposition No. 1,Approved,FOUR CORNERS,4580,132
FIRE DISTRICT 4 Proposition No. 1,Rejected,FOUR CORNERS,4580,78
FIRE DISTRICT 4 Proposition No. 1,Approved,THOMAS CREEK(*),4659,0
FIRE DISTRICT 4 Proposition No. 1,Rejected,THOMAS CREEK(*),4659,0
FIRE DISTRICT 4 Proposition No. 1,Approved,OVERLOOK(*),4706,0
FIRE DISTRICT 4 Proposition No. 1,Rejected,OVERLOOK(*),4706,0
FIRE DISTRICT 4 Proposition No. 1,Approved,FRANSSON,4782,20
FIRE DISTRICT 4 Proposition No. 1,Rejected,FRANSSON,4782,23
FIRE DISTRICT 4 Proposition No. 1,Approved,MERO,4804,63
FIRE DISTRICT 4 Proposition No. 1,Rejected,MERO,4804,38
FIRE DISTRICT 4 Proposition No. 1,Approved,RIVIERA,4844,48
FIRE DISTRICT 4 Proposition No. 1,Rejected,RIVIERA,4844,52
MARYSVILLE FIRE DISTRICT RFA Proposition No. 1,Approved,Total,-1,8549
MARYSVILLE FIRE DISTRICT RFA Proposition No. 1,Rejected,Total,-1,4804
MARYSVILLE FIRE DISTRICT RFA Proposition No. 1,Approved,MARYSVILLE  1,1047,65
MARYSVILLE FIRE DISTRICT RFA Proposition No. 1,Rejected,MARYSVILLE  1,1047,51
MARYSVILLE FIRE DISTRICT RFA Proposition No. 1,Approved,MARYSVILLE  2,1048,55
MARYSVILLE FIRE DISTRICT RFA Proposition No. 1,Rejected,MARYSVILLE  2,1048,26
MARYSVILLE FIRE DISTRICT RFA Proposition No. 1,Approved,MARYSVILLE  4,1128,108
MARYSVILLE FIRE DISTRICT RFA Proposition No. 1,Rejected,MARYSVILLE  4,1128,43
MARYSVILLE FIRE DISTRICT RFA Proposition No. 1,Approved,MARYSVILLE  6,1129,109
MARYSVILLE FIRE DISTRICT RFA Proposition No. 1,Rejected,MARYSVILLE  6,1129,61
MARYSVILLE FIRE DISTRICT RFA Proposition No. 1,Approved,MARYSVILLE  3,1261,145
MARYSVILLE FIRE DISTRICT RFA Proposition No. 1,Rejected,MARYSVILLE  3,1261,35
MARYSVILLE FIRE DISTRICT RFA Proposition No. 1,Approved,MARYSVILLE  9,1299,56
MARYSVILLE FIRE DISTRICT RFA Proposition No. 1,Rejected,MARYSVILLE  9,1299,23
MARYSVILLE FIRE DISTRICT RFA Proposition No. 1,Approved,MARYSVILLE 11,1342,170
MARYSVILLE FIRE DISTRICT RFA Proposition No. 1,Rejected,MARYSVILLE 11,1342,50
MARYSVILLE FIRE DISTRICT RFA Proposition No. 1,Approved,MARYSVILLE  7,1350,112
MARYSVILLE FIRE DISTRICT RFA Proposition No. 1,Rejected,MARYSVILLE  7,1350,60
MARYSVILLE FIRE DISTRICT RFA Proposition No. 1,Approved,MARYSVILLE  8,1351,119
MARYSVILLE FIRE DISTRICT RFA Proposition No. 1,Rejected,MARYSVILLE  8,1351,65
MARYSVILLE FIRE DISTRICT RFA Proposition No. 1,Approved,MARYSVILLE  5,1428,171
MARYSVILLE FIRE DISTRICT RFA Proposition No. 1,Rejected,MARYSVILLE  5,1428,102
MARYSVILLE FIRE DISTRICT RFA Proposition No. 1,Approved,MARYSVILLE 10,1429,111
MARYSVILLE FIRE DISTRICT RFA Proposition No. 1,Rejected,MARYSVILLE 10,1429,48
MARYSVILLE FIRE DISTRICT RFA Proposition No. 1,Approved,MARYSVILLE 13,1430,114
MARYSVILLE FIRE DISTRICT RFA Proposition No. 1,Rejected,MARYSVILLE 13,1430,64
MARYSVILLE FIRE DISTRICT RFA Proposition No. 1,Approved,TULALIP 4,1440,5
MARYSVILLE FIRE DISTRICT RFA Proposition No. 1,Rejected,TULALIP 4,1440,8
MARYSVILLE FIRE DISTRICT RFA Proposition No. 1,Approved,MARYSVILLE 15,1465,133
MARYSVILLE FIRE DISTRICT RFA Proposition No. 1,Rejected,MARYSVILLE 15,1465,82
MARYSVILLE FIRE DISTRICT RFA Proposition No. 1,Approved,MARYSVILLE 16,1466,116
MARYSVILLE FIRE DISTRICT RFA Proposition No. 1,Rejected,MARYSVILLE 16,1466,84
MARYSVILLE FIRE DISTRICT RFA Proposition No. 1,Approved,MARYSVILLE 17,1467,146
MARYSVILLE FIRE DISTRICT RFA Proposition No. 1,Rejected,MARYSVILLE 17,1467,70
MARYSVILLE FIRE DISTRICT RFA Proposition No. 1,Approved,MARYSVILLE 18,1468,104
MARYSVILLE FIRE DISTRICT RFA Proposition No. 1,Rejected,MARYSVILLE 18,1468,77
MARYSVILLE FIRE DISTRICT RFA Proposition No. 1,Approved,MARYSVILLE 19,1494,184
MARYSVILLE FIRE DISTRICT RFA Proposition No. 1,Rejected,MARYSVILLE 19,1494,104
MARYSVILLE FIRE DISTRICT RFA Proposition No. 1,Approved,MARYSVILLE 20,1504,109
MARYSVILLE FIRE DISTRICT RFA Proposition No. 1,Rejected,MARYSVILLE 20,1504,62
MARYSVILLE FIRE DISTRICT RFA Proposition No. 1,Approved,TULALIP 5,1510,73
MARYSVILLE FIRE DISTRICT RFA Proposition No. 1,Rejected,TULALIP 5,1510,41
MARYSVILLE FIRE DISTRICT RFA Proposition No. 1,Approved,MARYSVILLE 21,1540,118
MARYSVILLE FIRE DISTRICT RFA Proposition No. 1,Rejected,MARYSVILLE 21,1540,84
MARYSVILLE FIRE DISTRICT RFA Proposition No. 1,Approved,MARYSVILLE 22,1541,151
MARYSVILLE FIRE DISTRICT RFA Proposition No. 1,Rejected,MARYSVILLE 22,1541,90
MARYSVILLE FIRE DISTRICT RFA Proposition No. 1,Approved,MARYSVILLE 23,1542,76
MARYSVILLE FIRE DISTRICT RFA Proposition No. 1,Rejected,MARYSVILLE 23,1542,39
MARYSVILLE FIRE DISTRICT RFA Proposition No. 1,Approved,MARYSVILLE 24,1543,117
MARYSVILLE FIRE DISTRICT RFA Proposition No. 1,Rejected,MARYSVILLE 24,1543,60
MARYSVILLE FIRE DISTRICT RFA Proposition No. 1,Approved,MARYSVILLE 26,1544,138
MARYSVILLE FIRE DISTRICT RFA Proposition No. 1,Rejected,MARYSVILLE 26,1544,76
MARYSVILLE FIRE DISTRICT RFA Proposition No. 1,Approved,MARYSVILLE 27,1571,114
MARYSVILLE FIRE DISTRICT RFA Proposition No. 1,Rejected,MARYSVILLE 27,1571,49
MARYSVILLE FIRE DISTRICT RFA Proposition No. 1,Approved,MARYSVILLE 28,1572,98
MARYSVILLE FIRE DISTRICT RFA Proposition No. 1,Rejected,MARYSVILLE 28,1572,44
MARYSVILLE FIRE DISTRICT RFA Proposition No. 1,Approved,MARYSVILLE 14,1628,83
MARYSVILLE FIRE DISTRICT RFA Proposition No. 1,Rejected,MARYSVILLE 14,1628,43
MARYSVILLE FIRE DISTRICT RFA Proposition No. 1,Approved,MARYSVILLE 25,1650,58
MARYSVILLE FIRE DISTRICT RFA Proposition No. 1,Rejected,MARYSVILLE 25,1650,33
MARYSVILLE FIRE DISTRICT RFA Proposition No. 1,Approved,MARYSVILLE 29,1651,70
MARYSVILLE FIRE DISTRICT RFA Proposition No. 1,Rejected,MARYSVILLE 29,1651,24
MARYSVILLE FIRE DISTRICT RFA Proposition No. 1,Approved,MARYSVILLE 12,1676,135
MARYSVILLE FIRE DISTRICT RFA Proposition No. 1,Rejected,MARYSVILLE 12,1676,66
MARYSVILLE FIRE DISTRICT RFA Proposition No. 1,Approved,MARYSVILLE 30,1677,102
MARYSVILLE FIRE DISTRICT RFA Proposition No. 1,Rejected,MARYSVILLE 30,1677,59
MARYSVILLE FIRE DISTRICT RFA Proposition No. 1,Approved,MARYSVILLE 31,1678,85
MARYSVILLE FIRE DISTRICT RFA Proposition No. 1,Rejected,MARYSVILLE 31,1678,53
MARYSVILLE FIRE DISTRICT RFA Proposition No. 1,Approved,MARYSVILLE 32,1679,113
MARYSVILLE FIRE DISTRICT RFA Proposition No. 1,Rejected,MARYSVILLE 32,1679,52
MARYSVILLE FIRE DISTRICT RFA Proposition No. 1,Approved,MARYSVILLE 33,1680,0
MARYSVILLE FIRE DISTRICT RFA Proposition No. 1,Rejected,MARYSVILLE 33,1680,0
MARYSVILLE FIRE DISTRICT RFA Proposition No. 1,Approved,MARYSVILLE 34,1701,94
MARYSVILLE FIRE DISTRICT RFA Proposition No. 1,Rejected,MARYSVILLE 34,1701,44
MARYSVILLE FIRE DISTRICT RFA Proposition No. 1,Approved,MARYSVILLE 35,1728,123
MARYSVILLE FIRE DISTRICT RFA Proposition No. 1,Rejected,MARYSVILLE 35,1728,50
MARYSVILLE FIRE DISTRICT RFA Proposition No. 1,Approved,MARYSVILLE 36,1729,87
MARYSVILLE FIRE DISTRICT RFA Proposition No. 1,Rejected,MARYSVILLE 36,1729,44
MARYSVILLE FIRE DISTRICT RFA Proposition No. 1,Approved,MARYSVILLE 37,1730,103
MARYSVILLE FIRE DISTRICT RFA Proposition No. 1,Rejected,MARYSVILLE 37,1730,60
MARYSVILLE FIRE DISTRICT RFA Proposition No. 1,Approved,MARYSVILLE 38,1731,74
MARYSVILLE FIRE DISTRICT RFA Proposition No. 1,Rejected,MARYSVILLE 38,1731,54
MARYSVILLE FIRE DISTRICT RFA Proposition No. 1,Approved,MARYSVILLE 39,1732,102
MARYSVILLE FIRE DISTRICT RFA Proposition No. 1,Rejected,MARYSVILLE 39,1732,48
MARYSVILLE FIRE DISTRICT RFA Proposition No. 1,Approved,MARYSVILLE 40,1733,111
MARYSVILLE FIRE DISTRICT RFA Proposition No. 1,Rejected,MARYSVILLE 40,1733,49
MARYSVILLE FIRE DISTRICT RFA Proposition No. 1,Approved,MARYSVILLE 41,1734,82
MARYSVILLE FIRE DISTRICT RFA Proposition No. 1,Rejected,MARYSVILLE 41,1734,32
MARYSVILLE FIRE DISTRICT RFA Proposition No. 1,Approved,MARYSVILLE 42,1735,123
MARYSVILLE FIRE DISTRICT RFA Proposition No. 1,Rejected,MARYSVILLE 42,1735,44
MARYSVILLE FIRE DISTRICT RFA Proposition No. 1,Approved,MARYSVILLE 43,1736,100
MARYSVILLE FIRE DISTRICT RFA Proposition No. 1,Rejected,MARYSVILLE 43,1736,77
MARYSVILLE FIRE DISTRICT RFA Proposition No. 1,Approved,MARYSVILLE 44,1737,65
MARYSVILLE FIRE DISTRICT RFA Proposition No. 1,Rejected,MARYSVILLE 44,1737,45
MARYSVILLE FIRE DISTRICT RFA Proposition No. 1,Approved,MARYSVILLE 45,1738,126
MARYSVILLE FIRE DISTRICT RFA Proposition No. 1,Rejected,MARYSVILLE 45,1738,58
MARYSVILLE FIRE DISTRICT RFA Proposition No. 1,Approved,MARYSVILLE 46,1739,150
MARYSVILLE FIRE DISTRICT RFA Proposition No. 1,Rejected,MARYSVILLE 46,1739,101
MARYSVILLE FIRE DISTRICT RFA Proposition No. 1,Approved,MARYSVILLE 47,1740,158
MARYSVILLE FIRE DISTRICT RFA Proposition No. 1,Rejected,MARYSVILLE 47,1740,59
MARYSVILLE FIRE DISTRICT RFA Proposition No. 1,Approved,MARYSVILLE 48,1741,124
MARYSVILLE FIRE DISTRICT RFA Proposition No. 1,Rejected,MARYSVILLE 48,1741,53
MARYSVILLE FIRE DISTRICT RFA Proposition No. 1,Approved,MARYSVILLE 49,1742,91
MARYSVILLE FIRE DISTRICT RFA Proposition No. 1,Rejected,MARYSVILLE 49,1742,58
MARYSVILLE FIRE DISTRICT RFA Proposition No. 1,Approved,MARYSVILLE 50,1743,124
MARYSVILLE FIRE DISTRICT RFA Proposition No. 1,Rejected,MARYSVILLE 50,1743,51
MARYSVILLE FIRE DISTRICT RFA Proposition No. 1,Approved,MARYSVILLE 51,1744,84
MARYSVILLE FIRE DISTRICT RFA Proposition No. 1,Rejected,MARYSVILLE 51,1744,30
MARYSVILLE FIRE DISTRICT RFA Proposition No. 1,Approved,MARYSVILLE 52,1745,72
MARYSVILLE FIRE DISTRICT RFA Proposition No. 1,Rejected,MARYSVILLE 52,1745,40
MARYSVILLE FIRE DISTRICT RFA Proposition No. 1,Approved,MARYSVILLE 53,1746,70
MARYSVILLE FIRE DISTRICT RFA Proposition No. 1,Rejected,MARYSVILLE 53,1746,54
MARYSVILLE FIRE DISTRICT RFA Proposition No. 1,Approved,MARYSVILLE 54,1747,81
MARYSVILLE FIRE DISTRICT RFA Proposition No. 1,Rejected,MARYSVILLE 54,1747,45
MARYSVILLE FIRE DISTRICT RFA Proposition No. 1,Approved,MARYSVILLE 55,1748,80
MARYSVILLE FIRE DISTRICT RFA Proposition No. 1,Rejected,MARYSVILLE 55,1748,40
MARYSVILLE FIRE DISTRICT RFA Proposition No. 1,Approved,MARYSVILLE 56,1766,125
MARYSVILLE FIRE DISTRICT RFA Proposition No. 1,Rejected,MARYSVILLE 56,1766,72
MARYSVILLE FIRE DISTRICT RFA Proposition No. 1,Approved,MARYSVILLE 57,1767,32
MARYSVILLE FIRE DISTRICT RFA Proposition No. 1,Rejected,MARYSVILLE 57,1767,26
MARYSVILLE FIRE DISTRICT RFA Proposition No. 1,Approved,MARYSVILLE 58,1768,53
MARYSVILLE FIRE DISTRICT RFA Proposition No. 1,Rejected,MARYSVILLE 58,1768,35
MARYSVILLE FIRE DISTRICT RFA Proposition No. 1,Approved,MARYSVILLE 59,1769,75
MARYSVILLE FIRE DISTRICT RFA Proposition No. 1,Rejected,MARYSVILLE 59,1769,26
MARYSVILLE FIRE DISTRICT RFA Proposition No. 1,Approved,MARYSVILLE 60,1770,68
MARYSVILLE FIRE DISTRICT RFA Proposition No. 1,Rejected,MARYSVILLE 60,1770,52
MARYSVILLE FIRE DISTRICT RFA Proposition No. 1,Approved,MARYSVILLE 61,1780,59
MARYSVILLE FIRE DISTRICT RFA Proposition No. 1,Rejected,MARYSVILLE 61,1780,44
MARYSVILLE FIRE DISTRICT RFA Proposition No. 1,Approved,MARYSVILLE 62,1795,114
MARYSVILLE FIRE DISTRICT RFA Proposition No. 1,Rejected,MARYSVILLE 62,1795,8
MARYSVILLE FIRE DISTRICT RFA Proposition No. 1,Approved,MARYSVILLE 63,1797,66
MARYSVILLE FIRE DISTRICT RFA Proposition No. 1,Rejected,MARYSVILLE 63,1797,39
MARYSVILLE FIRE DISTRICT RFA Proposition No. 1,Approved,MARYSVILLE 64,1799,52
MARYSVILLE FIRE DISTRICT RFA Proposition No. 1,Rejected,MARYSVILLE 64,1799,31
MARYSVILLE FIRE DISTRICT RFA Proposition No. 1,Approved,MARYSVILLE 65,1814,70
MARYSVILLE FIRE DISTRICT RFA Proposition No. 1,Rejected,MARYSVILLE 65,1814,44
MARYSVILLE FIRE DISTRICT RFA Proposition No. 1,Approved,TULALIP 7,1815,46
MARYSVILLE FIRE DISTRICT RFA Proposition No. 1,Rejected,TULALIP 7,1815,41
MARYSVILLE FIRE DISTRICT RFA Proposition No. 1,Approved,MARYSVILLE 66,1823,95
MARYSVILLE FIRE DISTRICT RFA Proposition No. 1,Rejected,MARYSVILLE 66,1823,44
MARYSVILLE FIRE DISTRICT RFA Proposition No. 1,Approved,MARYSVILLE 67,1825,41
MARYSVILLE FIRE DISTRICT RFA Proposition No. 1,Rejected,MARYSVILLE 67,1825,23
MARYSVILLE FIRE DISTRICT RFA Proposition No. 1,Approved,MARYSVILLE 68,1831,74
MARYSVILLE FIRE DISTRICT RFA Proposition No. 1,Rejected,MARYSVILLE 68,1831,26
MARYSVILLE FIRE DISTRICT RFA Proposition No. 1,Approved,MARYSVILLE 69,1835,0
MARYSVILLE FIRE DISTRICT RFA Proposition No. 1,Rejected,MARYSVILLE 69,1835,0
MARYSVILLE FIRE DISTRICT RFA Proposition No. 1,Approved,MARYSVILLE 70,1848,81
MARYSVILLE FIRE DISTRICT RFA Proposition No. 1,Rejected,MARYSVILLE 70,1848,41
MARYSVILLE FIRE DISTRICT RFA Proposition No. 1,Approved,MARYSVILLE 71,1849,27
MARYSVILLE FIRE DISTRICT RFA Proposition No. 1,Rejected,MARYSVILLE 71,1849,12
MARYSVILLE FIRE DISTRICT RFA Proposition No. 1,Approved,MARYSVILLE 72,1862,79
MARYSVILLE FIRE DISTRICT RFA Proposition No. 1,Rejected,MARYSVILLE 72,1862,27
MARYSVILLE FIRE DISTRICT RFA Proposition No. 1,Approved,MARYSVILLE 73,1863,65
MARYSVILLE FIRE DISTRICT RFA Proposition No. 1,Rejected,MARYSVILLE 73,1863,38
MARYSVILLE FIRE DISTRICT RFA Proposition No. 1,Approved,EBEY,4001,15
MARYSVILLE FIRE DISTRICT RFA Proposition No. 1,Rejected,EBEY,4001,8
MARYSVILLE FIRE DISTRICT RFA Proposition No. 1,Approved,WHALEBACK(*),4019,0
MARYSVILLE FIRE DISTRICT RFA Proposition No. 1,Rejected,WHALEBACK(*),4019,0
MARYSVILLE FIRE DISTRICT RFA Proposition No. 1,Approved,PACKWOOD,4020,22
MARYSVILLE FIRE DISTRICT RFA Proposition No. 1,Rejected,PACKWOOD,4020,24
MARYSVILLE FIRE DISTRICT RFA Proposition No. 1,Approved,EDGECOMB(*),4023,0
MARYSVILLE FIRE DISTRICT RFA Proposition No. 1,Rejected,EDGECOMB(*),4023,0
MARYSVILLE FIRE DISTRICT RFA Proposition No. 1,Approved,LAKEWOOD,4061,42
MARYSVILLE FIRE DISTRICT RFA Proposition No. 1,Rejected,LAKEWOOD,4061,31
MARYSVILLE FIRE DISTRICT RFA Proposition No. 1,Approved,LAKE GOODWIN,4087,99
MARYSVILLE FIRE DISTRICT RFA Proposition No. 1,Rejected,LAKE GOODWIN,4087,95
MARYSVILLE FIRE DISTRICT RFA Proposition No. 1,Approved,PRIEST POINT,4098,89
MARYSVILLE FIRE DISTRICT RFA Proposition No. 1,Rejected,PRIEST POINT,4098,37
MARYSVILLE FIRE DISTRICT RFA Proposition No. 1,Approved,ALMA,4151,20
MARYSVILLE FIRE DISTRICT RFA Proposition No. 1,Rejected,ALMA,4151,8
MARYSVILLE FIRE DISTRICT RFA Proposition No. 1,Approved,LOMA,4167,115
MARYSVILLE FIRE DISTRICT RFA Proposition No. 1,Rejected,LOMA,4167,86
MARYSVILLE FIRE DISTRICT RFA Proposition No. 1,Approved,MILLARD,4169,72
MARYSVILLE FIRE DISTRICT RFA Proposition No. 1,Rejected,MILLARD,4169,57
MARYSVILLE FIRE DISTRICT RFA Proposition No. 1,Approved,SHELTON,4269,83
MARYSVILLE FIRE DISTRICT RFA Proposition No. 1,Rejected,SHELTON,4269,65
MARYSVILLE FIRE DISTRICT RFA Proposition No. 1,Approved,THOMPSON,4323,98
MARYSVILLE FIRE DISTRICT RFA Proposition No. 1,Rejected,THOMPSON,4323,69
MARYSVILLE FIRE DISTRICT RFA Proposition No. 1,Approved,TIMBER,4325,0
MARYSVILLE FIRE DISTRICT RFA Proposition No. 1,Rejected,TIMBER,4325,0
MARYSVILLE FIRE DISTRICT RFA Proposition No. 1,Approved,WILLOW,4335,90
MARYSVILLE FIRE DISTRICT RFA Proposition No. 1,Rejected,WILLOW,4335,55
MARYSVILLE FIRE DISTRICT RFA Proposition No. 1,Approved,MCRAE,4352,49
MARYSVILLE FIRE DISTRICT RFA Proposition No. 1,Rejected,MCRAE,4352,29
MARYSVILLE FIRE DISTRICT RFA Proposition No. 1,Approved,RONCREST,4360,6
MARYSVILLE FIRE DISTRICT RFA Proposition No. 1,Rejected,RONCREST,4360,12
MARYSVILLE FIRE DISTRICT RFA Proposition No. 1,Approved,STRAUS,4363,116
MARYSVILLE FIRE DISTRICT RFA Proposition No. 1,Rejected,STRAUS,4363,91
MARYSVILLE FIRE DISTRICT RFA Proposition No. 1,Approved,TYEE,4441,79
MARYSVILLE FIRE DISTRICT RFA Proposition No. 1,Rejected,TYEE,4441,56
MARYSVILLE FIRE DISTRICT RFA Proposition No. 1,Approved,BOEING,4445,74
MARYSVILLE FIRE DISTRICT RFA Proposition No. 1,Rejected,BOEING,4445,75
MARYSVILLE FIRE DISTRICT RFA Proposition No. 1,Approved,SHOECRAFT,4483,124
MARYSVILLE FIRE DISTRICT RFA Proposition No. 1,Rejected,SHOECRAFT,4483,143
MARYSVILLE FIRE DISTRICT RFA Proposition No. 1,Approved,WENBERG,4488,125
MARYSVILLE FIRE DISTRICT RFA Proposition No. 1,Rejected,WENBERG,4488,69
MARYSVILLE FIRE DISTRICT RFA Proposition No. 1,Approved,MCDONALD,4545,41
MARYSVILLE FIRE DISTRICT RFA Proposition No. 1,Rejected,MCDONALD,4545,37
MARYSVILLE FIRE DISTRICT RFA Proposition No. 1,Approved,COHO,4561,28
MARYSVILLE FIRE DISTRICT RFA Proposition No. 1,Rejected,COHO,4561,12
MARYSVILLE FIRE DISTRICT RFA Proposition No. 1,Approved,SOUTH LAKE GOODWIN,4779,53
MARYSVILLE FIRE DISTRICT RFA Proposition No. 1,Rejected,SOUTH LAKE GOODWIN,4779,52
FIRE DISTRICT 25 Commissioner Position 1,Gary Moffett,Total,-1,79
FIRE DISTRICT 25 Commissioner Position 1,Steve Ramey,Total,-1,76
FIRE DISTRICT 25 Commissioner Position 1,Bruce King,Total,-1,8
FIRE DISTRICT 25 Commissioner Position 1,WRITE-IN,Total,-1,0
FIRE DISTRICT 25 Commissioner Position 1,Gary Moffett,HAZEL(*),4034,0
FIRE DISTRICT 25 Commissioner Position 1,Steve Ramey,HAZEL(*),4034,0
FIRE DISTRICT 25 Commissioner Position 1,Bruce King,HAZEL(*),4034,0
FIRE DISTRICT 25 Commissioner Position 1,WRITE-IN,HAZEL(*),4034,0
FIRE DISTRICT 25 Commissioner Position 1,Gary Moffett,OSO(*),4060,0
FIRE DISTRICT 25 Commissioner Position 1,Steve Ramey,OSO(*),4060,0
FIRE DISTRICT 25 Commissioner Position 1,Bruce King,OSO(*),4060,0
FIRE DISTRICT 25 Commissioner Position 1,WRITE-IN,OSO(*),4060,0
FIRE DISTRICT 25 Commissioner Position 1,Gary Moffett,NORTH FORK,4759,7
FIRE DISTRICT 25 Commissioner Position 1,Steve Ramey,NORTH FORK,4759,20
FIRE DISTRICT 25 Commissioner Position 1,Bruce King,NORTH FORK,4759,5
FIRE DISTRICT 25 Commissioner Position 1,WRITE-IN,NORTH FORK,4759,0
NCRFA COMMISSIONER DIST 1 Commissioner District 1,Mary Elizabeth Foster,Total,-1,244
NCRFA COMMISSIONER DIST 1 Commissioner District 1,Jeff Sinker,Total,-1,216
NCRFA COMMISSIONER DIST 1 Commissioner District 1,Greg Oakes,Total,-1,957
NCRFA COMMISSIONER DIST 1 Commissioner District 1,WRITE-IN,Total,-1,15
NCRFA COMMISSIONER DIST 1 Commissioner District 1,Mary Elizabeth Foster,ARLINGTON  2,1050,20
NCRFA COMMISSIONER DIST 1 Commissioner District 1,Jeff Sinker,ARLINGTON  2,1050,10
NCRFA COMMISSIONER DIST 1 Commissioner District 1,Greg Oakes,ARLINGTON  2,1050,48
NCRFA COMMISSIONER DIST 1 Commissioner District 1,WRITE-IN,ARLINGTON  2,1050,0
NCRFA COMMISSIONER DIST 1 Commissioner District 1,Mary Elizabeth Foster,ARLINGTON  3,1051,25
NCRFA COMMISSIONER DIST 1 Commissioner District 1,Jeff Sinker,ARLINGTON  3,1051,20
NCRFA COMMISSIONER DIST 1 Commissioner District 1,Greg Oakes,ARLINGTON  3,1051,67
NCRFA COMMISSIONER DIST 1 Commissioner District 1,WRITE-IN,ARLINGTON  3,1051,2
NCRFA COMMISSIONER DIST 1 Commissioner District 1,Mary Elizabeth Foster,ARLINGTON  4(*),1130,0
NCRFA COMMISSIONER DIST 1 Commissioner District 1,Jeff Sinker,ARLINGTON  4(*),1130,0
NCRFA COMMISSIONER DIST 1 Commissioner District 1,Greg Oakes,ARLINGTON  4(*),1130,0
NCRFA COMMISSIONER DIST 1 Commissioner District 1,WRITE-IN,ARLINGTON  4(*),1130,0
NCRFA COMMISSIONER DIST 1 Commissioner District 1,Mary Elizabeth Foster,ARLINGTON 18(*),1760,0
NCRFA COMMISSIONER DIST 1 Commissioner District 1,Jeff Sinker,ARLINGTON 18(*),1760,0
NCRFA COMMISSIONER DIST 1 Commissioner District 1,Greg Oakes,ARLINGTON 18(*),1760,0
NCRFA COMMISSIONER DIST 1 Commissioner District 1,WRITE-IN,ARLINGTON 18(*),1760,0
NCRFA COMMISSIONER DIST 1 Commissioner District 1,Mary Elizabeth Foster,ARLINGTON 20,1821,4
NCRFA COMMISSIONER DIST 1 Commissioner District 1,Jeff Sinker,ARLINGTON 20,1821,3
NCRFA COMMISSIONER DIST 1 Commissioner District 1,Greg Oakes,ARLINGTON 20,1821,5
NCRFA COMMISSIONER DIST 1 Commissioner District 1,WRITE-IN,ARLINGTON 20,1821,0
NCRFA COMMISSIONER DIST 1 Commissioner District 1,Mary Elizabeth Foster,BOULDER,4016,19
NCRFA COMMISSIONER DIST 1 Commissioner District 1,Jeff Sinker,BOULDER,4016,13
NCRFA COMMISSIONER DIST 1 Commissioner District 1,Greg Oakes,BOULDER,4016,69
NCRFA COMMISSIONER DIST 1 Commissioner District 1,WRITE-IN,BOULDER,4016,1
NCRFA COMMISSIONER DIST 1 Commissioner District 1,Mary Elizabeth Foster,BRYANT,4021,9
NCRFA COMMISSIONER DIST 1 Commissioner District 1,Jeff Sinker,BRYANT,4021,8
NCRFA COMMISSIONER DIST 1 Commissioner District 1,Greg Oakes,BRYANT,4021,28
NCRFA COMMISSIONER DIST 1 Commissioner District 1,WRITE-IN,BRYANT,4021,1
NCRFA COMMISSIONER DIST 1 Commissioner District 1,Mary Elizabeth Foster,CLIFF,4025,35
NCRFA COMMISSIONER DIST 1 Commissioner District 1,Jeff Sinker,CLIFF,4025,31
NCRFA COMMISSIONER DIST 1 Commissioner District 1,Greg Oakes,CLIFF,4025,89
NCRFA COMMISSIONER DIST 1 Commissioner District 1,WRITE-IN,CLIFF,4025,2
NCRFA COMMISSIONER DIST 1 Commissioner District 1,Mary Elizabeth Foster,ARMSTRONG,4027,18
NCRFA COMMISSIONER DIST 1 Commissioner District 1,Jeff Sinker,ARMSTRONG,4027,10
NCRFA COMMISSIONER DIST 1 Commissioner District 1,Greg Oakes,ARMSTRONG,4027,85
NCRFA COMMISSIONER DIST 1 Commissioner District 1,WRITE-IN,ARMSTRONG,4027,0
NCRFA COMMISSIONER DIST 1 Commissioner District 1,Mary Elizabeth Foster,KACKMAN,4296,24
NCRFA COMMISSIONER DIST 1 Commissioner District 1,Jeff Sinker,KACKMAN,4296,12
NCRFA COMMISSIONER DIST 1 Commissioner District 1,Greg Oakes,KACKMAN,4296,83
NCRFA COMMISSIONER DIST 1 Commissioner District 1,WRITE-IN,KACKMAN,4296,1
NCRFA COMMISSIONER DIST 1 Commissioner District 1,Mary Elizabeth Foster,TRONSON,4326,12
NCRFA COMMISSIONER DIST 1 Commissioner District 1,Jeff Sinker,TRONSON,4326,30
NCRFA COMMISSIONER DIST 1 Commissioner District 1,Greg Oakes,TRONSON,4326,95
NCRFA COMMISSIONER DIST 1 Commissioner District 1,WRITE-IN,TRONSON,4326,1
NCRFA COMMISSIONER DIST 1 Commissioner District 1,Mary Elizabeth Foster,PORTAGE,4433,3
NCRFA COMMISSIONER DIST 1 Commissioner District 1,Jeff Sinker,PORTAGE,4433,2
NCRFA COMMISSIONER DIST 1 Commissioner District 1,Greg Oakes,PORTAGE,4433,5
NCRFA COMMISSIONER DIST 1 Commissioner District 1,WRITE-IN,PORTAGE,4433,2
NCRFA COMMISSIONER DIST 1 Commissioner District 1,Mary Elizabeth Foster,HENNING,4647,30
NCRFA COMMISSIONER DIST 1 Commissioner District 1,Jeff Sinker,HENNING,4647,25
NCRFA COMMISSIONER DIST 1 Commissioner District 1,Greg Oakes,HENNING,4647,151
NCRFA COMMISSIONER DIST 1 Commissioner District 1,WRITE-IN,HENNING,4647,0
NCRFA COMMISSIONER DIST 1 Commissioner District 1,Mary Elizabeth Foster,MCFARLAND,4681,24
NCRFA COMMISSIONER DIST 1 Commissioner District 1,Jeff Sinker,MCFARLAND,4681,12
NCRFA COMMISSIONER DIST 1 Commissioner District 1,Greg Oakes,MCFARLAND,4681,92
NCRFA COMMISSIONER DIST 1 Commissioner District 1,WRITE-IN,MCFARLAND,4681,3
NCRFA COMMISSIONER DIST 1 Commissioner District 1,Mary Elizabeth Foster,ROSE,4708,10
NCRFA COMMISSIONER DIST 1 Commissioner District 1,Jeff Sinker,ROSE,4708,16
NCRFA COMMISSIONER DIST 1 Commissioner District 1,Greg Oakes,ROSE,4708,45
NCRFA COMMISSIONER DIST 1 Commissioner District 1,WRITE-IN,ROSE,4708,0
NCRFA COMMISSIONER DIST 1 Commissioner District 1,Mary Elizabeth Foster,FINN,4851,6
NCRFA COMMISSIONER DIST 1 Commissioner District 1,Jeff Sinker,FINN,4851,19
NCRFA COMMISSIONER DIST 1 Commissioner District 1,Greg Oakes,FINN,4851,70
NCRFA COMMISSIONER DIST 1 Commissioner District 1,WRITE-IN,FINN,4851,1
NORTH COUNTY REGIONAL FIRE AUTHORITY Proposition No. 1,Yes,Total,-1,4737
NORTH COUNTY REGIONAL FIRE AUTHORITY Proposition No. 1,No,Total,-1,2889
NORTH COUNTY REGIONAL FIRE AUTHORITY Proposition No. 1,Yes,ARLINGTON  1,1049,112
NORTH COUNTY REGIONAL FIRE AUTHORITY Proposition No. 1,No,ARLINGTON  1,1049,48
NORTH COUNTY REGIONAL FIRE AUTHORITY Proposition No. 1,Yes,ARLINGTON  2,1050,74
NORTH COUNTY REGIONAL FIRE AUTHORITY Proposition No. 1,No,ARLINGTON  2,1050,49
NORTH COUNTY REGIONAL FIRE AUTHORITY Proposition No. 1,Yes,ARLINGTON  3,1051,69
NORTH COUNTY REGIONAL FIRE AUTHORITY Proposition No. 1,No,ARLINGTON  3,1051,51
NORTH COUNTY REGIONAL FIRE AUTHORITY Proposition No. 1,Yes,ARLINGTON  4,1130,55
NORTH COUNTY REGIONAL FIRE AUTHORITY Proposition No. 1,No,ARLINGTON  4,1130,40
NORTH COUNTY REGIONAL FIRE AUTHORITY Proposition No. 1,Yes,STANWOOD 1,1199,64
NORTH COUNTY REGIONAL FIRE AUTHORITY Proposition No. 1,No,STANWOOD 1,1199,34
NORTH COUNTY REGIONAL FIRE AUTHORITY Proposition No. 1,Yes,STANWOOD 2,1200,111
NORTH COUNTY REGIONAL FIRE AUTHORITY Proposition No. 1,No,STANWOOD 2,1200,49
NORTH COUNTY REGIONAL FIRE AUTHORITY Proposition No. 1,Yes,ARLINGTON  5,1386,146
NORTH COUNTY REGIONAL FIRE AUTHORITY Proposition No. 1,No,ARLINGTON  5,1386,93
NORTH COUNTY REGIONAL FIRE AUTHORITY Proposition No. 1,Yes,ARLINGTON  6,1498,75
NORTH COUNTY REGIONAL FIRE AUTHORITY Proposition No. 1,No,ARLINGTON  6,1498,37
NORTH COUNTY REGIONAL FIRE AUTHORITY Proposition No. 1,Yes,ARLINGTON  7,1499,96
NORTH COUNTY REGIONAL FIRE AUTHORITY Proposition No. 1,No,ARLINGTON  7,1499,83
NORTH COUNTY REGIONAL FIRE AUTHORITY Proposition No. 1,Yes,STANWOOD 3,1509,137
NORTH COUNTY REGIONAL FIRE AUTHORITY Proposition No. 1,No,STANWOOD 3,1509,36
NORTH COUNTY REGIONAL FIRE AUTHORITY Proposition No. 1,Yes,ARLINGTON  8,1518,145
NORTH COUNTY REGIONAL FIRE AUTHORITY Proposition No. 1,No,ARLINGTON  8,1518,73
NORTH COUNTY REGIONAL FIRE AUTHORITY Proposition No. 1,Yes,ARLINGTON  9,1569,59
NORTH COUNTY REGIONAL FIRE AUTHORITY Proposition No. 1,No,ARLINGTON  9,1569,30
NORTH COUNTY REGIONAL FIRE AUTHORITY Proposition No. 1,Yes,ARLINGTON 10,1570,46
NORTH COUNTY REGIONAL FIRE AUTHORITY Proposition No. 1,No,ARLINGTON 10,1570,49
NORTH COUNTY REGIONAL FIRE AUTHORITY Proposition No. 1,Yes,ARLINGTON 11,1574,67
NORTH COUNTY REGIONAL FIRE AUTHORITY Proposition No. 1,No,ARLINGTON 11,1574,52
NORTH COUNTY REGIONAL FIRE AUTHORITY Proposition No. 1,Yes,ARLINGTON 12,1636,70
NORTH COUNTY REGIONAL FIRE AUTHORITY Proposition No. 1,No,ARLINGTON 12,1636,29
NORTH COUNTY REGIONAL FIRE AUTHORITY Proposition No. 1,Yes,STANWOOD 4,1641,221
NORTH COUNTY REGIONAL FIRE AUTHORITY Proposition No. 1,No,STANWOOD 4,1641,78
NORTH COUNTY REGIONAL FIRE AUTHORITY Proposition No. 1,Yes,ARLINGTON 13,1643,76
NORTH COUNTY REGIONAL FIRE AUTHORITY Proposition No. 1,No,ARLINGTON 13,1643,94
NORTH COUNTY REGIONAL FIRE AUTHORITY Proposition No. 1,Yes,ARLINGTON 14,1661,108
NORTH COUNTY REGIONAL FIRE AUTHORITY Proposition No. 1,No,ARLINGTON 14,1661,58
NORTH COUNTY REGIONAL FIRE AUTHORITY Proposition No. 1,Yes,STANWOOD 5,1669,125
NORTH COUNTY REGIONAL FIRE AUTHORITY Proposition No. 1,No,STANWOOD 5,1669,80
NORTH COUNTY REGIONAL FIRE AUTHORITY Proposition No. 1,Yes,ARLINGTON 15,1686,122
NORTH COUNTY REGIONAL FIRE AUTHORITY Proposition No. 1,No,ARLINGTON 15,1686,41
NORTH COUNTY REGIONAL FIRE AUTHORITY Proposition No. 1,Yes,ARLINGTON 16,1687,87
NORTH COUNTY REGIONAL FIRE AUTHORITY Proposition No. 1,No,ARLINGTON 16,1687,46
NORTH COUNTY REGIONAL FIRE AUTHORITY Proposition No. 1,Yes,STANWOOD 6,1711,119
NORTH COUNTY REGIONAL FIRE AUTHORITY Proposition No. 1,No,STANWOOD 6,1711,50
NORTH COUNTY REGIONAL FIRE AUTHORITY Proposition No. 1,Yes,STANWOOD 7,1712,87
NORTH COUNTY REGIONAL FIRE AUTHORITY Proposition No. 1,No,STANWOOD 7,1712,27
NORTH COUNTY REGIONAL FIRE AUTHORITY Proposition No. 1,Yes,ARLINGTON 17(*),1751,0
NORTH COUNTY REGIONAL FIRE AUTHORITY Proposition No. 1,No,ARLINGTON 17(*),1751,0
NORTH COUNTY REGIONAL FIRE AUTHORITY Proposition No. 1,Yes,ARLINGTON 18,1760,7
NORTH COUNTY REGIONAL FIRE AUTHORITY Proposition No. 1,No,ARLINGTON 18,1760,9
NORTH COUNTY REGIONAL FIRE AUTHORITY Proposition No. 1,Yes,ARLINGTON 19,1794,66
NORTH COUNTY REGIONAL FIRE AUTHORITY Proposition No. 1,No,ARLINGTON 19,1794,35
NORTH COUNTY REGIONAL FIRE AUTHORITY Proposition No. 1,Yes,ARLINGTON 20,1821,116
NORTH COUNTY REGIONAL FIRE AUTHORITY Proposition No. 1,No,ARLINGTON 20,1821,53
NORTH COUNTY REGIONAL FIRE AUTHORITY Proposition No. 1,Yes,ARLINGTON 21,1827,0
NORTH COUNTY REGIONAL FIRE AUTHORITY Proposition No. 1,No,ARLINGTON 21,1827,0
NORTH COUNTY REGIONAL FIRE AUTHORITY Proposition No. 1,Yes,ARLINGTON 22,1850,76
NORTH COUNTY REGIONAL FIRE AUTHORITY Proposition No. 1,No,ARLINGTON 22,1850,43
NORTH COUNTY REGIONAL FIRE AUTHORITY Proposition No. 1,Yes,ARLINGTON 24,1859,13
NORTH COUNTY REGIONAL FIRE AUTHORITY Proposition No. 1,No,ARLINGTON 24,1859,18
NORTH COUNTY REGIONAL FIRE AUTHORITY Proposition No. 1,Yes,ARLINGTON 23,1860,63
NORTH COUNTY REGIONAL FIRE AUTHORITY Proposition No. 1,No,ARLINGTON 23,1860,30
NORTH COUNTY REGIONAL FIRE AUTHORITY Proposition No. 1,Yes,ARLINGTON 25,1864,35
NORTH COUNTY REGIONAL FIRE AUTHORITY Proposition No. 1,No,ARLINGTON 25,1864,10
NORTH COUNTY REGIONAL FIRE AUTHORITY Proposition No. 1,Yes,STANWOOD 8,1870,72
NORTH COUNTY REGIONAL FIRE AUTHORITY Proposition No. 1,No,STANWOOD 8,1870,41
NORTH COUNTY REGIONAL FIRE AUTHORITY Proposition No. 1,Yes,FLORENCE,4002,28
NORTH COUNTY REGIONAL FIRE AUTHORITY Proposition No. 1,No,FLORENCE,4002,23
NORTH COUNTY REGIONAL FIRE AUTHORITY Proposition No. 1,Yes,PORT SUSAN,4004,189
NORTH COUNTY REGIONAL FIRE AUTHORITY Proposition No. 1,No,PORT SUSAN,4004,104
NORTH COUNTY REGIONAL FIRE AUTHORITY Proposition No. 1,Yes,BOULDER,4016,52
NORTH COUNTY REGIONAL FIRE AUTHORITY Proposition No. 1,No,BOULDER,4016,57
NORTH COUNTY REGIONAL FIRE AUTHORITY Proposition No. 1,Yes,BRYANT,4021,25
NORTH COUNTY REGIONAL FIRE AUTHORITY Proposition No. 1,No,BRYANT,4021,30
NORTH COUNTY REGIONAL FIRE AUTHORITY Proposition No. 1,Yes,CEDARHOME,4022,130
NORTH COUNTY REGIONAL FIRE AUTHORITY Proposition No. 1,No,CEDARHOME,4022,71
NORTH COUNTY REGIONAL FIRE AUTHORITY Proposition No. 1,Yes,CLIFF,4025,85
NORTH COUNTY REGIONAL FIRE AUTHORITY Proposition No. 1,No,CLIFF,4025,84
NORTH COUNTY REGIONAL FIRE AUTHORITY Proposition No. 1,Yes,ARMSTRONG,4027,65
NORTH COUNTY REGIONAL FIRE AUTHORITY Proposition No. 1,No,ARMSTRONG,4027,59
NORTH COUNTY REGIONAL FIRE AUTHORITY Proposition No. 1,Yes,STANBY,4030,26
NORTH COUNTY REGIONAL FIRE AUTHORITY Proposition No. 1,No,STANBY,4030,17
NORTH COUNTY REGIONAL FIRE AUTHORITY Proposition No. 1,Yes,SILVANA(*),4037,0
NORTH COUNTY REGIONAL FIRE AUTHORITY Proposition No. 1,No,SILVANA(*),4037,0
NORTH COUNTY REGIONAL FIRE AUTHORITY Proposition No. 1,Yes,VILLAGE,4073,65
NORTH COUNTY REGIONAL FIRE AUTHORITY Proposition No. 1,No,VILLAGE,4073,58
NORTH COUNTY REGIONAL FIRE AUTHORITY Proposition No. 1,Yes,KACKMAN,4296,65
NORTH COUNTY REGIONAL FIRE AUTHORITY Proposition No. 1,No,KACKMAN,4296,58
NORTH COUNTY REGIONAL FIRE AUTHORITY Proposition No. 1,Yes,ROWLAND,4319,89
NORTH COUNTY REGIONAL FIRE AUTHORITY Proposition No. 1,No,ROWLAND,4319,43
NORTH COUNTY REGIONAL FIRE AUTHORITY Proposition No. 1,Yes,TRONSON,4326,78
NORTH COUNTY REGIONAL FIRE AUTHORITY Proposition No. 1,No,TRONSON,4326,65
NORTH COUNTY REGIONAL FIRE AUTHORITY Proposition No. 1,Yes,WATERS,4332,178
NORTH COUNTY REGIONAL FIRE AUTHORITY Proposition No. 1,No,WATERS,4332,77
NORTH COUNTY REGIONAL FIRE AUTHORITY Proposition No. 1,Yes,PORTAGE,4433,4
NORTH COUNTY REGIONAL FIRE AUTHORITY Proposition No. 1,No,PORTAGE,4433,8
NORTH COUNTY REGIONAL FIRE AUTHORITY Proposition No. 1,Yes,LAKE HOWARD,4502,130
NORTH COUNTY REGIONAL FIRE AUTHORITY Proposition No. 1,No,LAKE HOWARD,4502,70
NORTH COUNTY REGIONAL FIRE AUTHORITY Proposition No. 1,Yes,KAYAK,4638,113
NORTH COUNTY REGIONAL FIRE AUTHORITY Proposition No. 1,No,KAYAK,4638,98
NORTH COUNTY REGIONAL FIRE AUTHORITY Proposition No. 1,Yes,HENNING,4647,135
NORTH COUNTY REGIONAL FIRE AUTHORITY Proposition No. 1,No,HENNING,4647,90
NORTH COUNTY REGIONAL FIRE AUTHORITY Proposition No. 1,Yes,MCFARLAND,4681,62
NORTH COUNTY REGIONAL FIRE AUTHORITY Proposition No. 1,No,MCFARLAND,4681,81
NORTH COUNTY REGIONAL FIRE AUTHORITY Proposition No. 1,Yes,KETCHUM,4700,137
NORTH COUNTY REGIONAL FIRE AUTHORITY Proposition No. 1,No,KETCHUM,4700,79
NORTH COUNTY REGIONAL FIRE AUTHORITY Proposition No. 1,Yes,ROSE,4708,70
NORTH COUNTY REGIONAL FIRE AUTHORITY Proposition No. 1,No,ROSE,4708,69
NORTH COUNTY REGIONAL FIRE AUTHORITY Proposition No. 1,Yes,SUNDAY LAKE,4714,178
NORTH COUNTY REGIONAL FIRE AUTHORITY Proposition No. 1,No,SUNDAY LAKE,4714,79
NORTH COUNTY REGIONAL FIRE AUTHORITY Proposition No. 1,Yes,FINN,4851,52
NORTH COUNTY REGIONAL FIRE AUTHORITY Proposition No. 1,No,FINN,4851,52
NORTH COUNTY REGIONAL FIRE AUTHORITY Proposition No. 1,Yes,FREEDOM,4867,60
NORTH COUNTY REGIONAL FIRE AUTHORITY Proposition No. 1,No,FREEDOM,4867,49
SNOHOMISH REGIONAL FIRE &amp; RESCUE Commissioner Position 6,Seth Henderson,Total,-1,4582
SNOHOMISH REGIONAL FIRE &amp; RESCUE Commissioner Position 6,Davin Alsin,Total,-1,10360
SNOHOMISH REGIONAL FIRE &amp; RESCUE Commissioner Position 6,Steve Guptill,Total,-1,3747
SNOHOMISH REGIONAL FIRE &amp; RESCUE Commissioner Position 6,WRITE-IN,Total,-1,80
SNOHOMISH REGIONAL FIRE &amp; RESCUE Commissioner Position 6,Seth Henderson,MONROE  1,1054,21
SNOHOMISH REGIONAL FIRE &amp; RESCUE Commissioner Position 6,Davin Alsin,MONROE  1,1054,65
SNOHOMISH REGIONAL FIRE &amp; RESCUE Commissioner Position 6,Steve Guptill,MONROE  1,1054,45
SNOHOMISH REGIONAL FIRE &amp; RESCUE Commissioner Position 6,WRITE-IN,MONROE  1,1054,2
SNOHOMISH REGIONAL FIRE &amp; RESCUE Commissioner Position 6,Seth Henderson,MONROE  2,1055,19
SNOHOMISH REGIONAL FIRE &amp; RESCUE Commissioner Position 6,Davin Alsin,MONROE  2,1055,59
SNOHOMISH REGIONAL FIRE &amp; RESCUE Commissioner Position 6,Steve Guptill,MONROE  2,1055,33
SNOHOMISH REGIONAL FIRE &amp; RESCUE Commissioner Position 6,WRITE-IN,MONROE  2,1055,0
SNOHOMISH REGIONAL FIRE &amp; RESCUE Commissioner Position 6,Seth Henderson,LAKE STEVENS  1,1134,62
SNOHOMISH REGIONAL FIRE &amp; RESCUE Commissioner Position 6,Davin Alsin,LAKE STEVENS  1,1134,109
SNOHOMISH REGIONAL FIRE &amp; RESCUE Commissioner Position 6,Steve Guptill,LAKE STEVENS  1,1134,33
SNOHOMISH REGIONAL FIRE &amp; RESCUE Commissioner Position 6,WRITE-IN,LAKE STEVENS  1,1134,0
SNOHOMISH REGIONAL FIRE &amp; RESCUE Commissioner Position 6,Seth Henderson,LAKE STEVENS  2,1135,37
SNOHOMISH REGIONAL FIRE &amp; RESCUE Commissioner Position 6,Davin Alsin,LAKE STEVENS  2,1135,77
SNOHOMISH REGIONAL FIRE &amp; RESCUE Commissioner Position 6,Steve Guptill,LAKE STEVENS  2,1135,27
SNOHOMISH REGIONAL FIRE &amp; RESCUE Commissioner Position 6,WRITE-IN,LAKE STEVENS  2,1135,0
SNOHOMISH REGIONAL FIRE &amp; RESCUE Commissioner Position 6,Seth Henderson,MONROE  4,1187,48
SNOHOMISH REGIONAL FIRE &amp; RESCUE Commissioner Position 6,Davin Alsin,MONROE  4,1187,85
SNOHOMISH REGIONAL FIRE &amp; RESCUE Commissioner Position 6,Steve Guptill,MONROE  4,1187,51
SNOHOMISH REGIONAL FIRE &amp; RESCUE Commissioner Position 6,WRITE-IN,MONROE  4,1187,0
SNOHOMISH REGIONAL FIRE &amp; RESCUE Commissioner Position 6,Seth Henderson,MONROE  5,1188,42
SNOHOMISH REGIONAL FIRE &amp; RESCUE Commissioner Position 6,Davin Alsin,MONROE  5,1188,99
SNOHOMISH REGIONAL FIRE &amp; RESCUE Commissioner Position 6,Steve Guptill,MONROE  5,1188,43
SNOHOMISH REGIONAL FIRE &amp; RESCUE Commissioner Position 6,WRITE-IN,MONROE  5,1188,0
SNOHOMISH REGIONAL FIRE &amp; RESCUE Commissioner Position 6,Seth Henderson,LAKE STEVENS  3,1349,34
SNOHOMISH REGIONAL FIRE &amp; RESCUE Commissioner Position 6,Davin Alsin,LAKE STEVENS  3,1349,66
SNOHOMISH REGIONAL FIRE &amp; RESCUE Commissioner Position 6,Steve Guptill,LAKE STEVENS  3,1349,19
SNOHOMISH REGIONAL FIRE &amp; RESCUE Commissioner Position 6,WRITE-IN,LAKE STEVENS  3,1349,0
SNOHOMISH REGIONAL FIRE &amp; RESCUE Commissioner Position 6,Seth Henderson,LAKE STEVENS  4,1418,48
SNOHOMISH REGIONAL FIRE &amp; RESCUE Commissioner Position 6,Davin Alsin,LAKE STEVENS  4,1418,75
SNOHOMISH REGIONAL FIRE &amp; RESCUE Commissioner Position 6,Steve Guptill,LAKE STEVENS  4,1418,28
SNOHOMISH REGIONAL FIRE &amp; RESCUE Commissioner Position 6,WRITE-IN,LAKE STEVENS  4,1418,0
SNOHOMISH REGIONAL FIRE &amp; RESCUE Commissioner Position 6,Seth Henderson,MONROE  3,1431,22
SNOHOMISH REGIONAL FIRE &amp; RESCUE Commissioner Position 6,Davin Alsin,MONROE  3,1431,30
SNOHOMISH REGIONAL FIRE &amp; RESCUE Commissioner Position 6,Steve Guptill,MONROE  3,1431,30
SNOHOMISH REGIONAL FIRE &amp; RESCUE Commissioner Position 6,WRITE-IN,MONROE  3,1431,1
SNOHOMISH REGIONAL FIRE &amp; RESCUE Commissioner Position 6,Seth Henderson,LAKE STEVENS  6,1503,36
SNOHOMISH REGIONAL FIRE &amp; RESCUE Commissioner Position 6,Davin Alsin,LAKE STEVENS  6,1503,70
SNOHOMISH REGIONAL FIRE &amp; RESCUE Commissioner Position 6,Steve Guptill,LAKE STEVENS  6,1503,16
SNOHOMISH REGIONAL FIRE &amp; RESCUE Commissioner Position 6,WRITE-IN,LAKE STEVENS  6,1503,2
SNOHOMISH REGIONAL FIRE &amp; RESCUE Commissioner Position 6,Seth Henderson,MONROE  6,1506,33
SNOHOMISH REGIONAL FIRE &amp; RESCUE Commissioner Position 6,Davin Alsin,MONROE  6,1506,65
SNOHOMISH REGIONAL FIRE &amp; RESCUE Commissioner Position 6,Steve Guptill,MONROE  6,1506,56
SNOHOMISH REGIONAL FIRE &amp; RESCUE Commissioner Position 6,WRITE-IN,MONROE  6,1506,0
SNOHOMISH REGIONAL FIRE &amp; RESCUE Commissioner Position 6,Seth Henderson,LAKE STEVENS  7,1536,40
SNOHOMISH REGIONAL FIRE &amp; RESCUE Commissioner Position 6,Davin Alsin,LAKE STEVENS  7,1536,108
SNOHOMISH REGIONAL FIRE &amp; RESCUE Commissioner Position 6,Steve Guptill,LAKE STEVENS  7,1536,53
SNOHOMISH REGIONAL FIRE &amp; RESCUE Commissioner Position 6,WRITE-IN,LAKE STEVENS  7,1536,2
SNOHOMISH REGIONAL FIRE &amp; RESCUE Commissioner Position 6,Seth Henderson,MONROE  7,1548,30
SNOHOMISH REGIONAL FIRE &amp; RESCUE Commissioner Position 6,Davin Alsin,MONROE  7,1548,91
SNOHOMISH REGIONAL FIRE &amp; RESCUE Commissioner Position 6,Steve Guptill,MONROE  7,1548,51
SNOHOMISH REGIONAL FIRE &amp; RESCUE Commissioner Position 6,WRITE-IN,MONROE  7,1548,2
SNOHOMISH REGIONAL FIRE &amp; RESCUE Commissioner Position 6,Seth Henderson,MONROE  8,1568,39
SNOHOMISH REGIONAL FIRE &amp; RESCUE Commissioner Position 6,Davin Alsin,MONROE  8,1568,90
SNOHOMISH REGIONAL FIRE &amp; RESCUE Commissioner Position 6,Steve Guptill,MONROE  8,1568,48
SNOHOMISH REGIONAL FIRE &amp; RESCUE Commissioner Position 6,WRITE-IN,MONROE  8,1568,3
SNOHOMISH REGIONAL FIRE &amp; RESCUE Commissioner Position 6,Seth Henderson,MONROE 10,1586,32
SNOHOMISH REGIONAL FIRE &amp; RESCUE Commissioner Position 6,Davin Alsin,MONROE 10,1586,79
SNOHOMISH REGIONAL FIRE &amp; RESCUE Commissioner Position 6,Steve Guptill,MONROE 10,1586,38
SNOHOMISH REGIONAL FIRE &amp; RESCUE Commissioner Position 6,WRITE-IN,MONROE 10,1586,0
SNOHOMISH REGIONAL FIRE &amp; RESCUE Commissioner Position 6,Seth Henderson,MONROE 11,1587,9
SNOHOMISH REGIONAL FIRE &amp; RESCUE Commissioner Position 6,Davin Alsin,MONROE 11,1587,33
SNOHOMISH REGIONAL FIRE &amp; RESCUE Commissioner Position 6,Steve Guptill,MONROE 11,1587,15
SNOHOMISH REGIONAL FIRE &amp; RESCUE Commissioner Position 6,WRITE-IN,MONROE 11,1587,0
SNOHOMISH REGIONAL FIRE &amp; RESCUE Commissioner Position 6,Seth Henderson,LAKE STEVENS  5,1625,25
SNOHOMISH REGIONAL FIRE &amp; RESCUE Commissioner Position 6,Davin Alsin,LAKE STEVENS  5,1625,52
SNOHOMISH REGIONAL FIRE &amp; RESCUE Commissioner Position 6,Steve Guptill,LAKE STEVENS  5,1625,26
SNOHOMISH REGIONAL FIRE &amp; RESCUE Commissioner Position 6,WRITE-IN,LAKE STEVENS  5,1625,0
SNOHOMISH REGIONAL FIRE &amp; RESCUE Commissioner Position 6,Seth Henderson,LAKE STEVENS  8,1649,17
SNOHOMISH REGIONAL FIRE &amp; RESCUE Commissioner Position 6,Davin Alsin,LAKE STEVENS  8,1649,51
SNOHOMISH REGIONAL FIRE &amp; RESCUE Commissioner Position 6,Steve Guptill,LAKE STEVENS  8,1649,16
SNOHOMISH REGIONAL FIRE &amp; RESCUE Commissioner Position 6,WRITE-IN,LAKE STEVENS  8,1649,0
SNOHOMISH REGIONAL FIRE &amp; RESCUE Commissioner Position 6,Seth Henderson,MONROE  9,1653,24
SNOHOMISH REGIONAL FIRE &amp; RESCUE Commissioner Position 6,Davin Alsin,MONROE  9,1653,55
SNOHOMISH REGIONAL FIRE &amp; RESCUE Commissioner Position 6,Steve Guptill,MONROE  9,1653,20
SNOHOMISH REGIONAL FIRE &amp; RESCUE Commissioner Position 6,WRITE-IN,MONROE  9,1653,0
SNOHOMISH REGIONAL FIRE &amp; RESCUE Commissioner Position 6,Seth Henderson,MONROE 12,1654,16
SNOHOMISH REGIONAL FIRE &amp; RESCUE Commissioner Position 6,Davin Alsin,MONROE 12,1654,43
SNOHOMISH REGIONAL FIRE &amp; RESCUE Commissioner Position 6,Steve Guptill,MONROE 12,1654,28
SNOHOMISH REGIONAL FIRE &amp; RESCUE Commissioner Position 6,WRITE-IN,MONROE 12,1654,0
SNOHOMISH REGIONAL FIRE &amp; RESCUE Commissioner Position 6,Seth Henderson,LAKE STEVENS  9,1663,44
SNOHOMISH REGIONAL FIRE &amp; RESCUE Commissioner Position 6,Davin Alsin,LAKE STEVENS  9,1663,92
SNOHOMISH REGIONAL FIRE &amp; RESCUE Commissioner Position 6,Steve Guptill,LAKE STEVENS  9,1663,35
SNOHOMISH REGIONAL FIRE &amp; RESCUE Commissioner Position 6,WRITE-IN,LAKE STEVENS  9,1663,0
SNOHOMISH REGIONAL FIRE &amp; RESCUE Commissioner Position 6,Seth Henderson,LAKE STEVENS 10,1664,32
SNOHOMISH REGIONAL FIRE &amp; RESCUE Commissioner Position 6,Davin Alsin,LAKE STEVENS 10,1664,84
SNOHOMISH REGIONAL FIRE &amp; RESCUE Commissioner Position 6,Steve Guptill,LAKE STEVENS 10,1664,17
SNOHOMISH REGIONAL FIRE &amp; RESCUE Commissioner Position 6,WRITE-IN,LAKE STEVENS 10,1664,0
SNOHOMISH REGIONAL FIRE &amp; RESCUE Commissioner Position 6,Seth Henderson,LAKE STEVENS 11,1671,25
SNOHOMISH REGIONAL FIRE &amp; RESCUE Commissioner Position 6,Davin Alsin,LAKE STEVENS 11,1671,33
SNOHOMISH REGIONAL FIRE &amp; RESCUE Commissioner Position 6,Steve Guptill,LAKE STEVENS 11,1671,14
SNOHOMISH REGIONAL FIRE &amp; RESCUE Commissioner Position 6,WRITE-IN,LAKE STEVENS 11,1671,0
SNOHOMISH REGIONAL FIRE &amp; RESCUE Commissioner Position 6,Seth Henderson,LAKE STEVENS 12,1672,44
SNOHOMISH REGIONAL FIRE &amp; RESCUE Commissioner Position 6,Davin Alsin,LAKE STEVENS 12,1672,48
SNOHOMISH REGIONAL FIRE &amp; RESCUE Commissioner Position 6,Steve Guptill,LAKE STEVENS 12,1672,16
SNOHOMISH REGIONAL FIRE &amp; RESCUE Commissioner Position 6,WRITE-IN,LAKE STEVENS 12,1672,1
SNOHOMISH REGIONAL FIRE &amp; RESCUE Commissioner Position 6,Seth Henderson,LAKE STEVENS 13,1673,43
SNOHOMISH REGIONAL FIRE &amp; RESCUE Commissioner Position 6,Davin Alsin,LAKE STEVENS 13,1673,73
SNOHOMISH REGIONAL FIRE &amp; RESCUE Commissioner Position 6,Steve Guptill,LAKE STEVENS 13,1673,21
SNOHOMISH REGIONAL FIRE &amp; RESCUE Commissioner Position 6,WRITE-IN,LAKE STEVENS 13,1673,0
SNOHOMISH REGIONAL FIRE &amp; RESCUE Commissioner Position 6,Seth Henderson,LAKE STEVENS 14,1674,47
SNOHOMISH REGIONAL FIRE &amp; RESCUE Commissioner Position 6,Davin Alsin,LAKE STEVENS 14,1674,80
SNOHOMISH REGIONAL FIRE &amp; RESCUE Commissioner Position 6,Steve Guptill,LAKE STEVENS 14,1674,23
SNOHOMISH REGIONAL FIRE &amp; RESCUE Commissioner Position 6,WRITE-IN,LAKE STEVENS 14,1674,1
SNOHOMISH REGIONAL FIRE &amp; RESCUE Commissioner Position 6,Seth Henderson,LAKE STEVENS 15,1675,40
SNOHOMISH REGIONAL FIRE &amp; RESCUE Commissioner Position 6,Davin Alsin,LAKE STEVENS 15,1675,80
SNOHOMISH REGIONAL FIRE &amp; RESCUE Commissioner Position 6,Steve Guptill,LAKE STEVENS 15,1675,30
SNOHOMISH REGIONAL FIRE &amp; RESCUE Commissioner Position 6,WRITE-IN,LAKE STEVENS 15,1675,1
SNOHOMISH REGIONAL FIRE &amp; RESCUE Commissioner Position 6,Seth Henderson,LAKE STEVENS 16,1716,37
SNOHOMISH REGIONAL FIRE &amp; RESCUE Commissioner Position 6,Davin Alsin,LAKE STEVENS 16,1716,51
SNOHOMISH REGIONAL FIRE &amp; RESCUE Commissioner Position 6,Steve Guptill,LAKE STEVENS 16,1716,12
SNOHOMISH REGIONAL FIRE &amp; RESCUE Commissioner Position 6,WRITE-IN,LAKE STEVENS 16,1716,1
SNOHOMISH REGIONAL FIRE &amp; RESCUE Commissioner Position 6,Seth Henderson,LAKE STEVENS 17,1717,27
SNOHOMISH REGIONAL FIRE &amp; RESCUE Commissioner Position 6,Davin Alsin,LAKE STEVENS 17,1717,30
SNOHOMISH REGIONAL FIRE &amp; RESCUE Commissioner Position 6,Steve Guptill,LAKE STEVENS 17,1717,7
SNOHOMISH REGIONAL FIRE &amp; RESCUE Commissioner Position 6,WRITE-IN,LAKE STEVENS 17,1717,2
SNOHOMISH REGIONAL FIRE &amp; RESCUE Commissioner Position 6,Seth Henderson,LAKE STEVENS 18,1718,20
SNOHOMISH REGIONAL FIRE &amp; RESCUE Commissioner Position 6,Davin Alsin,LAKE STEVENS 18,1718,63
SNOHOMISH REGIONAL FIRE &amp; RESCUE Commissioner Position 6,Steve Guptill,LAKE STEVENS 18,1718,25
SNOHOMISH REGIONAL FIRE &amp; RESCUE Commissioner Position 6,WRITE-IN,LAKE STEVENS 18,1718,0
SNOHOMISH REGIONAL FIRE &amp; RESCUE Commissioner Position 6,Seth Henderson,LAKE STEVENS 19,1719,40
SNOHOMISH REGIONAL FIRE &amp; RESCUE Commissioner Position 6,Davin Alsin,LAKE STEVENS 19,1719,73
SNOHOMISH REGIONAL FIRE &amp; RESCUE Commissioner Position 6,Steve Guptill,LAKE STEVENS 19,1719,22
SNOHOMISH REGIONAL FIRE &amp; RESCUE Commissioner Position 6,WRITE-IN,LAKE STEVENS 19,1719,0
SNOHOMISH REGIONAL FIRE &amp; RESCUE Commissioner Position 6,Seth Henderson,LAKE STEVENS 20,1720,32
SNOHOMISH REGIONAL FIRE &amp; RESCUE Commissioner Position 6,Davin Alsin,LAKE STEVENS 20,1720,75
SNOHOMISH REGIONAL FIRE &amp; RESCUE Commissioner Position 6,Steve Guptill,LAKE STEVENS 20,1720,27
SNOHOMISH REGIONAL FIRE &amp; RESCUE Commissioner Position 6,WRITE-IN,LAKE STEVENS 20,1720,0
SNOHOMISH REGIONAL FIRE &amp; RESCUE Commissioner Position 6,Seth Henderson,LAKE STEVENS 21,1721,40
SNOHOMISH REGIONAL FIRE &amp; RESCUE Commissioner Position 6,Davin Alsin,LAKE STEVENS 21,1721,101
SNOHOMISH REGIONAL FIRE &amp; RESCUE Commissioner Position 6,Steve Guptill,LAKE STEVENS 21,1721,39
SNOHOMISH REGIONAL FIRE &amp; RESCUE Commissioner Position 6,WRITE-IN,LAKE STEVENS 21,1721,0
SNOHOMISH REGIONAL FIRE &amp; RESCUE Commissioner Position 6,Seth Henderson,LAKE STEVENS 22,1722,36
SNOHOMISH REGIONAL FIRE &amp; RESCUE Commissioner Position 6,Davin Alsin,LAKE STEVENS 22,1722,72
SNOHOMISH REGIONAL FIRE &amp; RESCUE Commissioner Position 6,Steve Guptill,LAKE STEVENS 22,1722,17
SNOHOMISH REGIONAL FIRE &amp; RESCUE Commissioner Position 6,WRITE-IN,LAKE STEVENS 22,1722,0
SNOHOMISH REGIONAL FIRE &amp; RESCUE Commissioner Position 6,Seth Henderson,LAKE STEVENS 23,1723,30
SNOHOMISH REGIONAL FIRE &amp; RESCUE Commissioner Position 6,Davin Alsin,LAKE STEVENS 23,1723,65
SNOHOMISH REGIONAL FIRE &amp; RESCUE Commissioner Position 6,Steve Guptill,LAKE STEVENS 23,1723,31
SNOHOMISH REGIONAL FIRE &amp; RESCUE Commissioner Position 6,WRITE-IN,LAKE STEVENS 23,1723,1
SNOHOMISH REGIONAL FIRE &amp; RESCUE Commissioner Position 6,Seth Henderson,LAKE STEVENS 24,1724,20
SNOHOMISH REGIONAL FIRE &amp; RESCUE Commissioner Position 6,Davin Alsin,LAKE STEVENS 24,1724,40
SNOHOMISH REGIONAL FIRE &amp; RESCUE Commissioner Position 6,Steve Guptill,LAKE STEVENS 24,1724,15
SNOHOMISH REGIONAL FIRE &amp; RESCUE Commissioner Position 6,WRITE-IN,LAKE STEVENS 24,1724,0
SNOHOMISH REGIONAL FIRE &amp; RESCUE Commissioner Position 6,Seth Henderson,LAKE STEVENS 25,1725,26
SNOHOMISH REGIONAL FIRE &amp; RESCUE Commissioner Position 6,Davin Alsin,LAKE STEVENS 25,1725,47
SNOHOMISH REGIONAL FIRE &amp; RESCUE Commissioner Position 6,Steve Guptill,LAKE STEVENS 25,1725,16
SNOHOMISH REGIONAL FIRE &amp; RESCUE Commissioner Position 6,WRITE-IN,LAKE STEVENS 25,1725,3
SNOHOMISH REGIONAL FIRE &amp; RESCUE Commissioner Position 6,Seth Henderson,LAKE STEVENS 26,1726,46
SNOHOMISH REGIONAL FIRE &amp; RESCUE Commissioner Position 6,Davin Alsin,LAKE STEVENS 26,1726,74
SNOHOMISH REGIONAL FIRE &amp; RESCUE Commissioner Position 6,Steve Guptill,LAKE STEVENS 26,1726,16
SNOHOMISH REGIONAL FIRE &amp; RESCUE Commissioner Position 6,WRITE-IN,LAKE STEVENS 26,1726,1
SNOHOMISH REGIONAL FIRE &amp; RESCUE Commissioner Position 6,Seth Henderson,LAKE STEVENS 27,1727,42
SNOHOMISH REGIONAL FIRE &amp; RESCUE Commissioner Position 6,Davin Alsin,LAKE STEVENS 27,1727,61
SNOHOMISH REGIONAL FIRE &amp; RESCUE Commissioner Position 6,Steve Guptill,LAKE STEVENS 27,1727,36
SNOHOMISH REGIONAL FIRE &amp; RESCUE Commissioner Position 6,WRITE-IN,LAKE STEVENS 27,1727,0
SNOHOMISH REGIONAL FIRE &amp; RESCUE Commissioner Position 6,Seth Henderson,LAKE STEVENS 28,1757,19
SNOHOMISH REGIONAL FIRE &amp; RESCUE Commissioner Position 6,Davin Alsin,LAKE STEVENS 28,1757,39
SNOHOMISH REGIONAL FIRE &amp; RESCUE Commissioner Position 6,Steve Guptill,LAKE STEVENS 28,1757,8
SNOHOMISH REGIONAL FIRE &amp; RESCUE Commissioner Position 6,WRITE-IN,LAKE STEVENS 28,1757,0
SNOHOMISH REGIONAL FIRE &amp; RESCUE Commissioner Position 6,Seth Henderson,LAKE STEVENS 29,1774,35
SNOHOMISH REGIONAL FIRE &amp; RESCUE Commissioner Position 6,Davin Alsin,LAKE STEVENS 29,1774,75
SNOHOMISH REGIONAL FIRE &amp; RESCUE Commissioner Position 6,Steve Guptill,LAKE STEVENS 29,1774,25
SNOHOMISH REGIONAL FIRE &amp; RESCUE Commissioner Position 6,WRITE-IN,LAKE STEVENS 29,1774,0
SNOHOMISH REGIONAL FIRE &amp; RESCUE Commissioner Position 6,Seth Henderson,MONROE 13,1781,21
SNOHOMISH REGIONAL FIRE &amp; RESCUE Commissioner Position 6,Davin Alsin,MONROE 13,1781,50
SNOHOMISH REGIONAL FIRE &amp; RESCUE Commissioner Position 6,Steve Guptill,MONROE 13,1781,24
SNOHOMISH REGIONAL FIRE &amp; RESCUE Commissioner Position 6,WRITE-IN,MONROE 13,1781,1
SNOHOMISH REGIONAL FIRE &amp; RESCUE Commissioner Position 6,Seth Henderson,LAKE STEVENS 30,1796,56
SNOHOMISH REGIONAL FIRE &amp; RESCUE Commissioner Position 6,Davin Alsin,LAKE STEVENS 30,1796,60
SNOHOMISH REGIONAL FIRE &amp; RESCUE Commissioner Position 6,Steve Guptill,LAKE STEVENS 30,1796,19
SNOHOMISH REGIONAL FIRE &amp; RESCUE Commissioner Position 6,WRITE-IN,LAKE STEVENS 30,1796,1
SNOHOMISH REGIONAL FIRE &amp; RESCUE Commissioner Position 6,Seth Henderson,MONROE 14,1798,20
SNOHOMISH REGIONAL FIRE &amp; RESCUE Commissioner Position 6,Davin Alsin,MONROE 14,1798,54
SNOHOMISH REGIONAL FIRE &amp; RESCUE Commissioner Position 6,Steve Guptill,MONROE 14,1798,32
SNOHOMISH REGIONAL FIRE &amp; RESCUE Commissioner Position 6,WRITE-IN,MONROE 14,1798,0
SNOHOMISH REGIONAL FIRE &amp; RESCUE Commissioner Position 6,Seth Henderson,MONROE 15,1801,16
SNOHOMISH REGIONAL FIRE &amp; RESCUE Commissioner Position 6,Davin Alsin,MONROE 15,1801,85
SNOHOMISH REGIONAL FIRE &amp; RESCUE Commissioner Position 6,Steve Guptill,MONROE 15,1801,28
SNOHOMISH REGIONAL FIRE &amp; RESCUE Commissioner Position 6,WRITE-IN,MONROE 15,1801,0
SNOHOMISH REGIONAL FIRE &amp; RESCUE Commissioner Position 6,Seth Henderson,LAKE STEVENS 31,1809,18
SNOHOMISH REGIONAL FIRE &amp; RESCUE Commissioner Position 6,Davin Alsin,LAKE STEVENS 31,1809,40
SNOHOMISH REGIONAL FIRE &amp; RESCUE Commissioner Position 6,Steve Guptill,LAKE STEVENS 31,1809,11
SNOHOMISH REGIONAL FIRE &amp; RESCUE Commissioner Position 6,WRITE-IN,LAKE STEVENS 31,1809,0
SNOHOMISH REGIONAL FIRE &amp; RESCUE Commissioner Position 6,Seth Henderson,MONROE 16,1811,8
SNOHOMISH REGIONAL FIRE &amp; RESCUE Commissioner Position 6,Davin Alsin,MONROE 16,1811,16
SNOHOMISH REGIONAL FIRE &amp; RESCUE Commissioner Position 6,Steve Guptill,MONROE 16,1811,18
SNOHOMISH REGIONAL FIRE &amp; RESCUE Commissioner Position 6,WRITE-IN,MONROE 16,1811,1
SNOHOMISH REGIONAL FIRE &amp; RESCUE Commissioner Position 6,Seth Henderson,LAKE STEVENS 32,1828,43
SNOHOMISH REGIONAL FIRE &amp; RESCUE Commissioner Position 6,Davin Alsin,LAKE STEVENS 32,1828,118
SNOHOMISH REGIONAL FIRE &amp; RESCUE Commissioner Position 6,Steve Guptill,LAKE STEVENS 32,1828,36
SNOHOMISH REGIONAL FIRE &amp; RESCUE Commissioner Position 6,WRITE-IN,LAKE STEVENS 32,1828,2
SNOHOMISH REGIONAL FIRE &amp; RESCUE Commissioner Position 6,Seth Henderson,LAKE STEVENS 33,1829,35
SNOHOMISH REGIONAL FIRE &amp; RESCUE Commissioner Position 6,Davin Alsin,LAKE STEVENS 33,1829,79
SNOHOMISH REGIONAL FIRE &amp; RESCUE Commissioner Position 6,Steve Guptill,LAKE STEVENS 33,1829,28
SNOHOMISH REGIONAL FIRE &amp; RESCUE Commissioner Position 6,WRITE-IN,LAKE STEVENS 33,1829,0
SNOHOMISH REGIONAL FIRE &amp; RESCUE Commissioner Position 6,Seth Henderson,LAKE STEVENS 34,1830,42
SNOHOMISH REGIONAL FIRE &amp; RESCUE Commissioner Position 6,Davin Alsin,LAKE STEVENS 34,1830,80
SNOHOMISH REGIONAL FIRE &amp; RESCUE Commissioner Position 6,Steve Guptill,LAKE STEVENS 34,1830,20
SNOHOMISH REGIONAL FIRE &amp; RESCUE Commissioner Position 6,WRITE-IN,LAKE STEVENS 34,1830,1
SNOHOMISH REGIONAL FIRE &amp; RESCUE Commissioner Position 6,Seth Henderson,MONROE 17,1847,8
SNOHOMISH REGIONAL FIRE &amp; RESCUE Commissioner Position 6,Davin Alsin,MONROE 17,1847,28
SNOHOMISH REGIONAL FIRE &amp; RESCUE Commissioner Position 6,Steve Guptill,MONROE 17,1847,7
SNOHOMISH REGIONAL FIRE &amp; RESCUE Commissioner Position 6,WRITE-IN,MONROE 17,1847,0
SNOHOMISH REGIONAL FIRE &amp; RESCUE Commissioner Position 6,Seth Henderson,LAKE STEVENS 35,1854,28
SNOHOMISH REGIONAL FIRE &amp; RESCUE Commissioner Position 6,Davin Alsin,LAKE STEVENS 35,1854,43
SNOHOMISH REGIONAL FIRE &amp; RESCUE Commissioner Position 6,Steve Guptill,LAKE STEVENS 35,1854,13
SNOHOMISH REGIONAL FIRE &amp; RESCUE Commissioner Position 6,WRITE-IN,LAKE STEVENS 35,1854,0
SNOHOMISH REGIONAL FIRE &amp; RESCUE Commissioner Position 6,Seth Henderson,LAKE STEVENS 36,1855,20
SNOHOMISH REGIONAL FIRE &amp; RESCUE Commissioner Position 6,Davin Alsin,LAKE STEVENS 36,1855,61
SNOHOMISH REGIONAL FIRE &amp; RESCUE Commissioner Position 6,Steve Guptill,LAKE STEVENS 36,1855,18
SNOHOMISH REGIONAL FIRE &amp; RESCUE Commissioner Position 6,WRITE-IN,LAKE STEVENS 36,1855,1
SNOHOMISH REGIONAL FIRE &amp; RESCUE Commissioner Position 6,Seth Henderson,LAKE STEVENS 37,1861,36
SNOHOMISH REGIONAL FIRE &amp; RESCUE Commissioner Position 6,Davin Alsin,LAKE STEVENS 37,1861,84
SNOHOMISH REGIONAL FIRE &amp; RESCUE Commissioner Position 6,Steve Guptill,LAKE STEVENS 37,1861,23
SNOHOMISH REGIONAL FIRE &amp; RESCUE Commissioner Position 6,WRITE-IN,LAKE STEVENS 37,1861,1
SNOHOMISH REGIONAL FIRE &amp; RESCUE Commissioner Position 6,Seth Henderson,PARK PLACE,4003,14
SNOHOMISH REGIONAL FIRE &amp; RESCUE Commissioner Position 6,Davin Alsin,PARK PLACE,4003,33
SNOHOMISH REGIONAL FIRE &amp; RESCUE Commissioner Position 6,Steve Guptill,PARK PLACE,4003,13
SNOHOMISH REGIONAL FIRE &amp; RESCUE Commissioner Position 6,WRITE-IN,PARK PLACE,4003,0
SNOHOMISH REGIONAL FIRE &amp; RESCUE Commissioner Position 6,Seth Henderson,FERNWOOD,4006,45
SNOHOMISH REGIONAL FIRE &amp; RESCUE Commissioner Position 6,Davin Alsin,FERNWOOD,4006,91
SNOHOMISH REGIONAL FIRE &amp; RESCUE Commissioner Position 6,Steve Guptill,FERNWOOD,4006,19
SNOHOMISH REGIONAL FIRE &amp; RESCUE Commissioner Position 6,WRITE-IN,FERNWOOD,4006,0
SNOHOMISH REGIONAL FIRE &amp; RESCUE Commissioner Position 6,Seth Henderson,TUALCO,4007,20
SNOHOMISH REGIONAL FIRE &amp; RESCUE Commissioner Position 6,Davin Alsin,TUALCO,4007,60
SNOHOMISH REGIONAL FIRE &amp; RESCUE Commissioner Position 6,Steve Guptill,TUALCO,4007,30
SNOHOMISH REGIONAL FIRE &amp; RESCUE Commissioner Position 6,WRITE-IN,TUALCO,4007,2
SNOHOMISH REGIONAL FIRE &amp; RESCUE Commissioner Position 6,Seth Henderson,BEAR CREEK,4009,22
SNOHOMISH REGIONAL FIRE &amp; RESCUE Commissioner Position 6,Davin Alsin,BEAR CREEK,4009,76
SNOHOMISH REGIONAL FIRE &amp; RESCUE Commissioner Position 6,Steve Guptill,BEAR CREEK,4009,21
SNOHOMISH REGIONAL FIRE &amp; RESCUE Commissioner Position 6,WRITE-IN,BEAR CREEK,4009,0
SNOHOMISH REGIONAL FIRE &amp; RESCUE Commissioner Position 6,Seth Henderson,SHORTS,4013,13
SNOHOMISH REGIONAL FIRE &amp; RESCUE Commissioner Position 6,Davin Alsin,SHORTS,4013,30
SNOHOMISH REGIONAL FIRE &amp; RESCUE Commissioner Position 6,Steve Guptill,SHORTS,4013,6
SNOHOMISH REGIONAL FIRE &amp; RESCUE Commissioner Position 6,WRITE-IN,SHORTS,4013,0
SNOHOMISH REGIONAL FIRE &amp; RESCUE Commissioner Position 6,Seth Henderson,SOUTH SNOHOMISH(*),4017,0
SNOHOMISH REGIONAL FIRE &amp; RESCUE Commissioner Position 6,Davin Alsin,SOUTH SNOHOMISH(*),4017,0
SNOHOMISH REGIONAL FIRE &amp; RESCUE Commissioner Position 6,Steve Guptill,SOUTH SNOHOMISH(*),4017,0
SNOHOMISH REGIONAL FIRE &amp; RESCUE Commissioner Position 6,WRITE-IN,SOUTH SNOHOMISH(*),4017,0
SNOHOMISH REGIONAL FIRE &amp; RESCUE Commissioner Position 6,Seth Henderson,WELANGDON(*),4018,0
SNOHOMISH REGIONAL FIRE &amp; RESCUE Commissioner Position 6,Davin Alsin,WELANGDON(*),4018,0
SNOHOMISH REGIONAL FIRE &amp; RESCUE Commissioner Position 6,Steve Guptill,WELANGDON(*),4018,0
SNOHOMISH REGIONAL FIRE &amp; RESCUE Commissioner Position 6,WRITE-IN,WELANGDON(*),4018,0
SNOHOMISH REGIONAL FIRE &amp; RESCUE Commissioner Position 6,Seth Henderson,WHALEBACK(*),4019,0
SNOHOMISH REGIONAL FIRE &amp; RESCUE Commissioner Position 6,Davin Alsin,WHALEBACK(*),4019,0
SNOHOMISH REGIONAL FIRE &amp; RESCUE Commissioner Position 6,Steve Guptill,WHALEBACK(*),4019,0
SNOHOMISH REGIONAL FIRE &amp; RESCUE Commissioner Position 6,WRITE-IN,WHALEBACK(*),4019,0
SNOHOMISH REGIONAL FIRE &amp; RESCUE Commissioner Position 6,Seth Henderson,MALTBY,4026,43
SNOHOMISH REGIONAL FIRE &amp; RESCUE Commissioner Position 6,Davin Alsin,MALTBY,4026,92
SNOHOMISH REGIONAL FIRE &amp; RESCUE Commissioner Position 6,Steve Guptill,MALTBY,4026,33
SNOHOMISH REGIONAL FIRE &amp; RESCUE Commissioner Position 6,WRITE-IN,MALTBY,4026,0
SNOHOMISH REGIONAL FIRE &amp; RESCUE Commissioner Position 6,Seth Henderson,CATHCART,4032,27
SNOHOMISH REGIONAL FIRE &amp; RESCUE Commissioner Position 6,Davin Alsin,CATHCART,4032,71
SNOHOMISH REGIONAL FIRE &amp; RESCUE Commissioner Position 6,Steve Guptill,CATHCART,4032,28
SNOHOMISH REGIONAL FIRE &amp; RESCUE Commissioner Position 6,WRITE-IN,CATHCART,4032,0
SNOHOMISH REGIONAL FIRE &amp; RESCUE Commissioner Position 6,Seth Henderson,HARTFORD,4033,21
SNOHOMISH REGIONAL FIRE &amp; RESCUE Commissioner Position 6,Davin Alsin,HARTFORD,4033,28
SNOHOMISH REGIONAL FIRE &amp; RESCUE Commissioner Position 6,Steve Guptill,HARTFORD,4033,10
SNOHOMISH REGIONAL FIRE &amp; RESCUE Commissioner Position 6,WRITE-IN,HARTFORD,4033,0
SNOHOMISH REGIONAL FIRE &amp; RESCUE Commissioner Position 6,Seth Henderson,LOCHSLOY,4042,4
SNOHOMISH REGIONAL FIRE &amp; RESCUE Commissioner Position 6,Davin Alsin,LOCHSLOY,4042,30
SNOHOMISH REGIONAL FIRE &amp; RESCUE Commissioner Position 6,Steve Guptill,LOCHSLOY,4042,10
SNOHOMISH REGIONAL FIRE &amp; RESCUE Commissioner Position 6,WRITE-IN,LOCHSLOY,4042,0
SNOHOMISH REGIONAL FIRE &amp; RESCUE Commissioner Position 6,Seth Henderson,SUNNYSIDE,4044,14
SNOHOMISH REGIONAL FIRE &amp; RESCUE Commissioner Position 6,Davin Alsin,SUNNYSIDE,4044,13
SNOHOMISH REGIONAL FIRE &amp; RESCUE Commissioner Position 6,Steve Guptill,SUNNYSIDE,4044,8
SNOHOMISH REGIONAL FIRE &amp; RESCUE Commissioner Position 6,WRITE-IN,SUNNYSIDE,4044,0
SNOHOMISH REGIONAL FIRE &amp; RESCUE Commissioner Position 6,Seth Henderson,MACHIAS,4045,4
SNOHOMISH REGIONAL FIRE &amp; RESCUE Commissioner Position 6,Davin Alsin,MACHIAS,4045,17
SNOHOMISH REGIONAL FIRE &amp; RESCUE Commissioner Position 6,Steve Guptill,MACHIAS,4045,8
SNOHOMISH REGIONAL FIRE &amp; RESCUE Commissioner Position 6,WRITE-IN,MACHIAS,4045,0
SNOHOMISH REGIONAL FIRE &amp; RESCUE Commissioner Position 6,Seth Henderson,SOUTH LAKE STEVENS,4059,26
SNOHOMISH REGIONAL FIRE &amp; RESCUE Commissioner Position 6,Davin Alsin,SOUTH LAKE STEVENS,4059,53
SNOHOMISH REGIONAL FIRE &amp; RESCUE Commissioner Position 6,Steve Guptill,SOUTH LAKE STEVENS,4059,18
SNOHOMISH REGIONAL FIRE &amp; RESCUE Commissioner Position 6,WRITE-IN,SOUTH LAKE STEVENS,4059,0
SNOHOMISH REGIONAL FIRE &amp; RESCUE Commissioner Position 6,Seth Henderson,CLEARVIEW,4062,39
SNOHOMISH REGIONAL FIRE &amp; RESCUE Commissioner Position 6,Davin Alsin,CLEARVIEW,4062,98
SNOHOMISH REGIONAL FIRE &amp; RESCUE Commissioner Position 6,Steve Guptill,CLEARVIEW,4062,46
SNOHOMISH REGIONAL FIRE &amp; RESCUE Commissioner Position 6,WRITE-IN,CLEARVIEW,4062,1
SNOHOMISH REGIONAL FIRE &amp; RESCUE Commissioner Position 6,Seth Henderson,HIGHLAND,4064,37
SNOHOMISH REGIONAL FIRE &amp; RESCUE Commissioner Position 6,Davin Alsin,HIGHLAND,4064,115
SNOHOMISH REGIONAL FIRE &amp; RESCUE Commissioner Position 6,Steve Guptill,HIGHLAND,4064,62
SNOHOMISH REGIONAL FIRE &amp; RESCUE Commissioner Position 6,WRITE-IN,HIGHLAND,4064,0
SNOHOMISH REGIONAL FIRE &amp; RESCUE Commissioner Position 6,Seth Henderson,NORTH CREEK,4065,39
SNOHOMISH REGIONAL FIRE &amp; RESCUE Commissioner Position 6,Davin Alsin,NORTH CREEK,4065,91
SNOHOMISH REGIONAL FIRE &amp; RESCUE Commissioner Position 6,Steve Guptill,NORTH CREEK,4065,16
SNOHOMISH REGIONAL FIRE &amp; RESCUE Commissioner Position 6,WRITE-IN,NORTH CREEK,4065,0
SNOHOMISH REGIONAL FIRE &amp; RESCUE Commissioner Position 6,Seth Henderson,FIR,4066,10
SNOHOMISH REGIONAL FIRE &amp; RESCUE Commissioner Position 6,Davin Alsin,FIR,4066,12
SNOHOMISH REGIONAL FIRE &amp; RESCUE Commissioner Position 6,Steve Guptill,FIR,4066,10
SNOHOMISH REGIONAL FIRE &amp; RESCUE Commissioner Position 6,WRITE-IN,FIR,4066,0
SNOHOMISH REGIONAL FIRE &amp; RESCUE Commissioner Position 6,Seth Henderson,GLENWOOD,4067,17
SNOHOMISH REGIONAL FIRE &amp; RESCUE Commissioner Position 6,Davin Alsin,GLENWOOD,4067,57
SNOHOMISH REGIONAL FIRE &amp; RESCUE Commissioner Position 6,Steve Guptill,GLENWOOD,4067,18
SNOHOMISH REGIONAL FIRE &amp; RESCUE Commissioner Position 6,WRITE-IN,GLENWOOD,4067,2
SNOHOMISH REGIONAL FIRE &amp; RESCUE Commissioner Position 6,Seth Henderson,NEWBERG,4069,30
SNOHOMISH REGIONAL FIRE &amp; RESCUE Commissioner Position 6,Davin Alsin,NEWBERG,4069,71
SNOHOMISH REGIONAL FIRE &amp; RESCUE Commissioner Position 6,Steve Guptill,NEWBERG,4069,29
SNOHOMISH REGIONAL FIRE &amp; RESCUE Commissioner Position 6,WRITE-IN,NEWBERG,4069,1
SNOHOMISH REGIONAL FIRE &amp; RESCUE Commissioner Position 6,Seth Henderson,MERIDIAN,4136,16
SNOHOMISH REGIONAL FIRE &amp; RESCUE Commissioner Position 6,Davin Alsin,MERIDIAN,4136,40
SNOHOMISH REGIONAL FIRE &amp; RESCUE Commissioner Position 6,Steve Guptill,MERIDIAN,4136,9
SNOHOMISH REGIONAL FIRE &amp; RESCUE Commissioner Position 6,WRITE-IN,MERIDIAN,4136,0
SNOHOMISH REGIONAL FIRE &amp; RESCUE Commissioner Position 6,Seth Henderson,ELWOOD,4165,39
SNOHOMISH REGIONAL FIRE &amp; RESCUE Commissioner Position 6,Davin Alsin,ELWOOD,4165,84
SNOHOMISH REGIONAL FIRE &amp; RESCUE Commissioner Position 6,Steve Guptill,ELWOOD,4165,24
SNOHOMISH REGIONAL FIRE &amp; RESCUE Commissioner Position 6,WRITE-IN,ELWOOD,4165,0
SNOHOMISH REGIONAL FIRE &amp; RESCUE Commissioner Position 6,Seth Henderson,MINOR,4170,47
SNOHOMISH REGIONAL FIRE &amp; RESCUE Commissioner Position 6,Davin Alsin,MINOR,4170,109
SNOHOMISH REGIONAL FIRE &amp; RESCUE Commissioner Position 6,Steve Guptill,MINOR,4170,36
SNOHOMISH REGIONAL FIRE &amp; RESCUE Commissioner Position 6,WRITE-IN,MINOR,4170,0
SNOHOMISH REGIONAL FIRE &amp; RESCUE Commissioner Position 6,Seth Henderson,RAINIER,4171,23
SNOHOMISH REGIONAL FIRE &amp; RESCUE Commissioner Position 6,Davin Alsin,RAINIER,4171,40
SNOHOMISH REGIONAL FIRE &amp; RESCUE Commissioner Position 6,Steve Guptill,RAINIER,4171,8
SNOHOMISH REGIONAL FIRE &amp; RESCUE Commissioner Position 6,WRITE-IN,RAINIER,4171,3
SNOHOMISH REGIONAL FIRE &amp; RESCUE Commissioner Position 6,Seth Henderson,BEECHER,4178,26
SNOHOMISH REGIONAL FIRE &amp; RESCUE Commissioner Position 6,Davin Alsin,BEECHER,4178,46
SNOHOMISH REGIONAL FIRE &amp; RESCUE Commissioner Position 6,Steve Guptill,BEECHER,4178,21
SNOHOMISH REGIONAL FIRE &amp; RESCUE Commissioner Position 6,WRITE-IN,BEECHER,4178,0
SNOHOMISH REGIONAL FIRE &amp; RESCUE Commissioner Position 6,Seth Henderson,VILLE,4198,18
SNOHOMISH REGIONAL FIRE &amp; RESCUE Commissioner Position 6,Davin Alsin,VILLE,4198,50
SNOHOMISH REGIONAL FIRE &amp; RESCUE Commissioner Position 6,Steve Guptill,VILLE,4198,11
SNOHOMISH REGIONAL FIRE &amp; RESCUE Commissioner Position 6,WRITE-IN,VILLE,4198,0
SNOHOMISH REGIONAL FIRE &amp; RESCUE Commissioner Position 6,Seth Henderson,GRANNIS,4266,32
SNOHOMISH REGIONAL FIRE &amp; RESCUE Commissioner Position 6,Davin Alsin,GRANNIS,4266,57
SNOHOMISH REGIONAL FIRE &amp; RESCUE Commissioner Position 6,Steve Guptill,GRANNIS,4266,14
SNOHOMISH REGIONAL FIRE &amp; RESCUE Commissioner Position 6,WRITE-IN,GRANNIS,4266,0
SNOHOMISH REGIONAL FIRE &amp; RESCUE Commissioner Position 6,Seth Henderson,SUNSET,4271,24
SNOHOMISH REGIONAL FIRE &amp; RESCUE Commissioner Position 6,Davin Alsin,SUNSET,4271,73
SNOHOMISH REGIONAL FIRE &amp; RESCUE Commissioner Position 6,Steve Guptill,SUNSET,4271,16
SNOHOMISH REGIONAL FIRE &amp; RESCUE Commissioner Position 6,WRITE-IN,SUNSET,4271,0
SNOHOMISH REGIONAL FIRE &amp; RESCUE Commissioner Position 6,Seth Henderson,TROMBLEY,4272,12
SNOHOMISH REGIONAL FIRE &amp; RESCUE Commissioner Position 6,Davin Alsin,TROMBLEY,4272,28
SNOHOMISH REGIONAL FIRE &amp; RESCUE Commissioner Position 6,Steve Guptill,TROMBLEY,4272,13
SNOHOMISH REGIONAL FIRE &amp; RESCUE Commissioner Position 6,WRITE-IN,TROMBLEY,4272,0
SNOHOMISH REGIONAL FIRE &amp; RESCUE Commissioner Position 6,Seth Henderson,WOODLAND,4273,28
SNOHOMISH REGIONAL FIRE &amp; RESCUE Commissioner Position 6,Davin Alsin,WOODLAND,4273,38
SNOHOMISH REGIONAL FIRE &amp; RESCUE Commissioner Position 6,Steve Guptill,WOODLAND,4273,20
SNOHOMISH REGIONAL FIRE &amp; RESCUE Commissioner Position 6,WRITE-IN,WOODLAND,4273,0
SNOHOMISH REGIONAL FIRE &amp; RESCUE Commissioner Position 6,Seth Henderson,PILCHUCK,4275,19
SNOHOMISH REGIONAL FIRE &amp; RESCUE Commissioner Position 6,Davin Alsin,PILCHUCK,4275,48
SNOHOMISH REGIONAL FIRE &amp; RESCUE Commissioner Position 6,Steve Guptill,PILCHUCK,4275,19
SNOHOMISH REGIONAL FIRE &amp; RESCUE Commissioner Position 6,WRITE-IN,PILCHUCK,4275,0
SNOHOMISH REGIONAL FIRE &amp; RESCUE Commissioner Position 6,Seth Henderson,BROOK,4278,53
SNOHOMISH REGIONAL FIRE &amp; RESCUE Commissioner Position 6,Davin Alsin,BROOK,4278,80
SNOHOMISH REGIONAL FIRE &amp; RESCUE Commissioner Position 6,Steve Guptill,BROOK,4278,28
SNOHOMISH REGIONAL FIRE &amp; RESCUE Commissioner Position 6,WRITE-IN,BROOK,4278,1
SNOHOMISH REGIONAL FIRE &amp; RESCUE Commissioner Position 6,Seth Henderson,CREEK,4283,44
SNOHOMISH REGIONAL FIRE &amp; RESCUE Commissioner Position 6,Davin Alsin,CREEK,4283,85
SNOHOMISH REGIONAL FIRE &amp; RESCUE Commissioner Position 6,Steve Guptill,CREEK,4283,22
SNOHOMISH REGIONAL FIRE &amp; RESCUE Commissioner Position 6,WRITE-IN,CREEK,4283,4
SNOHOMISH REGIONAL FIRE &amp; RESCUE Commissioner Position 6,Seth Henderson,HIGH BRIDGE,4292,51
SNOHOMISH REGIONAL FIRE &amp; RESCUE Commissioner Position 6,Davin Alsin,HIGH BRIDGE,4292,131
SNOHOMISH REGIONAL FIRE &amp; RESCUE Commissioner Position 6,Steve Guptill,HIGH BRIDGE,4292,37
SNOHOMISH REGIONAL FIRE &amp; RESCUE Commissioner Position 6,WRITE-IN,HIGH BRIDGE,4292,0
SNOHOMISH REGIONAL FIRE &amp; RESCUE Commissioner Position 6,Seth Henderson,HILL,4293,33
SNOHOMISH REGIONAL FIRE &amp; RESCUE Commissioner Position 6,Davin Alsin,HILL,4293,60
SNOHOMISH REGIONAL FIRE &amp; RESCUE Commissioner Position 6,Steve Guptill,HILL,4293,19
SNOHOMISH REGIONAL FIRE &amp; RESCUE Commissioner Position 6,WRITE-IN,HILL,4293,0
SNOHOMISH REGIONAL FIRE &amp; RESCUE Commissioner Position 6,Seth Henderson,MEADOW,4300,42
SNOHOMISH REGIONAL FIRE &amp; RESCUE Commissioner Position 6,Davin Alsin,MEADOW,4300,67
SNOHOMISH REGIONAL FIRE &amp; RESCUE Commissioner Position 6,Steve Guptill,MEADOW,4300,31
SNOHOMISH REGIONAL FIRE &amp; RESCUE Commissioner Position 6,WRITE-IN,MEADOW,4300,0
SNOHOMISH REGIONAL FIRE &amp; RESCUE Commissioner Position 6,Seth Henderson,MISTY,4305,22
SNOHOMISH REGIONAL FIRE &amp; RESCUE Commissioner Position 6,Davin Alsin,MISTY,4305,65
SNOHOMISH REGIONAL FIRE &amp; RESCUE Commissioner Position 6,Steve Guptill,MISTY,4305,18
SNOHOMISH REGIONAL FIRE &amp; RESCUE Commissioner Position 6,WRITE-IN,MISTY,4305,1
SNOHOMISH REGIONAL FIRE &amp; RESCUE Commissioner Position 6,Seth Henderson,OWEN,4309,26
SNOHOMISH REGIONAL FIRE &amp; RESCUE Commissioner Position 6,Davin Alsin,OWEN,4309,95
SNOHOMISH REGIONAL FIRE &amp; RESCUE Commissioner Position 6,Steve Guptill,OWEN,4309,52
SNOHOMISH REGIONAL FIRE &amp; RESCUE Commissioner Position 6,WRITE-IN,OWEN,4309,0
SNOHOMISH REGIONAL FIRE &amp; RESCUE Commissioner Position 6,Seth Henderson,PARADISE,4310,40
SNOHOMISH REGIONAL FIRE &amp; RESCUE Commissioner Position 6,Davin Alsin,PARADISE,4310,114
SNOHOMISH REGIONAL FIRE &amp; RESCUE Commissioner Position 6,Steve Guptill,PARADISE,4310,26
SNOHOMISH REGIONAL FIRE &amp; RESCUE Commissioner Position 6,WRITE-IN,PARADISE,4310,2
SNOHOMISH REGIONAL FIRE &amp; RESCUE Commissioner Position 6,Seth Henderson,THRASHERS,4324,21
SNOHOMISH REGIONAL FIRE &amp; RESCUE Commissioner Position 6,Davin Alsin,THRASHERS,4324,14
SNOHOMISH REGIONAL FIRE &amp; RESCUE Commissioner Position 6,Steve Guptill,THRASHERS,4324,7
SNOHOMISH REGIONAL FIRE &amp; RESCUE Commissioner Position 6,WRITE-IN,THRASHERS,4324,1
SNOHOMISH REGIONAL FIRE &amp; RESCUE Commissioner Position 6,Seth Henderson,TURNER,4329,39
SNOHOMISH REGIONAL FIRE &amp; RESCUE Commissioner Position 6,Davin Alsin,TURNER,4329,148
SNOHOMISH REGIONAL FIRE &amp; RESCUE Commissioner Position 6,Steve Guptill,TURNER,4329,28
SNOHOMISH REGIONAL FIRE &amp; RESCUE Commissioner Position 6,WRITE-IN,TURNER,4329,1
SNOHOMISH REGIONAL FIRE &amp; RESCUE Commissioner Position 6,Seth Henderson,VIEW,4330,19
SNOHOMISH REGIONAL FIRE &amp; RESCUE Commissioner Position 6,Davin Alsin,VIEW,4330,73
SNOHOMISH REGIONAL FIRE &amp; RESCUE Commissioner Position 6,Steve Guptill,VIEW,4330,21
SNOHOMISH REGIONAL FIRE &amp; RESCUE Commissioner Position 6,WRITE-IN,VIEW,4330,0
SNOHOMISH REGIONAL FIRE &amp; RESCUE Commissioner Position 6,Seth Henderson,WELLINGTON,4333,55
SNOHOMISH REGIONAL FIRE &amp; RESCUE Commissioner Position 6,Davin Alsin,WELLINGTON,4333,154
SNOHOMISH REGIONAL FIRE &amp; RESCUE Commissioner Position 6,Steve Guptill,WELLINGTON,4333,42
SNOHOMISH REGIONAL FIRE &amp; RESCUE Commissioner Position 6,WRITE-IN,WELLINGTON,4333,0
SNOHOMISH REGIONAL FIRE &amp; RESCUE Commissioner Position 6,Seth Henderson,WHEELER,4334,47
SNOHOMISH REGIONAL FIRE &amp; RESCUE Commissioner Position 6,Davin Alsin,WHEELER,4334,96
SNOHOMISH REGIONAL FIRE &amp; RESCUE Commissioner Position 6,Steve Guptill,WHEELER,4334,36
SNOHOMISH REGIONAL FIRE &amp; RESCUE Commissioner Position 6,WRITE-IN,WHEELER,4334,0
SNOHOMISH REGIONAL FIRE &amp; RESCUE Commissioner Position 6,Seth Henderson,WITHERS,4338,44
SNOHOMISH REGIONAL FIRE &amp; RESCUE Commissioner Position 6,Davin Alsin,WITHERS,4338,76
SNOHOMISH REGIONAL FIRE &amp; RESCUE Commissioner Position 6,Steve Guptill,WITHERS,4338,16
SNOHOMISH REGIONAL FIRE &amp; RESCUE Commissioner Position 6,WRITE-IN,WITHERS,4338,0
SNOHOMISH REGIONAL FIRE &amp; RESCUE Commissioner Position 6,Seth Henderson,BLUFF,4340,33
SNOHOMISH REGIONAL FIRE &amp; RESCUE Commissioner Position 6,Davin Alsin,BLUFF,4340,101
SNOHOMISH REGIONAL FIRE &amp; RESCUE Commissioner Position 6,Steve Guptill,BLUFF,4340,67
SNOHOMISH REGIONAL FIRE &amp; RESCUE Commissioner Position 6,WRITE-IN,BLUFF,4340,0
SNOHOMISH REGIONAL FIRE &amp; RESCUE Commissioner Position 6,Seth Henderson,KENWOOD,4348,38
SNOHOMISH REGIONAL FIRE &amp; RESCUE Commissioner Position 6,Davin Alsin,KENWOOD,4348,65
SNOHOMISH REGIONAL FIRE &amp; RESCUE Commissioner Position 6,Steve Guptill,KENWOOD,4348,28
SNOHOMISH REGIONAL FIRE &amp; RESCUE Commissioner Position 6,WRITE-IN,KENWOOD,4348,0
SNOHOMISH REGIONAL FIRE &amp; RESCUE Commissioner Position 6,Seth Henderson,OLYMPUS,4357,25
SNOHOMISH REGIONAL FIRE &amp; RESCUE Commissioner Position 6,Davin Alsin,OLYMPUS,4357,49
SNOHOMISH REGIONAL FIRE &amp; RESCUE Commissioner Position 6,Steve Guptill,OLYMPUS,4357,12
SNOHOMISH REGIONAL FIRE &amp; RESCUE Commissioner Position 6,WRITE-IN,OLYMPUS,4357,0
SNOHOMISH REGIONAL FIRE &amp; RESCUE Commissioner Position 6,Seth Henderson,SEATTLE HILL(*),4361,0
SNOHOMISH REGIONAL FIRE &amp; RESCUE Commissioner Position 6,Davin Alsin,SEATTLE HILL(*),4361,0
SNOHOMISH REGIONAL FIRE &amp; RESCUE Commissioner Position 6,Steve Guptill,SEATTLE HILL(*),4361,0
SNOHOMISH REGIONAL FIRE &amp; RESCUE Commissioner Position 6,WRITE-IN,SEATTLE HILL(*),4361,0
SNOHOMISH REGIONAL FIRE &amp; RESCUE Commissioner Position 6,Seth Henderson,BATTERY,4369,27
SNOHOMISH REGIONAL FIRE &amp; RESCUE Commissioner Position 6,Davin Alsin,BATTERY,4369,52
SNOHOMISH REGIONAL FIRE &amp; RESCUE Commissioner Position 6,Steve Guptill,BATTERY,4369,29
SNOHOMISH REGIONAL FIRE &amp; RESCUE Commissioner Position 6,WRITE-IN,BATTERY,4369,1
SNOHOMISH REGIONAL FIRE &amp; RESCUE Commissioner Position 6,Seth Henderson,CAVALRY,4370,37
SNOHOMISH REGIONAL FIRE &amp; RESCUE Commissioner Position 6,Davin Alsin,CAVALRY,4370,72
SNOHOMISH REGIONAL FIRE &amp; RESCUE Commissioner Position 6,Steve Guptill,CAVALRY,4370,19
SNOHOMISH REGIONAL FIRE &amp; RESCUE Commissioner Position 6,WRITE-IN,CAVALRY,4370,1
SNOHOMISH REGIONAL FIRE &amp; RESCUE Commissioner Position 6,Seth Henderson,CHAIN LAKE,4371,31
SNOHOMISH REGIONAL FIRE &amp; RESCUE Commissioner Position 6,Davin Alsin,CHAIN LAKE,4371,107
SNOHOMISH REGIONAL FIRE &amp; RESCUE Commissioner Position 6,Steve Guptill,CHAIN LAKE,4371,48
SNOHOMISH REGIONAL FIRE &amp; RESCUE Commissioner Position 6,WRITE-IN,CHAIN LAKE,4371,0
SNOHOMISH REGIONAL FIRE &amp; RESCUE Commissioner Position 6,Seth Henderson,ECHO LAKE,4372,53
SNOHOMISH REGIONAL FIRE &amp; RESCUE Commissioner Position 6,Davin Alsin,ECHO LAKE,4372,118
SNOHOMISH REGIONAL FIRE &amp; RESCUE Commissioner Position 6,Steve Guptill,ECHO LAKE,4372,25
SNOHOMISH REGIONAL FIRE &amp; RESCUE Commissioner Position 6,WRITE-IN,ECHO LAKE,4372,1
SNOHOMISH REGIONAL FIRE &amp; RESCUE Commissioner Position 6,Seth Henderson,LOST LAKE,4375,26
SNOHOMISH REGIONAL FIRE &amp; RESCUE Commissioner Position 6,Davin Alsin,LOST LAKE,4375,84
SNOHOMISH REGIONAL FIRE &amp; RESCUE Commissioner Position 6,Steve Guptill,LOST LAKE,4375,29
SNOHOMISH REGIONAL FIRE &amp; RESCUE Commissioner Position 6,WRITE-IN,LOST LAKE,4375,0
SNOHOMISH REGIONAL FIRE &amp; RESCUE Commissioner Position 6,Seth Henderson,BOSTIAN,4387,32
SNOHOMISH REGIONAL FIRE &amp; RESCUE Commissioner Position 6,Davin Alsin,BOSTIAN,4387,82
SNOHOMISH REGIONAL FIRE &amp; RESCUE Commissioner Position 6,Steve Guptill,BOSTIAN,4387,16
SNOHOMISH REGIONAL FIRE &amp; RESCUE Commissioner Position 6,WRITE-IN,BOSTIAN,4387,2
SNOHOMISH REGIONAL FIRE &amp; RESCUE Commissioner Position 6,Seth Henderson,BROCKLIN,4388,24
SNOHOMISH REGIONAL FIRE &amp; RESCUE Commissioner Position 6,Davin Alsin,BROCKLIN,4388,72
SNOHOMISH REGIONAL FIRE &amp; RESCUE Commissioner Position 6,Steve Guptill,BROCKLIN,4388,55
SNOHOMISH REGIONAL FIRE &amp; RESCUE Commissioner Position 6,WRITE-IN,BROCKLIN,4388,1
SNOHOMISH REGIONAL FIRE &amp; RESCUE Commissioner Position 6,Seth Henderson,HIGH ROCK,4417,21
SNOHOMISH REGIONAL FIRE &amp; RESCUE Commissioner Position 6,Davin Alsin,HIGH ROCK,4417,45
SNOHOMISH REGIONAL FIRE &amp; RESCUE Commissioner Position 6,Steve Guptill,HIGH ROCK,4417,29
SNOHOMISH REGIONAL FIRE &amp; RESCUE Commissioner Position 6,WRITE-IN,HIGH ROCK,4417,0
SNOHOMISH REGIONAL FIRE &amp; RESCUE Commissioner Position 6,Seth Henderson,MAPLEWOOD,4426,30
SNOHOMISH REGIONAL FIRE &amp; RESCUE Commissioner Position 6,Davin Alsin,MAPLEWOOD,4426,86
SNOHOMISH REGIONAL FIRE &amp; RESCUE Commissioner Position 6,Steve Guptill,MAPLEWOOD,4426,26
SNOHOMISH REGIONAL FIRE &amp; RESCUE Commissioner Position 6,WRITE-IN,MAPLEWOOD,4426,0
SNOHOMISH REGIONAL FIRE &amp; RESCUE Commissioner Position 6,Seth Henderson,REES(*),4435,0
SNOHOMISH REGIONAL FIRE &amp; RESCUE Commissioner Position 6,Davin Alsin,REES(*),4435,0
SNOHOMISH REGIONAL FIRE &amp; RESCUE Commissioner Position 6,Steve Guptill,REES(*),4435,0
SNOHOMISH REGIONAL FIRE &amp; RESCUE Commissioner Position 6,WRITE-IN,REES(*),4435,0
SNOHOMISH REGIONAL FIRE &amp; RESCUE Commissioner Position 6,Seth Henderson,WAGNER,4442,38
SNOHOMISH REGIONAL FIRE &amp; RESCUE Commissioner Position 6,Davin Alsin,WAGNER,4442,59
SNOHOMISH REGIONAL FIRE &amp; RESCUE Commissioner Position 6,Steve Guptill,WAGNER,4442,69
SNOHOMISH REGIONAL FIRE &amp; RESCUE Commissioner Position 6,WRITE-IN,WAGNER,4442,1
SNOHOMISH REGIONAL FIRE &amp; RESCUE Commissioner Position 6,Seth Henderson,WOODS CREEK,4443,2
SNOHOMISH REGIONAL FIRE &amp; RESCUE Commissioner Position 6,Davin Alsin,WOODS CREEK,4443,3
SNOHOMISH REGIONAL FIRE &amp; RESCUE Commissioner Position 6,Steve Guptill,WOODS CREEK,4443,5
SNOHOMISH REGIONAL FIRE &amp; RESCUE Commissioner Position 6,WRITE-IN,WOODS CREEK,4443,0
SNOHOMISH REGIONAL FIRE &amp; RESCUE Commissioner Position 6,Seth Henderson,FAIRVIEW,4454,25
SNOHOMISH REGIONAL FIRE &amp; RESCUE Commissioner Position 6,Davin Alsin,FAIRVIEW,4454,64
SNOHOMISH REGIONAL FIRE &amp; RESCUE Commissioner Position 6,Steve Guptill,FAIRVIEW,4454,36
SNOHOMISH REGIONAL FIRE &amp; RESCUE Commissioner Position 6,WRITE-IN,FAIRVIEW,4454,0
SNOHOMISH REGIONAL FIRE &amp; RESCUE Commissioner Position 6,Seth Henderson,MARKS,4464,27
SNOHOMISH REGIONAL FIRE &amp; RESCUE Commissioner Position 6,Davin Alsin,MARKS,4464,49
SNOHOMISH REGIONAL FIRE &amp; RESCUE Commissioner Position 6,Steve Guptill,MARKS,4464,18
SNOHOMISH REGIONAL FIRE &amp; RESCUE Commissioner Position 6,WRITE-IN,MARKS,4464,1
SNOHOMISH REGIONAL FIRE &amp; RESCUE Commissioner Position 6,Seth Henderson,MILL,4471,22
SNOHOMISH REGIONAL FIRE &amp; RESCUE Commissioner Position 6,Davin Alsin,MILL,4471,55
SNOHOMISH REGIONAL FIRE &amp; RESCUE Commissioner Position 6,Steve Guptill,MILL,4471,19
SNOHOMISH REGIONAL FIRE &amp; RESCUE Commissioner Position 6,WRITE-IN,MILL,4471,0
SNOHOMISH REGIONAL FIRE &amp; RESCUE Commissioner Position 6,Seth Henderson,PARKSHORE,4479,32
SNOHOMISH REGIONAL FIRE &amp; RESCUE Commissioner Position 6,Davin Alsin,PARKSHORE,4479,71
SNOHOMISH REGIONAL FIRE &amp; RESCUE Commissioner Position 6,Steve Guptill,PARKSHORE,4479,12
SNOHOMISH REGIONAL FIRE &amp; RESCUE Commissioner Position 6,WRITE-IN,PARKSHORE,4479,0
SNOHOMISH REGIONAL FIRE &amp; RESCUE Commissioner Position 6,Seth Henderson,RHODY RIDGE,4481,0
SNOHOMISH REGIONAL FIRE &amp; RESCUE Commissioner Position 6,Davin Alsin,RHODY RIDGE,4481,8
SNOHOMISH REGIONAL FIRE &amp; RESCUE Commissioner Position 6,Steve Guptill,RHODY RIDGE,4481,2
SNOHOMISH REGIONAL FIRE &amp; RESCUE Commissioner Position 6,WRITE-IN,RHODY RIDGE,4481,0
SNOHOMISH REGIONAL FIRE &amp; RESCUE Commissioner Position 6,Seth Henderson,RIDGEWAY,4482,31
SNOHOMISH REGIONAL FIRE &amp; RESCUE Commissioner Position 6,Davin Alsin,RIDGEWAY,4482,89
SNOHOMISH REGIONAL FIRE &amp; RESCUE Commissioner Position 6,Steve Guptill,RIDGEWAY,4482,43
SNOHOMISH REGIONAL FIRE &amp; RESCUE Commissioner Position 6,WRITE-IN,RIDGEWAY,4482,1
SNOHOMISH REGIONAL FIRE &amp; RESCUE Commissioner Position 6,Seth Henderson,STAFFORD,4484,21
SNOHOMISH REGIONAL FIRE &amp; RESCUE Commissioner Position 6,Davin Alsin,STAFFORD,4484,82
SNOHOMISH REGIONAL FIRE &amp; RESCUE Commissioner Position 6,Steve Guptill,STAFFORD,4484,19
SNOHOMISH REGIONAL FIRE &amp; RESCUE Commissioner Position 6,WRITE-IN,STAFFORD,4484,0
SNOHOMISH REGIONAL FIRE &amp; RESCUE Commissioner Position 6,Seth Henderson,CENTENNIAL,4490,33
SNOHOMISH REGIONAL FIRE &amp; RESCUE Commissioner Position 6,Davin Alsin,CENTENNIAL,4490,60
SNOHOMISH REGIONAL FIRE &amp; RESCUE Commissioner Position 6,Steve Guptill,CENTENNIAL,4490,16
SNOHOMISH REGIONAL FIRE &amp; RESCUE Commissioner Position 6,WRITE-IN,CENTENNIAL,4490,3
SNOHOMISH REGIONAL FIRE &amp; RESCUE Commissioner Position 6,Seth Henderson,PIPELINE,4507,5
SNOHOMISH REGIONAL FIRE &amp; RESCUE Commissioner Position 6,Davin Alsin,PIPELINE,4507,38
SNOHOMISH REGIONAL FIRE &amp; RESCUE Commissioner Position 6,Steve Guptill,PIPELINE,4507,24
SNOHOMISH REGIONAL FIRE &amp; RESCUE Commissioner Position 6,WRITE-IN,PIPELINE,4507,1
SNOHOMISH REGIONAL FIRE &amp; RESCUE Commissioner Position 6,Seth Henderson,CASSIDY,4522,12
SNOHOMISH REGIONAL FIRE &amp; RESCUE Commissioner Position 6,Davin Alsin,CASSIDY,4522,31
SNOHOMISH REGIONAL FIRE &amp; RESCUE Commissioner Position 6,Steve Guptill,CASSIDY,4522,18
SNOHOMISH REGIONAL FIRE &amp; RESCUE Commissioner Position 6,WRITE-IN,CASSIDY,4522,0
SNOHOMISH REGIONAL FIRE &amp; RESCUE Commissioner Position 6,Seth Henderson,FERN(*),4526,0
SNOHOMISH REGIONAL FIRE &amp; RESCUE Commissioner Position 6,Davin Alsin,FERN(*),4526,0
SNOHOMISH REGIONAL FIRE &amp; RESCUE Commissioner Position 6,Steve Guptill,FERN(*),4526,0
SNOHOMISH REGIONAL FIRE &amp; RESCUE Commissioner Position 6,WRITE-IN,FERN(*),4526,0
SNOHOMISH REGIONAL FIRE &amp; RESCUE Commissioner Position 6,Seth Henderson,GREENWOOD,4530,33
SNOHOMISH REGIONAL FIRE &amp; RESCUE Commissioner Position 6,Davin Alsin,GREENWOOD,4530,61
SNOHOMISH REGIONAL FIRE &amp; RESCUE Commissioner Position 6,Steve Guptill,GREENWOOD,4530,20
SNOHOMISH REGIONAL FIRE &amp; RESCUE Commissioner Position 6,WRITE-IN,GREENWOOD,4530,2
SNOHOMISH REGIONAL FIRE &amp; RESCUE Commissioner Position 6,Seth Henderson,HILLSIDE,4532,10
SNOHOMISH REGIONAL FIRE &amp; RESCUE Commissioner Position 6,Davin Alsin,HILLSIDE,4532,33
SNOHOMISH REGIONAL FIRE &amp; RESCUE Commissioner Position 6,Steve Guptill,HILLSIDE,4532,3
SNOHOMISH REGIONAL FIRE &amp; RESCUE Commissioner Position 6,WRITE-IN,HILLSIDE,4532,0
SNOHOMISH REGIONAL FIRE &amp; RESCUE Commissioner Position 6,Seth Henderson,KOKANEE,4535,42
SNOHOMISH REGIONAL FIRE &amp; RESCUE Commissioner Position 6,Davin Alsin,KOKANEE,4535,86
SNOHOMISH REGIONAL FIRE &amp; RESCUE Commissioner Position 6,Steve Guptill,KOKANEE,4535,12
SNOHOMISH REGIONAL FIRE &amp; RESCUE Commissioner Position 6,WRITE-IN,KOKANEE,4535,0
SNOHOMISH REGIONAL FIRE &amp; RESCUE Commissioner Position 6,Seth Henderson,MERWIN,4547,7
SNOHOMISH REGIONAL FIRE &amp; RESCUE Commissioner Position 6,Davin Alsin,MERWIN,4547,22
SNOHOMISH REGIONAL FIRE &amp; RESCUE Commissioner Position 6,Steve Guptill,MERWIN,4547,2
SNOHOMISH REGIONAL FIRE &amp; RESCUE Commissioner Position 6,WRITE-IN,MERWIN,4547,0
SNOHOMISH REGIONAL FIRE &amp; RESCUE Commissioner Position 6,Seth Henderson,POND,4551,27
SNOHOMISH REGIONAL FIRE &amp; RESCUE Commissioner Position 6,Davin Alsin,POND,4551,62
SNOHOMISH REGIONAL FIRE &amp; RESCUE Commissioner Position 6,Steve Guptill,POND,4551,24
SNOHOMISH REGIONAL FIRE &amp; RESCUE Commissioner Position 6,WRITE-IN,POND,4551,0
SNOHOMISH REGIONAL FIRE &amp; RESCUE Commissioner Position 6,Seth Henderson,ROBINHOOD,4553,16
SNOHOMISH REGIONAL FIRE &amp; RESCUE Commissioner Position 6,Davin Alsin,ROBINHOOD,4553,45
SNOHOMISH REGIONAL FIRE &amp; RESCUE Commissioner Position 6,Steve Guptill,ROBINHOOD,4553,21
SNOHOMISH REGIONAL FIRE &amp; RESCUE Commissioner Position 6,WRITE-IN,ROBINHOOD,4553,1
SNOHOMISH REGIONAL FIRE &amp; RESCUE Commissioner Position 6,Seth Henderson,TERRACE,4556,11
SNOHOMISH REGIONAL FIRE &amp; RESCUE Commissioner Position 6,Davin Alsin,TERRACE,4556,10
SNOHOMISH REGIONAL FIRE &amp; RESCUE Commissioner Position 6,Steve Guptill,TERRACE,4556,2
SNOHOMISH REGIONAL FIRE &amp; RESCUE Commissioner Position 6,WRITE-IN,TERRACE,4556,0
SNOHOMISH REGIONAL FIRE &amp; RESCUE Commissioner Position 6,Seth Henderson,VALLEY,4559,10
SNOHOMISH REGIONAL FIRE &amp; RESCUE Commissioner Position 6,Davin Alsin,VALLEY,4559,23
SNOHOMISH REGIONAL FIRE &amp; RESCUE Commissioner Position 6,Steve Guptill,VALLEY,4559,6
SNOHOMISH REGIONAL FIRE &amp; RESCUE Commissioner Position 6,WRITE-IN,VALLEY,4559,0
SNOHOMISH REGIONAL FIRE &amp; RESCUE Commissioner Position 6,Seth Henderson,WELCH,4560,38
SNOHOMISH REGIONAL FIRE &amp; RESCUE Commissioner Position 6,Davin Alsin,WELCH,4560,164
SNOHOMISH REGIONAL FIRE &amp; RESCUE Commissioner Position 6,Steve Guptill,WELCH,4560,33
SNOHOMISH REGIONAL FIRE &amp; RESCUE Commissioner Position 6,WRITE-IN,WELCH,4560,1
SNOHOMISH REGIONAL FIRE &amp; RESCUE Commissioner Position 6,Seth Henderson,FALLS,4579,6
SNOHOMISH REGIONAL FIRE &amp; RESCUE Commissioner Position 6,Davin Alsin,FALLS,4579,15
SNOHOMISH REGIONAL FIRE &amp; RESCUE Commissioner Position 6,Steve Guptill,FALLS,4579,1
SNOHOMISH REGIONAL FIRE &amp; RESCUE Commissioner Position 6,WRITE-IN,FALLS,4579,0
SNOHOMISH REGIONAL FIRE &amp; RESCUE Commissioner Position 6,Seth Henderson,FOUR CORNERS,4580,13
SNOHOMISH REGIONAL FIRE &amp; RESCUE Commissioner Position 6,Davin Alsin,FOUR CORNERS,4580,18
SNOHOMISH REGIONAL FIRE &amp; RESCUE Commissioner Position 6,Steve Guptill,FOUR CORNERS,4580,9
SNOHOMISH REGIONAL FIRE &amp; RESCUE Commissioner Position 6,WRITE-IN,FOUR CORNERS,4580,0
SNOHOMISH REGIONAL FIRE &amp; RESCUE Commissioner Position 6,Seth Henderson,GATEWAY,4581,32
SNOHOMISH REGIONAL FIRE &amp; RESCUE Commissioner Position 6,Davin Alsin,GATEWAY,4581,62
SNOHOMISH REGIONAL FIRE &amp; RESCUE Commissioner Position 6,Steve Guptill,GATEWAY,4581,15
SNOHOMISH REGIONAL FIRE &amp; RESCUE Commissioner Position 6,WRITE-IN,GATEWAY,4581,1
SNOHOMISH REGIONAL FIRE &amp; RESCUE Commissioner Position 6,Seth Henderson,KATTENHORN,4584,28
SNOHOMISH REGIONAL FIRE &amp; RESCUE Commissioner Position 6,Davin Alsin,KATTENHORN,4584,82
SNOHOMISH REGIONAL FIRE &amp; RESCUE Commissioner Position 6,Steve Guptill,KATTENHORN,4584,19
SNOHOMISH REGIONAL FIRE &amp; RESCUE Commissioner Position 6,WRITE-IN,KATTENHORN,4584,1
SNOHOMISH REGIONAL FIRE &amp; RESCUE Commissioner Position 6,Seth Henderson,SNOCADE,4592,38
SNOHOMISH REGIONAL FIRE &amp; RESCUE Commissioner Position 6,Davin Alsin,SNOCADE,4592,85
SNOHOMISH REGIONAL FIRE &amp; RESCUE Commissioner Position 6,Steve Guptill,SNOCADE,4592,27
SNOHOMISH REGIONAL FIRE &amp; RESCUE Commissioner Position 6,WRITE-IN,SNOCADE,4592,2
SNOHOMISH REGIONAL FIRE &amp; RESCUE Commissioner Position 6,Seth Henderson,TOTEM FALLS,4594,40
SNOHOMISH REGIONAL FIRE &amp; RESCUE Commissioner Position 6,Davin Alsin,TOTEM FALLS,4594,98
SNOHOMISH REGIONAL FIRE &amp; RESCUE Commissioner Position 6,Steve Guptill,TOTEM FALLS,4594,19
SNOHOMISH REGIONAL FIRE &amp; RESCUE Commissioner Position 6,WRITE-IN,TOTEM FALLS,4594,1
SNOHOMISH REGIONAL FIRE &amp; RESCUE Commissioner Position 6,Seth Henderson,WOODSHIRE,4597,21
SNOHOMISH REGIONAL FIRE &amp; RESCUE Commissioner Position 6,Davin Alsin,WOODSHIRE,4597,53
SNOHOMISH REGIONAL FIRE &amp; RESCUE Commissioner Position 6,Steve Guptill,WOODSHIRE,4597,17
SNOHOMISH REGIONAL FIRE &amp; RESCUE Commissioner Position 6,WRITE-IN,WOODSHIRE,4597,0
SNOHOMISH REGIONAL FIRE &amp; RESCUE Commissioner Position 6,Seth Henderson,SILVER CREEK,4635,25
SNOHOMISH REGIONAL FIRE &amp; RESCUE Commissioner Position 6,Davin Alsin,SILVER CREEK,4635,59
SNOHOMISH REGIONAL FIRE &amp; RESCUE Commissioner Position 6,Steve Guptill,SILVER CREEK,4635,27
SNOHOMISH REGIONAL FIRE &amp; RESCUE Commissioner Position 6,WRITE-IN,SILVER CREEK,4635,0
SNOHOMISH REGIONAL FIRE &amp; RESCUE Commissioner Position 6,Seth Henderson,KENNARD,4639,28
SNOHOMISH REGIONAL FIRE &amp; RESCUE Commissioner Position 6,Davin Alsin,KENNARD,4639,73
SNOHOMISH REGIONAL FIRE &amp; RESCUE Commissioner Position 6,Steve Guptill,KENNARD,4639,7
SNOHOMISH REGIONAL FIRE &amp; RESCUE Commissioner Position 6,WRITE-IN,KENNARD,4639,1
SNOHOMISH REGIONAL FIRE &amp; RESCUE Commissioner Position 6,Seth Henderson,GLENBAR,4646,22
SNOHOMISH REGIONAL FIRE &amp; RESCUE Commissioner Position 6,Davin Alsin,GLENBAR,4646,54
SNOHOMISH REGIONAL FIRE &amp; RESCUE Commissioner Position 6,Steve Guptill,GLENBAR,4646,29
SNOHOMISH REGIONAL FIRE &amp; RESCUE Commissioner Position 6,WRITE-IN,GLENBAR,4646,3
SNOHOMISH REGIONAL FIRE &amp; RESCUE Commissioner Position 6,Seth Henderson,KENSINGTON,4648,34
SNOHOMISH REGIONAL FIRE &amp; RESCUE Commissioner Position 6,Davin Alsin,KENSINGTON,4648,83
SNOHOMISH REGIONAL FIRE &amp; RESCUE Commissioner Position 6,Steve Guptill,KENSINGTON,4648,28
SNOHOMISH REGIONAL FIRE &amp; RESCUE Commissioner Position 6,WRITE-IN,KENSINGTON,4648,1
SNOHOMISH REGIONAL FIRE &amp; RESCUE Commissioner Position 6,Seth Henderson,OLDMARK,4656,31
SNOHOMISH REGIONAL FIRE &amp; RESCUE Commissioner Position 6,Davin Alsin,OLDMARK,4656,61
SNOHOMISH REGIONAL FIRE &amp; RESCUE Commissioner Position 6,Steve Guptill,OLDMARK,4656,15
SNOHOMISH REGIONAL FIRE &amp; RESCUE Commissioner Position 6,WRITE-IN,OLDMARK,4656,0
SNOHOMISH REGIONAL FIRE &amp; RESCUE Commissioner Position 6,Seth Henderson,SILER,4657,19
SNOHOMISH REGIONAL FIRE &amp; RESCUE Commissioner Position 6,Davin Alsin,SILER,4657,46
SNOHOMISH REGIONAL FIRE &amp; RESCUE Commissioner Position 6,Steve Guptill,SILER,4657,30
SNOHOMISH REGIONAL FIRE &amp; RESCUE Commissioner Position 6,WRITE-IN,SILER,4657,0
SNOHOMISH REGIONAL FIRE &amp; RESCUE Commissioner Position 6,Seth Henderson,WINDROSE,4660,34
SNOHOMISH REGIONAL FIRE &amp; RESCUE Commissioner Position 6,Davin Alsin,WINDROSE,4660,62
SNOHOMISH REGIONAL FIRE &amp; RESCUE Commissioner Position 6,Steve Guptill,WINDROSE,4660,14
SNOHOMISH REGIONAL FIRE &amp; RESCUE Commissioner Position 6,WRITE-IN,WINDROSE,4660,0
SNOHOMISH REGIONAL FIRE &amp; RESCUE Commissioner Position 6,Seth Henderson,STRAWBERRY,4684,41
SNOHOMISH REGIONAL FIRE &amp; RESCUE Commissioner Position 6,Davin Alsin,STRAWBERRY,4684,69
SNOHOMISH REGIONAL FIRE &amp; RESCUE Commissioner Position 6,Steve Guptill,STRAWBERRY,4684,16
SNOHOMISH REGIONAL FIRE &amp; RESCUE Commissioner Position 6,WRITE-IN,STRAWBERRY,4684,0
SNOHOMISH REGIONAL FIRE &amp; RESCUE Commissioner Position 6,Seth Henderson,KINGMAN,4685,40
SNOHOMISH REGIONAL FIRE &amp; RESCUE Commissioner Position 6,Davin Alsin,KINGMAN,4685,62
SNOHOMISH REGIONAL FIRE &amp; RESCUE Commissioner Position 6,Steve Guptill,KINGMAN,4685,15
SNOHOMISH REGIONAL FIRE &amp; RESCUE Commissioner Position 6,WRITE-IN,KINGMAN,4685,0
SNOHOMISH REGIONAL FIRE &amp; RESCUE Commissioner Position 6,Seth Henderson,CRYSTAL CREEK,4691,13
SNOHOMISH REGIONAL FIRE &amp; RESCUE Commissioner Position 6,Davin Alsin,CRYSTAL CREEK,4691,44
SNOHOMISH REGIONAL FIRE &amp; RESCUE Commissioner Position 6,Steve Guptill,CRYSTAL CREEK,4691,13
SNOHOMISH REGIONAL FIRE &amp; RESCUE Commissioner Position 6,WRITE-IN,CRYSTAL CREEK,4691,0
SNOHOMISH REGIONAL FIRE &amp; RESCUE Commissioner Position 6,Seth Henderson,DOGWOOD,4693,25
SNOHOMISH REGIONAL FIRE &amp; RESCUE Commissioner Position 6,Davin Alsin,DOGWOOD,4693,68
SNOHOMISH REGIONAL FIRE &amp; RESCUE Commissioner Position 6,Steve Guptill,DOGWOOD,4693,20
SNOHOMISH REGIONAL FIRE &amp; RESCUE Commissioner Position 6,WRITE-IN,DOGWOOD,4693,1
SNOHOMISH REGIONAL FIRE &amp; RESCUE Commissioner Position 6,Seth Henderson,GLEN ACRES(*),4698,0
SNOHOMISH REGIONAL FIRE &amp; RESCUE Commissioner Position 6,Davin Alsin,GLEN ACRES(*),4698,0
SNOHOMISH REGIONAL FIRE &amp; RESCUE Commissioner Position 6,Steve Guptill,GLEN ACRES(*),4698,0
SNOHOMISH REGIONAL FIRE &amp; RESCUE Commissioner Position 6,WRITE-IN,GLEN ACRES(*),4698,0
SNOHOMISH REGIONAL FIRE &amp; RESCUE Commissioner Position 6,Seth Henderson,NEWTON,4705,18
SNOHOMISH REGIONAL FIRE &amp; RESCUE Commissioner Position 6,Davin Alsin,NEWTON,4705,46
SNOHOMISH REGIONAL FIRE &amp; RESCUE Commissioner Position 6,Steve Guptill,NEWTON,4705,4
SNOHOMISH REGIONAL FIRE &amp; RESCUE Commissioner Position 6,WRITE-IN,NEWTON,4705,0
SNOHOMISH REGIONAL FIRE &amp; RESCUE Commissioner Position 6,Seth Henderson,POPPY(*),4707,0
SNOHOMISH REGIONAL FIRE &amp; RESCUE Commissioner Position 6,Davin Alsin,POPPY(*),4707,0
SNOHOMISH REGIONAL FIRE &amp; RESCUE Commissioner Position 6,Steve Guptill,POPPY(*),4707,0
SNOHOMISH REGIONAL FIRE &amp; RESCUE Commissioner Position 6,WRITE-IN,POPPY(*),4707,0
SNOHOMISH REGIONAL FIRE &amp; RESCUE Commissioner Position 6,Seth Henderson,SOFIE,4710,17
SNOHOMISH REGIONAL FIRE &amp; RESCUE Commissioner Position 6,Davin Alsin,SOFIE,4710,38
SNOHOMISH REGIONAL FIRE &amp; RESCUE Commissioner Position 6,Steve Guptill,SOFIE,4710,33
SNOHOMISH REGIONAL FIRE &amp; RESCUE Commissioner Position 6,WRITE-IN,SOFIE,4710,0
SNOHOMISH REGIONAL FIRE &amp; RESCUE Commissioner Position 6,Seth Henderson,TAMBARK,4715,22
SNOHOMISH REGIONAL FIRE &amp; RESCUE Commissioner Position 6,Davin Alsin,TAMBARK,4715,51
SNOHOMISH REGIONAL FIRE &amp; RESCUE Commissioner Position 6,Steve Guptill,TAMBARK,4715,13
SNOHOMISH REGIONAL FIRE &amp; RESCUE Commissioner Position 6,WRITE-IN,TAMBARK,4715,0
SNOHOMISH REGIONAL FIRE &amp; RESCUE Commissioner Position 6,Seth Henderson,PILCHUCK RIVER,4753,4
SNOHOMISH REGIONAL FIRE &amp; RESCUE Commissioner Position 6,Davin Alsin,PILCHUCK RIVER,4753,6
SNOHOMISH REGIONAL FIRE &amp; RESCUE Commissioner Position 6,Steve Guptill,PILCHUCK RIVER,4753,2
SNOHOMISH REGIONAL FIRE &amp; RESCUE Commissioner Position 6,WRITE-IN,PILCHUCK RIVER,4753,0
SNOHOMISH REGIONAL FIRE &amp; RESCUE Commissioner Position 6,Seth Henderson,RICHLAND,4754,14
SNOHOMISH REGIONAL FIRE &amp; RESCUE Commissioner Position 6,Davin Alsin,RICHLAND,4754,44
SNOHOMISH REGIONAL FIRE &amp; RESCUE Commissioner Position 6,Steve Guptill,RICHLAND,4754,19
SNOHOMISH REGIONAL FIRE &amp; RESCUE Commissioner Position 6,WRITE-IN,RICHLAND,4754,0
SNOHOMISH REGIONAL FIRE &amp; RESCUE Commissioner Position 6,Seth Henderson,BELLEMONT,4762,51
SNOHOMISH REGIONAL FIRE &amp; RESCUE Commissioner Position 6,Davin Alsin,BELLEMONT,4762,86
SNOHOMISH REGIONAL FIRE &amp; RESCUE Commissioner Position 6,Steve Guptill,BELLEMONT,4762,25
SNOHOMISH REGIONAL FIRE &amp; RESCUE Commissioner Position 6,WRITE-IN,BELLEMONT,4762,0
SNOHOMISH REGIONAL FIRE &amp; RESCUE Commissioner Position 6,Seth Henderson,CARRIAGE PARK,4763,16
SNOHOMISH REGIONAL FIRE &amp; RESCUE Commissioner Position 6,Davin Alsin,CARRIAGE PARK,4763,52
SNOHOMISH REGIONAL FIRE &amp; RESCUE Commissioner Position 6,Steve Guptill,CARRIAGE PARK,4763,16
SNOHOMISH REGIONAL FIRE &amp; RESCUE Commissioner Position 6,WRITE-IN,CARRIAGE PARK,4763,0
SNOHOMISH REGIONAL FIRE &amp; RESCUE Commissioner Position 6,Seth Henderson,JEWELL,4803,29
SNOHOMISH REGIONAL FIRE &amp; RESCUE Commissioner Position 6,Davin Alsin,JEWELL,4803,82
SNOHOMISH REGIONAL FIRE &amp; RESCUE Commissioner Position 6,Steve Guptill,JEWELL,4803,19
SNOHOMISH REGIONAL FIRE &amp; RESCUE Commissioner Position 6,WRITE-IN,JEWELL,4803,0
SNOHOMISH REGIONAL FIRE &amp; RESCUE Commissioner Position 6,Seth Henderson,GOLD CREEK,4806,20
SNOHOMISH REGIONAL FIRE &amp; RESCUE Commissioner Position 6,Davin Alsin,GOLD CREEK,4806,29
SNOHOMISH REGIONAL FIRE &amp; RESCUE Commissioner Position 6,Steve Guptill,GOLD CREEK,4806,10
SNOHOMISH REGIONAL FIRE &amp; RESCUE Commissioner Position 6,WRITE-IN,GOLD CREEK,4806,1
SNOHOMISH REGIONAL FIRE &amp; RESCUE Commissioner Position 6,Seth Henderson,NORTH GRIFFIS,4813,4
SNOHOMISH REGIONAL FIRE &amp; RESCUE Commissioner Position 6,Davin Alsin,NORTH GRIFFIS,4813,18
SNOHOMISH REGIONAL FIRE &amp; RESCUE Commissioner Position 6,Steve Guptill,NORTH GRIFFIS,4813,1
SNOHOMISH REGIONAL FIRE &amp; RESCUE Commissioner Position 6,WRITE-IN,NORTH GRIFFIS,4813,0
SNOHOMISH REGIONAL FIRE &amp; RESCUE Commissioner Position 6,Seth Henderson,TREE FARM,4816,6
SNOHOMISH REGIONAL FIRE &amp; RESCUE Commissioner Position 6,Davin Alsin,TREE FARM,4816,8
SNOHOMISH REGIONAL FIRE &amp; RESCUE Commissioner Position 6,Steve Guptill,TREE FARM,4816,6
SNOHOMISH REGIONAL FIRE &amp; RESCUE Commissioner Position 6,WRITE-IN,TREE FARM,4816,0
SNOHOMISH REGIONAL FIRE &amp; RESCUE Commissioner Position 6,Seth Henderson,CUTOFF,4818,4
SNOHOMISH REGIONAL FIRE &amp; RESCUE Commissioner Position 6,Davin Alsin,CUTOFF,4818,4
SNOHOMISH REGIONAL FIRE &amp; RESCUE Commissioner Position 6,Steve Guptill,CUTOFF,4818,3
SNOHOMISH REGIONAL FIRE &amp; RESCUE Commissioner Position 6,WRITE-IN,CUTOFF,4818,0
SNOHOMISH REGIONAL FIRE &amp; RESCUE Commissioner Position 6,Seth Henderson,WETLANDS,4820,17
SNOHOMISH REGIONAL FIRE &amp; RESCUE Commissioner Position 6,Davin Alsin,WETLANDS,4820,23
SNOHOMISH REGIONAL FIRE &amp; RESCUE Commissioner Position 6,Steve Guptill,WETLANDS,4820,5
SNOHOMISH REGIONAL FIRE &amp; RESCUE Commissioner Position 6,WRITE-IN,WETLANDS,4820,0
SNOHOMISH REGIONAL FIRE &amp; RESCUE Commissioner Position 6,Seth Henderson,SINCLAIR,4841,25
SNOHOMISH REGIONAL FIRE &amp; RESCUE Commissioner Position 6,Davin Alsin,SINCLAIR,4841,97
SNOHOMISH REGIONAL FIRE &amp; RESCUE Commissioner Position 6,Steve Guptill,SINCLAIR,4841,22
SNOHOMISH REGIONAL FIRE &amp; RESCUE Commissioner Position 6,WRITE-IN,SINCLAIR,4841,0
SNOHOMISH REGIONAL FIRE &amp; RESCUE Commissioner Position 6,Seth Henderson,RICHARDSON,4842,20
SNOHOMISH REGIONAL FIRE &amp; RESCUE Commissioner Position 6,Davin Alsin,RICHARDSON,4842,80
SNOHOMISH REGIONAL FIRE &amp; RESCUE Commissioner Position 6,Steve Guptill,RICHARDSON,4842,44
SNOHOMISH REGIONAL FIRE &amp; RESCUE Commissioner Position 6,WRITE-IN,RICHARDSON,4842,1
SNOHOMISH REGIONAL FIRE &amp; RESCUE Commissioner Position 6,Seth Henderson,NOTTINGHAM,4843,39
SNOHOMISH REGIONAL FIRE &amp; RESCUE Commissioner Position 6,Davin Alsin,NOTTINGHAM,4843,72
SNOHOMISH REGIONAL FIRE &amp; RESCUE Commissioner Position 6,Steve Guptill,NOTTINGHAM,4843,49
SNOHOMISH REGIONAL FIRE &amp; RESCUE Commissioner Position 6,WRITE-IN,NOTTINGHAM,4843,0
SNOHOMISH REGIONAL FIRE &amp; RESCUE Commissioner Position 6,Seth Henderson,CAVALERO,4845,9
SNOHOMISH REGIONAL FIRE &amp; RESCUE Commissioner Position 6,Davin Alsin,CAVALERO,4845,9
SNOHOMISH REGIONAL FIRE &amp; RESCUE Commissioner Position 6,Steve Guptill,CAVALERO,4845,3
SNOHOMISH REGIONAL FIRE &amp; RESCUE Commissioner Position 6,WRITE-IN,CAVALERO,4845,0
