contest,candidate,precinct,votes
COUNTY COUNCIL DISTRICT 1 Council District 1,Nate Nehring,1047,81
COUNTY COUNCIL DISTRICT 1 Council District 1,Nate Nehring,1048,54
COUNTY COUNCIL DISTRICT 1 Council District 1,Nate Nehring,1049,121
COUNTY COUNCIL DISTRICT 1 Council District 1,Nate Nehring,1050,91
COUNTY COUNCIL DISTRICT 1 Council District 1,Nate Nehring,1051,80
COUNTY COUNCIL DISTRICT 1 Council District 1,Nate Nehring,1128,98
COUNTY COUNCIL DISTRICT 1 Council District 1,Nate Nehring,1129,128
COUNTY COUNCIL DISTRICT 1 Council District 1,Nate Nehring,1130,78
COUNTY COUNCIL DISTRICT 1 Council District 1,Nate Nehring,1199,66
COUNTY COUNCIL DISTRICT 1 Council District 1,Nate Nehring,1200,127
COUNTY COUNCIL DISTRICT 1 Council District 1,Nate Nehring,1261,150
COUNTY COUNCIL DISTRICT 1 Council District 1,Nate Nehring,1299,50
COUNTY COUNCIL DISTRICT 1 Council District 1,Nate Nehring,1342,173
COUNTY COUNCIL DISTRICT 1 Council District 1,Nate Nehring,1350,117
COUNTY COUNCIL DISTRICT 1 Council District 1,Nate Nehring,1351,141
COUNTY COUNCIL DISTRICT 1 Council District 1,Nate Nehring,1384,117
COUNTY COUNCIL DISTRICT 1 Council District 1,Nate Nehring,1385,106
COUNTY COUNCIL DISTRICT 1 Council District 1,Nate Nehring,1386,184
COUNTY COUNCIL DISTRICT 1 Council District 1,Nate Nehring,1428,209
COUNTY COUNCIL DISTRICT 1 Council District 1,Nate Nehring,1429,107
COUNTY COUNCIL DISTRICT 1 Council District 1,Nate Nehring,1430,137
COUNTY COUNCIL DISTRICT 1 Council District 1,Nate Nehring,1465,164
COUNTY COUNCIL DISTRICT 1 Council District 1,Nate Nehring,1466,146
COUNTY COUNCIL DISTRICT 1 Council District 1,Nate Nehring,1467,164
COUNTY COUNCIL DISTRICT 1 Council District 1,Nate Nehring,1468,128
COUNTY COUNCIL DISTRICT 1 Council District 1,Nate Nehring,1494,219
COUNTY COUNCIL DISTRICT 1 Council District 1,Nate Nehring,1498,93
COUNTY COUNCIL DISTRICT 1 Council District 1,Nate Nehring,1499,138
COUNTY COUNCIL DISTRICT 1 Council District 1,Nate Nehring,1504,131
COUNTY COUNCIL DISTRICT 1 Council District 1,Nate Nehring,1509,136
COUNTY COUNCIL DISTRICT 1 Council District 1,Nate Nehring,1518,171
COUNTY COUNCIL DISTRICT 1 Council District 1,Nate Nehring,1540,142
COUNTY COUNCIL DISTRICT 1 Council District 1,Nate Nehring,1541,174
COUNTY COUNCIL DISTRICT 1 Council District 1,Nate Nehring,1542,82
COUNTY COUNCIL DISTRICT 1 Council District 1,Nate Nehring,1543,137
COUNTY COUNCIL DISTRICT 1 Council District 1,Nate Nehring,1544,160
COUNTY COUNCIL DISTRICT 1 Council District 1,Nate Nehring,1569,76
COUNTY COUNCIL DISTRICT 1 Council District 1,Nate Nehring,1570,70
COUNTY COUNCIL DISTRICT 1 Council District 1,Nate Nehring,1571,136
COUNTY COUNCIL DISTRICT 1 Council District 1,Nate Nehring,1572,109
COUNTY COUNCIL DISTRICT 1 Council District 1,Nate Nehring,1574,80
COUNTY COUNCIL DISTRICT 1 Council District 1,Nate Nehring,1628,93
COUNTY COUNCIL DISTRICT 1 Council District 1,Nate Nehring,1636,78
COUNTY COUNCIL DISTRICT 1 Council District 1,Nate Nehring,1637,123
COUNTY COUNCIL DISTRICT 1 Council District 1,Nate Nehring,1641,225
COUNTY COUNCIL DISTRICT 1 Council District 1,Nate Nehring,1643,145
COUNTY COUNCIL DISTRICT 1 Council District 1,Nate Nehring,1650,66
COUNTY COUNCIL DISTRICT 1 Council District 1,Nate Nehring,1651,63
COUNTY COUNCIL DISTRICT 1 Council District 1,Nate Nehring,1661,140
COUNTY COUNCIL DISTRICT 1 Council District 1,Nate Nehring,1669,144
COUNTY COUNCIL DISTRICT 1 Council District 1,Nate Nehring,1670,75
COUNTY COUNCIL DISTRICT 1 Council District 1,Nate Nehring,1676,153
COUNTY COUNCIL DISTRICT 1 Council District 1,Nate Nehring,1677,141
COUNTY COUNCIL DISTRICT 1 Council District 1,Nate Nehring,1678,82
COUNTY COUNCIL DISTRICT 1 Council District 1,Nate Nehring,1679,122
COUNTY COUNCIL DISTRICT 1 Council District 1,Nate Nehring,1680,0
COUNTY COUNCIL DISTRICT 1 Council District 1,Nate Nehring,1686,117
COUNTY COUNCIL DISTRICT 1 Council District 1,Nate Nehring,1687,95
COUNTY COUNCIL DISTRICT 1 Council District 1,Nate Nehring,1701,110
COUNTY COUNCIL DISTRICT 1 Council District 1,Nate Nehring,1711,125
COUNTY COUNCIL DISTRICT 1 Council District 1,Nate Nehring,1712,87
COUNTY COUNCIL DISTRICT 1 Council District 1,Nate Nehring,1728,127
COUNTY COUNCIL DISTRICT 1 Council District 1,Nate Nehring,1729,105
COUNTY COUNCIL DISTRICT 1 Council District 1,Nate Nehring,1730,130
COUNTY COUNCIL DISTRICT 1 Council District 1,Nate Nehring,1731,106
COUNTY COUNCIL DISTRICT 1 Council District 1,Nate Nehring,1732,109
COUNTY COUNCIL DISTRICT 1 Council District 1,Nate Nehring,1733,136
COUNTY COUNCIL DISTRICT 1 Council District 1,Nate Nehring,1734,81
COUNTY COUNCIL DISTRICT 1 Council District 1,Nate Nehring,1735,130
COUNTY COUNCIL DISTRICT 1 Council District 1,Nate Nehring,1736,151
COUNTY COUNCIL DISTRICT 1 Council District 1,Nate Nehring,1737,81
COUNTY COUNCIL DISTRICT 1 Council District 1,Nate Nehring,1738,142
COUNTY COUNCIL DISTRICT 1 Council District 1,Nate Nehring,1739,180
COUNTY COUNCIL DISTRICT 1 Council District 1,Nate Nehring,1740,163
COUNTY COUNCIL DISTRICT 1 Council District 1,Nate Nehring,1741,121
COUNTY COUNCIL DISTRICT 1 Council District 1,Nate Nehring,1742,122
COUNTY COUNCIL DISTRICT 1 Council District 1,Nate Nehring,1743,135
COUNTY COUNCIL DISTRICT 1 Council District 1,Nate Nehring,1744,71
COUNTY COUNCIL DISTRICT 1 Council District 1,Nate Nehring,1745,81
COUNTY COUNCIL DISTRICT 1 Council District 1,Nate Nehring,1746,100
COUNTY COUNCIL DISTRICT 1 Council District 1,Nate Nehring,1747,92
COUNTY COUNCIL DISTRICT 1 Council District 1,Nate Nehring,1748,85
COUNTY COUNCIL DISTRICT 1 Council District 1,Nate Nehring,1751,1
COUNTY COUNCIL DISTRICT 1 Council District 1,Nate Nehring,1760,12
COUNTY COUNCIL DISTRICT 1 Council District 1,Nate Nehring,1766,153
COUNTY COUNCIL DISTRICT 1 Council District 1,Nate Nehring,1767,45
COUNTY COUNCIL DISTRICT 1 Council District 1,Nate Nehring,1768,70
COUNTY COUNCIL DISTRICT 1 Council District 1,Nate Nehring,1769,77
COUNTY COUNCIL DISTRICT 1 Council District 1,Nate Nehring,1770,93
COUNTY COUNCIL DISTRICT 1 Council District 1,Nate Nehring,1778,29
COUNTY COUNCIL DISTRICT 1 Council District 1,Nate Nehring,1780,86
COUNTY COUNCIL DISTRICT 1 Council District 1,Nate Nehring,1794,77
COUNTY COUNCIL DISTRICT 1 Council District 1,Nate Nehring,1795,83
COUNTY COUNCIL DISTRICT 1 Council District 1,Nate Nehring,1797,71
COUNTY COUNCIL DISTRICT 1 Council District 1,Nate Nehring,1799,63
COUNTY COUNCIL DISTRICT 1 Council District 1,Nate Nehring,1814,107
COUNTY COUNCIL DISTRICT 1 Council District 1,Nate Nehring,1821,127
COUNTY COUNCIL DISTRICT 1 Council District 1,Nate Nehring,1823,112
COUNTY COUNCIL DISTRICT 1 Council District 1,Nate Nehring,1825,45
COUNTY COUNCIL DISTRICT 1 Council District 1,Nate Nehring,1827,0
COUNTY COUNCIL DISTRICT 1 Council District 1,Nate Nehring,1831,79
COUNTY COUNCIL DISTRICT 1 Council District 1,Nate Nehring,1835,0
COUNTY COUNCIL DISTRICT 1 Council District 1,Nate Nehring,1848,101
COUNTY COUNCIL DISTRICT 1 Council District 1,Nate Nehring,1849,29
COUNTY COUNCIL DISTRICT 1 Council District 1,Nate Nehring,1850,94
COUNTY COUNCIL DISTRICT 1 Council District 1,Nate Nehring,1859,25
COUNTY COUNCIL DISTRICT 1 Council District 1,Nate Nehring,1860,78
COUNTY COUNCIL DISTRICT 1 Council District 1,Nate Nehring,1862,69
COUNTY COUNCIL DISTRICT 1 Council District 1,Nate Nehring,1863,73
COUNTY COUNCIL DISTRICT 1 Council District 1,Nate Nehring,1864,33
COUNTY COUNCIL DISTRICT 1 Council District 1,Nate Nehring,1866,43
COUNTY COUNCIL DISTRICT 1 Council District 1,Nate Nehring,1870,75
COUNTY COUNCIL DISTRICT 1 Council District 1,Nate Nehring,4002,32
COUNTY COUNCIL DISTRICT 1 Council District 1,Nate Nehring,4004,231
COUNTY COUNCIL DISTRICT 1 Council District 1,Nate Nehring,4011,61
COUNTY COUNCIL DISTRICT 1 Council District 1,Nate Nehring,4015,52
COUNTY COUNCIL DISTRICT 1 Council District 1,Nate Nehring,4016,86
COUNTY COUNCIL DISTRICT 1 Council District 1,Nate Nehring,4020,84
COUNTY COUNCIL DISTRICT 1 Council District 1,Nate Nehring,4021,39
COUNTY COUNCIL DISTRICT 1 Council District 1,Nate Nehring,4022,151
COUNTY COUNCIL DISTRICT 1 Council District 1,Nate Nehring,4023,60
COUNTY COUNCIL DISTRICT 1 Council District 1,Nate Nehring,4025,129
COUNTY COUNCIL DISTRICT 1 Council District 1,Nate Nehring,4027,106
COUNTY COUNCIL DISTRICT 1 Council District 1,Nate Nehring,4028,82
COUNTY COUNCIL DISTRICT 1 Council District 1,Nate Nehring,4030,35
COUNTY COUNCIL DISTRICT 1 Council District 1,Nate Nehring,4033,51
COUNTY COUNCIL DISTRICT 1 Council District 1,Nate Nehring,4034,120
COUNTY COUNCIL DISTRICT 1 Council District 1,Nate Nehring,4035,60
COUNTY COUNCIL DISTRICT 1 Council District 1,Nate Nehring,4037,84
COUNTY COUNCIL DISTRICT 1 Council District 1,Nate Nehring,4042,124
COUNTY COUNCIL DISTRICT 1 Council District 1,Nate Nehring,4044,29
COUNTY COUNCIL DISTRICT 1 Council District 1,Nate Nehring,4053,103
COUNTY COUNCIL DISTRICT 1 Council District 1,Nate Nehring,4057,84
COUNTY COUNCIL DISTRICT 1 Council District 1,Nate Nehring,4060,92
COUNTY COUNCIL DISTRICT 1 Council District 1,Nate Nehring,4061,120
COUNTY COUNCIL DISTRICT 1 Council District 1,Nate Nehring,4069,105
COUNTY COUNCIL DISTRICT 1 Council District 1,Nate Nehring,4073,93
COUNTY COUNCIL DISTRICT 1 Council District 1,Nate Nehring,4087,138
COUNTY COUNCIL DISTRICT 1 Council District 1,Nate Nehring,4151,16
COUNTY COUNCIL DISTRICT 1 Council District 1,Nate Nehring,4167,149
COUNTY COUNCIL DISTRICT 1 Council District 1,Nate Nehring,4211,68
COUNTY COUNCIL DISTRICT 1 Council District 1,Nate Nehring,4264,61
COUNTY COUNCIL DISTRICT 1 Council District 1,Nate Nehring,4270,113
COUNTY COUNCIL DISTRICT 1 Council District 1,Nate Nehring,4275,71
COUNTY COUNCIL DISTRICT 1 Council District 1,Nate Nehring,4296,87
COUNTY COUNCIL DISTRICT 1 Council District 1,Nate Nehring,4318,45
COUNTY COUNCIL DISTRICT 1 Council District 1,Nate Nehring,4319,103
COUNTY COUNCIL DISTRICT 1 Council District 1,Nate Nehring,4321,93
COUNTY COUNCIL DISTRICT 1 Council District 1,Nate Nehring,4323,170
COUNTY COUNCIL DISTRICT 1 Council District 1,Nate Nehring,4325,0
COUNTY COUNCIL DISTRICT 1 Council District 1,Nate Nehring,4326,120
COUNTY COUNCIL DISTRICT 1 Council District 1,Nate Nehring,4332,197
COUNTY COUNCIL DISTRICT 1 Council District 1,Nate Nehring,4335,111
COUNTY COUNCIL DISTRICT 1 Council District 1,Nate Nehring,4347,100
COUNTY COUNCIL DISTRICT 1 Council District 1,Nate Nehring,4352,115
COUNTY COUNCIL DISTRICT 1 Council District 1,Nate Nehring,4360,48
COUNTY COUNCIL DISTRICT 1 Council District 1,Nate Nehring,4363,160
COUNTY COUNCIL DISTRICT 1 Council District 1,Nate Nehring,4374,55
COUNTY COUNCIL DISTRICT 1 Council District 1,Nate Nehring,4416,85
COUNTY COUNCIL DISTRICT 1 Council District 1,Nate Nehring,4433,57
COUNTY COUNCIL DISTRICT 1 Council District 1,Nate Nehring,4439,2
COUNTY COUNCIL DISTRICT 1 Council District 1,Nate Nehring,4457,71
COUNTY COUNCIL DISTRICT 1 Council District 1,Nate Nehring,4470,96
COUNTY COUNCIL DISTRICT 1 Council District 1,Nate Nehring,4483,201
COUNTY COUNCIL DISTRICT 1 Council District 1,Nate Nehring,4488,153
COUNTY COUNCIL DISTRICT 1 Council District 1,Nate Nehring,4496,25
COUNTY COUNCIL DISTRICT 1 Council District 1,Nate Nehring,4502,150
COUNTY COUNCIL DISTRICT 1 Council District 1,Nate Nehring,4515,39
COUNTY COUNCIL DISTRICT 1 Council District 1,Nate Nehring,4517,65
COUNTY COUNCIL DISTRICT 1 Council District 1,Nate Nehring,4519,66
COUNTY COUNCIL DISTRICT 1 Council District 1,Nate Nehring,4521,65
COUNTY COUNCIL DISTRICT 1 Council District 1,Nate Nehring,4522,104
COUNTY COUNCIL DISTRICT 1 Council District 1,Nate Nehring,4529,57
COUNTY COUNCIL DISTRICT 1 Council District 1,Nate Nehring,4533,49
COUNTY COUNCIL DISTRICT 1 Council District 1,Nate Nehring,4545,105
COUNTY COUNCIL DISTRICT 1 Council District 1,Nate Nehring,4555,71
COUNTY COUNCIL DISTRICT 1 Council District 1,Nate Nehring,4557,93
COUNTY COUNCIL DISTRICT 1 Council District 1,Nate Nehring,4573,100
COUNTY COUNCIL DISTRICT 1 Council District 1,Nate Nehring,4583,34
COUNTY COUNCIL DISTRICT 1 Council District 1,Nate Nehring,4638,149
COUNTY COUNCIL DISTRICT 1 Council District 1,Nate Nehring,4647,177
COUNTY COUNCIL DISTRICT 1 Council District 1,Nate Nehring,4681,107
COUNTY COUNCIL DISTRICT 1 Council District 1,Nate Nehring,4682,71
COUNTY COUNCIL DISTRICT 1 Council District 1,Nate Nehring,4683,74
COUNTY COUNCIL DISTRICT 1 Council District 1,Nate Nehring,4700,152
COUNTY COUNCIL DISTRICT 1 Council District 1,Nate Nehring,4708,115
COUNTY COUNCIL DISTRICT 1 Council District 1,Nate Nehring,4714,207
COUNTY COUNCIL DISTRICT 1 Council District 1,Nate Nehring,4759,48
COUNTY COUNCIL DISTRICT 1 Council District 1,Nate Nehring,4779,80
COUNTY COUNCIL DISTRICT 1 Council District 1,Nate Nehring,4816,79
COUNTY COUNCIL DISTRICT 1 Council District 1,Nate Nehring,4832,66
COUNTY COUNCIL DISTRICT 1 Council District 1,Nate Nehring,4834,39
COUNTY COUNCIL DISTRICT 1 Council District 1,Nate Nehring,4836,41
COUNTY COUNCIL DISTRICT 1 Council District 1,Nate Nehring,4837,14
COUNTY COUNCIL DISTRICT 1 Council District 1,Nate Nehring,4838,11
COUNTY COUNCIL DISTRICT 1 Council District 1,Nate Nehring,4851,77
COUNTY COUNCIL DISTRICT 1 Council District 1,Nate Nehring,4858,43
COUNTY COUNCIL DISTRICT 1 Council District 1,Nate Nehring,4867,80
COUNTY COUNCIL DISTRICT 4 Council District 4,Jared Mead,1090,166
COUNTY COUNCIL DISTRICT 4 Council District 4,Jared Mead,1091,125
COUNTY COUNCIL DISTRICT 4 Council District 4,Jared Mead,1092,134
COUNTY COUNCIL DISTRICT 4 Council District 4,Jared Mead,1093,150
COUNTY COUNCIL DISTRICT 4 Council District 4,Jared Mead,1094,131
COUNTY COUNCIL DISTRICT 4 Council District 4,Jared Mead,1095,72
COUNTY COUNCIL DISTRICT 4 Council District 4,Jared Mead,1096,127
COUNTY COUNCIL DISTRICT 4 Council District 4,Jared Mead,1097,116
COUNTY COUNCIL DISTRICT 4 Council District 4,Jared Mead,1137,197
COUNTY COUNCIL DISTRICT 4 Council District 4,Jared Mead,1138,128
COUNTY COUNCIL DISTRICT 4 Council District 4,Jared Mead,1139,164
COUNTY COUNCIL DISTRICT 4 Council District 4,Jared Mead,1140,186
COUNTY COUNCIL DISTRICT 4 Council District 4,Jared Mead,1141,171
COUNTY COUNCIL DISTRICT 4 Council District 4,Jared Mead,1142,124
COUNTY COUNCIL DISTRICT 4 Council District 4,Jared Mead,1179,126
COUNTY COUNCIL DISTRICT 4 Council District 4,Jared Mead,1180,127
COUNTY COUNCIL DISTRICT 4 Council District 4,Jared Mead,1181,135
COUNTY COUNCIL DISTRICT 4 Council District 4,Jared Mead,1189,180
COUNTY COUNCIL DISTRICT 4 Council District 4,Jared Mead,1190,153
COUNTY COUNCIL DISTRICT 4 Council District 4,Jared Mead,1191,176
COUNTY COUNCIL DISTRICT 4 Council District 4,Jared Mead,1276,129
COUNTY COUNCIL DISTRICT 4 Council District 4,Jared Mead,1277,132
COUNTY COUNCIL DISTRICT 4 Council District 4,Jared Mead,1301,141
COUNTY COUNCIL DISTRICT 4 Council District 4,Jared Mead,1302,97
COUNTY COUNCIL DISTRICT 4 Council District 4,Jared Mead,1303,70
COUNTY COUNCIL DISTRICT 4 Council District 4,Jared Mead,1304,137
COUNTY COUNCIL DISTRICT 4 Council District 4,Jared Mead,1343,115
COUNTY COUNCIL DISTRICT 4 Council District 4,Jared Mead,1344,102
COUNTY COUNCIL DISTRICT 4 Council District 4,Jared Mead,1353,183
COUNTY COUNCIL DISTRICT 4 Council District 4,Jared Mead,1354,116
COUNTY COUNCIL DISTRICT 4 Council District 4,Jared Mead,1367,7
COUNTY COUNCIL DISTRICT 4 Council District 4,Jared Mead,1376,150
COUNTY COUNCIL DISTRICT 4 Council District 4,Jared Mead,1377,157
COUNTY COUNCIL DISTRICT 4 Council District 4,Jared Mead,1432,129
COUNTY COUNCIL DISTRICT 4 Council District 4,Jared Mead,1472,80
COUNTY COUNCIL DISTRICT 4 Council District 4,Jared Mead,1473,91
COUNTY COUNCIL DISTRICT 4 Council District 4,Jared Mead,1495,68
COUNTY COUNCIL DISTRICT 4 Council District 4,Jared Mead,1505,84
COUNTY COUNCIL DISTRICT 4 Council District 4,Jared Mead,1598,160
COUNTY COUNCIL DISTRICT 4 Council District 4,Jared Mead,1599,107
COUNTY COUNCIL DISTRICT 4 Council District 4,Jared Mead,1600,152
COUNTY COUNCIL DISTRICT 4 Council District 4,Jared Mead,1601,187
COUNTY COUNCIL DISTRICT 4 Council District 4,Jared Mead,1602,110
COUNTY COUNCIL DISTRICT 4 Council District 4,Jared Mead,1603,125
COUNTY COUNCIL DISTRICT 4 Council District 4,Jared Mead,1604,153
COUNTY COUNCIL DISTRICT 4 Council District 4,Jared Mead,1605,139
COUNTY COUNCIL DISTRICT 4 Council District 4,Jared Mead,1606,114
COUNTY COUNCIL DISTRICT 4 Council District 4,Jared Mead,1607,161
COUNTY COUNCIL DISTRICT 4 Council District 4,Jared Mead,1608,166
COUNTY COUNCIL DISTRICT 4 Council District 4,Jared Mead,1609,165
COUNTY COUNCIL DISTRICT 4 Council District 4,Jared Mead,1610,140
COUNTY COUNCIL DISTRICT 4 Council District 4,Jared Mead,1611,107
COUNTY COUNCIL DISTRICT 4 Council District 4,Jared Mead,1612,84
COUNTY COUNCIL DISTRICT 4 Council District 4,Jared Mead,1613,164
COUNTY COUNCIL DISTRICT 4 Council District 4,Jared Mead,1614,71
COUNTY COUNCIL DISTRICT 4 Council District 4,Jared Mead,1629,0
COUNTY COUNCIL DISTRICT 4 Council District 4,Jared Mead,1630,117
COUNTY COUNCIL DISTRICT 4 Council District 4,Jared Mead,1640,106
COUNTY COUNCIL DISTRICT 4 Council District 4,Jared Mead,1644,134
COUNTY COUNCIL DISTRICT 4 Council District 4,Jared Mead,1652,79
COUNTY COUNCIL DISTRICT 4 Council District 4,Jared Mead,1665,102
COUNTY COUNCIL DISTRICT 4 Council District 4,Jared Mead,1666,96
COUNTY COUNCIL DISTRICT 4 Council District 4,Jared Mead,1667,91
COUNTY COUNCIL DISTRICT 4 Council District 4,Jared Mead,1668,91
COUNTY COUNCIL DISTRICT 4 Council District 4,Jared Mead,1702,66
COUNTY COUNCIL DISTRICT 4 Council District 4,Jared Mead,1703,57
COUNTY COUNCIL DISTRICT 4 Council District 4,Jared Mead,1771,103
COUNTY COUNCIL DISTRICT 4 Council District 4,Jared Mead,1787,46
COUNTY COUNCIL DISTRICT 4 Council District 4,Jared Mead,1793,132
COUNTY COUNCIL DISTRICT 4 Council District 4,Jared Mead,1807,98
COUNTY COUNCIL DISTRICT 4 Council District 4,Jared Mead,1865,49
COUNTY COUNCIL DISTRICT 4 Council District 4,Jared Mead,4006,136
COUNTY COUNCIL DISTRICT 4 Council District 4,Jared Mead,4065,127
COUNTY COUNCIL DISTRICT 4 Council District 4,Jared Mead,4078,113
COUNTY COUNCIL DISTRICT 4 Council District 4,Jared Mead,4085,34
COUNTY COUNCIL DISTRICT 4 Council District 4,Jared Mead,4089,0
COUNTY COUNCIL DISTRICT 4 Council District 4,Jared Mead,4136,129
COUNTY COUNCIL DISTRICT 4 Council District 4,Jared Mead,4146,110
COUNTY COUNCIL DISTRICT 4 Council District 4,Jared Mead,4165,127
COUNTY COUNCIL DISTRICT 4 Council District 4,Jared Mead,4166,107
COUNTY COUNCIL DISTRICT 4 Council District 4,Jared Mead,4171,55
COUNTY COUNCIL DISTRICT 4 Council District 4,Jared Mead,4177,164
COUNTY COUNCIL DISTRICT 4 Council District 4,Jared Mead,4212,68
COUNTY COUNCIL DISTRICT 4 Council District 4,Jared Mead,4213,125
COUNTY COUNCIL DISTRICT 4 Council District 4,Jared Mead,4266,130
COUNTY COUNCIL DISTRICT 4 Council District 4,Jared Mead,4271,88
COUNTY COUNCIL DISTRICT 4 Council District 4,Jared Mead,4278,145
COUNTY COUNCIL DISTRICT 4 Council District 4,Jared Mead,4280,111
COUNTY COUNCIL DISTRICT 4 Council District 4,Jared Mead,4281,76
COUNTY COUNCIL DISTRICT 4 Council District 4,Jared Mead,4284,127
COUNTY COUNCIL DISTRICT 4 Council District 4,Jared Mead,4293,87
COUNTY COUNCIL DISTRICT 4 Council District 4,Jared Mead,4297,73
COUNTY COUNCIL DISTRICT 4 Council District 4,Jared Mead,4298,56
COUNTY COUNCIL DISTRICT 4 Council District 4,Jared Mead,4305,96
COUNTY COUNCIL DISTRICT 4 Council District 4,Jared Mead,4308,93
COUNTY COUNCIL DISTRICT 4 Council District 4,Jared Mead,4317,76
COUNTY COUNCIL DISTRICT 4 Council District 4,Jared Mead,4324,37
COUNTY COUNCIL DISTRICT 4 Council District 4,Jared Mead,4330,98
COUNTY COUNCIL DISTRICT 4 Council District 4,Jared Mead,4331,78
COUNTY COUNCIL DISTRICT 4 Council District 4,Jared Mead,4338,102
COUNTY COUNCIL DISTRICT 4 Council District 4,Jared Mead,4348,119
COUNTY COUNCIL DISTRICT 4 Council District 4,Jared Mead,4357,73
COUNTY COUNCIL DISTRICT 4 Council District 4,Jared Mead,4361,111
COUNTY COUNCIL DISTRICT 4 Council District 4,Jared Mead,4370,106
COUNTY COUNCIL DISTRICT 4 Council District 4,Jared Mead,4415,80
COUNTY COUNCIL DISTRICT 4 Council District 4,Jared Mead,4426,109
COUNTY COUNCIL DISTRICT 4 Council District 4,Jared Mead,4446,179
COUNTY COUNCIL DISTRICT 4 Council District 4,Jared Mead,4455,139
COUNTY COUNCIL DISTRICT 4 Council District 4,Jared Mead,4476,40
COUNTY COUNCIL DISTRICT 4 Council District 4,Jared Mead,4479,90
COUNTY COUNCIL DISTRICT 4 Council District 4,Jared Mead,4481,71
COUNTY COUNCIL DISTRICT 4 Council District 4,Jared Mead,4484,105
COUNTY COUNCIL DISTRICT 4 Council District 4,Jared Mead,4527,145
COUNTY COUNCIL DISTRICT 4 Council District 4,Jared Mead,4547,54
COUNTY COUNCIL DISTRICT 4 Council District 4,Jared Mead,4552,64
COUNTY COUNCIL DISTRICT 4 Council District 4,Jared Mead,4556,41
COUNTY COUNCIL DISTRICT 4 Council District 4,Jared Mead,4559,31
COUNTY COUNCIL DISTRICT 4 Council District 4,Jared Mead,4575,57
COUNTY COUNCIL DISTRICT 4 Council District 4,Jared Mead,4576,76
COUNTY COUNCIL DISTRICT 4 Council District 4,Jared Mead,4581,94
COUNTY COUNCIL DISTRICT 4 Council District 4,Jared Mead,4582,151
COUNTY COUNCIL DISTRICT 4 Council District 4,Jared Mead,4584,130
COUNTY COUNCIL DISTRICT 4 Council District 4,Jared Mead,4590,128
COUNTY COUNCIL DISTRICT 4 Council District 4,Jared Mead,4592,117
COUNTY COUNCIL DISTRICT 4 Council District 4,Jared Mead,4594,139
COUNTY COUNCIL DISTRICT 4 Council District 4,Jared Mead,4595,120
COUNTY COUNCIL DISTRICT 4 Council District 4,Jared Mead,4596,159
COUNTY COUNCIL DISTRICT 4 Council District 4,Jared Mead,4597,77
COUNTY COUNCIL DISTRICT 4 Council District 4,Jared Mead,4635,94
COUNTY COUNCIL DISTRICT 4 Council District 4,Jared Mead,4639,91
COUNTY COUNCIL DISTRICT 4 Council District 4,Jared Mead,4646,87
COUNTY COUNCIL DISTRICT 4 Council District 4,Jared Mead,4656,90
COUNTY COUNCIL DISTRICT 4 Council District 4,Jared Mead,4658,47
COUNTY COUNCIL DISTRICT 4 Council District 4,Jared Mead,4659,126
COUNTY COUNCIL DISTRICT 4 Council District 4,Jared Mead,4660,99
COUNTY COUNCIL DISTRICT 4 Council District 4,Jared Mead,4684,108
COUNTY COUNCIL DISTRICT 4 Council District 4,Jared Mead,4685,101
COUNTY COUNCIL DISTRICT 4 Council District 4,Jared Mead,4689,93
COUNTY COUNCIL DISTRICT 4 Council District 4,Jared Mead,4691,59
COUNTY COUNCIL DISTRICT 4 Council District 4,Jared Mead,4693,110
COUNTY COUNCIL DISTRICT 4 Council District 4,Jared Mead,4705,59
COUNTY COUNCIL DISTRICT 4 Council District 4,Jared Mead,4707,127
COUNTY COUNCIL DISTRICT 4 Council District 4,Jared Mead,4715,77
COUNTY COUNCIL DISTRICT 4 Council District 4,Jared Mead,4749,0
COUNTY COUNCIL DISTRICT 4 Council District 4,Jared Mead,4762,128
COUNTY COUNCIL DISTRICT 4 Council District 4,Jared Mead,4763,80
COUNTY COUNCIL DISTRICT 4 Council District 4,Jared Mead,4775,35
COUNTY COUNCIL DISTRICT 4 Council District 4,Jared Mead,4789,58
COUNTY COUNCIL DISTRICT 4 Council District 4,Jared Mead,4790,53
COUNTY COUNCIL DISTRICT 4 Council District 4,Jared Mead,4792,23
COUNTY COUNCIL DISTRICT 4 Council District 4,Jared Mead,4803,131
COUNTY COUNCIL DISTRICT 4 Council District 4,Jared Mead,4806,58
COUNTY COUNCIL DISTRICT 4 Council District 4,Jared Mead,4813,91
COUNTY COUNCIL DISTRICT 4 Council District 4,Jared Mead,4820,45
COUNTY COUNCIL DISTRICT 4 Council District 4,Jared Mead,4822,84
COUNTY COUNCIL DISTRICT 4 Council District 4,Jared Mead,4826,37
COUNTY COUNCIL DISTRICT 4 Council District 4,Jared Mead,4841,115
COUNTY COUNCIL DISTRICT 5 Council District 5,Kelli Johnson,1014,94
COUNTY COUNCIL DISTRICT 5 Council District 5,Sam Low,1014,121
COUNTY COUNCIL DISTRICT 5 Council District 5,Kelli Johnson,1038,143
COUNTY COUNCIL DISTRICT 5 Council District 5,Sam Low,1038,104
COUNTY COUNCIL DISTRICT 5 Council District 5,Kelli Johnson,1039,32
COUNTY COUNCIL DISTRICT 5 Council District 5,Sam Low,1039,11
COUNTY COUNCIL DISTRICT 5 Council District 5,Kelli Johnson,1054,72
COUNTY COUNCIL DISTRICT 5 Council District 5,Sam Low,1054,70
COUNTY COUNCIL DISTRICT 5 Council District 5,Kelli Johnson,1055,54
COUNTY COUNCIL DISTRICT 5 Council District 5,Sam Low,1055,61
COUNTY COUNCIL DISTRICT 5 Council District 5,Kelli Johnson,1056,165
COUNTY COUNCIL DISTRICT 5 Council District 5,Sam Low,1056,140
COUNTY COUNCIL DISTRICT 5 Council District 5,Kelli Johnson,1070,62
COUNTY COUNCIL DISTRICT 5 Council District 5,Sam Low,1070,89
COUNTY COUNCIL DISTRICT 5 Council District 5,Kelli Johnson,1071,53
COUNTY COUNCIL DISTRICT 5 Council District 5,Sam Low,1071,83
COUNTY COUNCIL DISTRICT 5 Council District 5,Kelli Johnson,1134,79
COUNTY COUNCIL DISTRICT 5 Council District 5,Sam Low,1134,130
COUNTY COUNCIL DISTRICT 5 Council District 5,Kelli Johnson,1135,67
COUNTY COUNCIL DISTRICT 5 Council District 5,Sam Low,1135,88
COUNTY COUNCIL DISTRICT 5 Council District 5,Kelli Johnson,1144,137
COUNTY COUNCIL DISTRICT 5 Council District 5,Sam Low,1144,93
COUNTY COUNCIL DISTRICT 5 Council District 5,Kelli Johnson,1145,125
COUNTY COUNCIL DISTRICT 5 Council District 5,Sam Low,1145,123
COUNTY COUNCIL DISTRICT 5 Council District 5,Kelli Johnson,1187,90
COUNTY COUNCIL DISTRICT 5 Council District 5,Sam Low,1187,106
COUNTY COUNCIL DISTRICT 5 Council District 5,Kelli Johnson,1188,97
COUNTY COUNCIL DISTRICT 5 Council District 5,Sam Low,1188,99
COUNTY COUNCIL DISTRICT 5 Council District 5,Kelli Johnson,1322,49
COUNTY COUNCIL DISTRICT 5 Council District 5,Sam Low,1322,52
COUNTY COUNCIL DISTRICT 5 Council District 5,Kelli Johnson,1349,60
COUNTY COUNCIL DISTRICT 5 Council District 5,Sam Low,1349,66
COUNTY COUNCIL DISTRICT 5 Council District 5,Kelli Johnson,1418,65
COUNTY COUNCIL DISTRICT 5 Council District 5,Sam Low,1418,93
COUNTY COUNCIL DISTRICT 5 Council District 5,Kelli Johnson,1431,47
COUNTY COUNCIL DISTRICT 5 Council District 5,Sam Low,1431,39
COUNTY COUNCIL DISTRICT 5 Council District 5,Kelli Johnson,1436,85
COUNTY COUNCIL DISTRICT 5 Council District 5,Sam Low,1436,101
COUNTY COUNCIL DISTRICT 5 Council District 5,Kelli Johnson,1437,121
COUNTY COUNCIL DISTRICT 5 Council District 5,Sam Low,1437,106
COUNTY COUNCIL DISTRICT 5 Council District 5,Kelli Johnson,1438,61
COUNTY COUNCIL DISTRICT 5 Council District 5,Sam Low,1438,98
COUNTY COUNCIL DISTRICT 5 Council District 5,Kelli Johnson,1503,67
COUNTY COUNCIL DISTRICT 5 Council District 5,Sam Low,1503,72
COUNTY COUNCIL DISTRICT 5 Council District 5,Kelli Johnson,1506,77
COUNTY COUNCIL DISTRICT 5 Council District 5,Sam Low,1506,83
COUNTY COUNCIL DISTRICT 5 Council District 5,Kelli Johnson,1508,66
COUNTY COUNCIL DISTRICT 5 Council District 5,Sam Low,1508,82
COUNTY COUNCIL DISTRICT 5 Council District 5,Kelli Johnson,1536,93
COUNTY COUNCIL DISTRICT 5 Council District 5,Sam Low,1536,131
COUNTY COUNCIL DISTRICT 5 Council District 5,Kelli Johnson,1548,79
COUNTY COUNCIL DISTRICT 5 Council District 5,Sam Low,1548,95
COUNTY COUNCIL DISTRICT 5 Council District 5,Kelli Johnson,1566,68
COUNTY COUNCIL DISTRICT 5 Council District 5,Sam Low,1566,111
COUNTY COUNCIL DISTRICT 5 Council District 5,Kelli Johnson,1567,63
COUNTY COUNCIL DISTRICT 5 Council District 5,Sam Low,1567,104
COUNTY COUNCIL DISTRICT 5 Council District 5,Kelli Johnson,1568,86
COUNTY COUNCIL DISTRICT 5 Council District 5,Sam Low,1568,94
COUNTY COUNCIL DISTRICT 5 Council District 5,Kelli Johnson,1586,82
COUNTY COUNCIL DISTRICT 5 Council District 5,Sam Low,1586,73
COUNTY COUNCIL DISTRICT 5 Council District 5,Kelli Johnson,1587,27
COUNTY COUNCIL DISTRICT 5 Council District 5,Sam Low,1587,31
COUNTY COUNCIL DISTRICT 5 Council District 5,Kelli Johnson,1625,52
COUNTY COUNCIL DISTRICT 5 Council District 5,Sam Low,1625,55
COUNTY COUNCIL DISTRICT 5 Council District 5,Kelli Johnson,1649,38
COUNTY COUNCIL DISTRICT 5 Council District 5,Sam Low,1649,48
COUNTY COUNCIL DISTRICT 5 Council District 5,Kelli Johnson,1653,49
COUNTY COUNCIL DISTRICT 5 Council District 5,Sam Low,1653,55
COUNTY COUNCIL DISTRICT 5 Council District 5,Kelli Johnson,1654,37
COUNTY COUNCIL DISTRICT 5 Council District 5,Sam Low,1654,52
COUNTY COUNCIL DISTRICT 5 Council District 5,Kelli Johnson,1663,92
COUNTY COUNCIL DISTRICT 5 Council District 5,Sam Low,1663,87
COUNTY COUNCIL DISTRICT 5 Council District 5,Kelli Johnson,1664,55
COUNTY COUNCIL DISTRICT 5 Council District 5,Sam Low,1664,83
COUNTY COUNCIL DISTRICT 5 Council District 5,Kelli Johnson,1671,31
COUNTY COUNCIL DISTRICT 5 Council District 5,Sam Low,1671,46
COUNTY COUNCIL DISTRICT 5 Council District 5,Kelli Johnson,1672,52
COUNTY COUNCIL DISTRICT 5 Council District 5,Sam Low,1672,60
COUNTY COUNCIL DISTRICT 5 Council District 5,Kelli Johnson,1673,67
COUNTY COUNCIL DISTRICT 5 Council District 5,Sam Low,1673,74
COUNTY COUNCIL DISTRICT 5 Council District 5,Kelli Johnson,1674,65
COUNTY COUNCIL DISTRICT 5 Council District 5,Sam Low,1674,94
COUNTY COUNCIL DISTRICT 5 Council District 5,Kelli Johnson,1675,79
COUNTY COUNCIL DISTRICT 5 Council District 5,Sam Low,1675,84
COUNTY COUNCIL DISTRICT 5 Council District 5,Kelli Johnson,1709,96
COUNTY COUNCIL DISTRICT 5 Council District 5,Sam Low,1709,97
COUNTY COUNCIL DISTRICT 5 Council District 5,Kelli Johnson,1713,60
COUNTY COUNCIL DISTRICT 5 Council District 5,Sam Low,1713,68
COUNTY COUNCIL DISTRICT 5 Council District 5,Kelli Johnson,1716,47
COUNTY COUNCIL DISTRICT 5 Council District 5,Sam Low,1716,61
COUNTY COUNCIL DISTRICT 5 Council District 5,Kelli Johnson,1717,42
COUNTY COUNCIL DISTRICT 5 Council District 5,Sam Low,1717,26
COUNTY COUNCIL DISTRICT 5 Council District 5,Kelli Johnson,1718,54
COUNTY COUNCIL DISTRICT 5 Council District 5,Sam Low,1718,59
COUNTY COUNCIL DISTRICT 5 Council District 5,Kelli Johnson,1719,54
COUNTY COUNCIL DISTRICT 5 Council District 5,Sam Low,1719,94
COUNTY COUNCIL DISTRICT 5 Council District 5,Kelli Johnson,1720,65
COUNTY COUNCIL DISTRICT 5 Council District 5,Sam Low,1720,77
COUNTY COUNCIL DISTRICT 5 Council District 5,Kelli Johnson,1721,85
COUNTY COUNCIL DISTRICT 5 Council District 5,Sam Low,1721,99
COUNTY COUNCIL DISTRICT 5 Council District 5,Kelli Johnson,1722,76
COUNTY COUNCIL DISTRICT 5 Council District 5,Sam Low,1722,56
COUNTY COUNCIL DISTRICT 5 Council District 5,Kelli Johnson,1723,77
COUNTY COUNCIL DISTRICT 5 Council District 5,Sam Low,1723,55
COUNTY COUNCIL DISTRICT 5 Council District 5,Kelli Johnson,1724,43
COUNTY COUNCIL DISTRICT 5 Council District 5,Sam Low,1724,38
COUNTY COUNCIL DISTRICT 5 Council District 5,Kelli Johnson,1725,39
COUNTY COUNCIL DISTRICT 5 Council District 5,Sam Low,1725,58
COUNTY COUNCIL DISTRICT 5 Council District 5,Kelli Johnson,1726,73
COUNTY COUNCIL DISTRICT 5 Council District 5,Sam Low,1726,69
COUNTY COUNCIL DISTRICT 5 Council District 5,Kelli Johnson,1727,73
COUNTY COUNCIL DISTRICT 5 Council District 5,Sam Low,1727,72
COUNTY COUNCIL DISTRICT 5 Council District 5,Kelli Johnson,1757,31
COUNTY COUNCIL DISTRICT 5 Council District 5,Sam Low,1757,41
COUNTY COUNCIL DISTRICT 5 Council District 5,Kelli Johnson,1774,95
COUNTY COUNCIL DISTRICT 5 Council District 5,Sam Low,1774,43
COUNTY COUNCIL DISTRICT 5 Council District 5,Kelli Johnson,1781,48
COUNTY COUNCIL DISTRICT 5 Council District 5,Sam Low,1781,53
COUNTY COUNCIL DISTRICT 5 Council District 5,Kelli Johnson,1796,76
COUNTY COUNCIL DISTRICT 5 Council District 5,Sam Low,1796,68
COUNTY COUNCIL DISTRICT 5 Council District 5,Kelli Johnson,1798,61
COUNTY COUNCIL DISTRICT 5 Council District 5,Sam Low,1798,48
COUNTY COUNCIL DISTRICT 5 Council District 5,Kelli Johnson,1801,60
COUNTY COUNCIL DISTRICT 5 Council District 5,Sam Low,1801,73
COUNTY COUNCIL DISTRICT 5 Council District 5,Kelli Johnson,1809,49
COUNTY COUNCIL DISTRICT 5 Council District 5,Sam Low,1809,24
COUNTY COUNCIL DISTRICT 5 Council District 5,Kelli Johnson,1811,23
COUNTY COUNCIL DISTRICT 5 Council District 5,Sam Low,1811,20
COUNTY COUNCIL DISTRICT 5 Council District 5,Kelli Johnson,1812,77
COUNTY COUNCIL DISTRICT 5 Council District 5,Sam Low,1812,77
COUNTY COUNCIL DISTRICT 5 Council District 5,Kelli Johnson,1828,98
COUNTY COUNCIL DISTRICT 5 Council District 5,Sam Low,1828,107
COUNTY COUNCIL DISTRICT 5 Council District 5,Kelli Johnson,1829,68
COUNTY COUNCIL DISTRICT 5 Council District 5,Sam Low,1829,84
COUNTY COUNCIL DISTRICT 5 Council District 5,Kelli Johnson,1830,67
COUNTY COUNCIL DISTRICT 5 Council District 5,Sam Low,1830,79
COUNTY COUNCIL DISTRICT 5 Council District 5,Kelli Johnson,1847,20
COUNTY COUNCIL DISTRICT 5 Council District 5,Sam Low,1847,26
COUNTY COUNCIL DISTRICT 5 Council District 5,Kelli Johnson,1854,42
COUNTY COUNCIL DISTRICT 5 Council District 5,Sam Low,1854,47
COUNTY COUNCIL DISTRICT 5 Council District 5,Kelli Johnson,1855,51
COUNTY COUNCIL DISTRICT 5 Council District 5,Sam Low,1855,54
COUNTY COUNCIL DISTRICT 5 Council District 5,Kelli Johnson,1856,53
COUNTY COUNCIL DISTRICT 5 Council District 5,Sam Low,1856,67
COUNTY COUNCIL DISTRICT 5 Council District 5,Kelli Johnson,1857,64
COUNTY COUNCIL DISTRICT 5 Council District 5,Sam Low,1857,67
COUNTY COUNCIL DISTRICT 5 Council District 5,Kelli Johnson,1861,67
COUNTY COUNCIL DISTRICT 5 Council District 5,Sam Low,1861,84
COUNTY COUNCIL DISTRICT 5 Council District 5,Kelli Johnson,1872,84
COUNTY COUNCIL DISTRICT 5 Council District 5,Sam Low,1872,63
COUNTY COUNCIL DISTRICT 5 Council District 5,Kelli Johnson,4003,26
COUNTY COUNCIL DISTRICT 5 Council District 5,Sam Low,4003,39
COUNTY COUNCIL DISTRICT 5 Council District 5,Kelli Johnson,4005,38
COUNTY COUNCIL DISTRICT 5 Council District 5,Sam Low,4005,47
COUNTY COUNCIL DISTRICT 5 Council District 5,Kelli Johnson,4007,112
COUNTY COUNCIL DISTRICT 5 Council District 5,Sam Low,4007,116
COUNTY COUNCIL DISTRICT 5 Council District 5,Kelli Johnson,4008,56
COUNTY COUNCIL DISTRICT 5 Council District 5,Sam Low,4008,93
COUNTY COUNCIL DISTRICT 5 Council District 5,Kelli Johnson,4009,63
COUNTY COUNCIL DISTRICT 5 Council District 5,Sam Low,4009,61
COUNTY COUNCIL DISTRICT 5 Council District 5,Kelli Johnson,4010,77
COUNTY COUNCIL DISTRICT 5 Council District 5,Sam Low,4010,101
COUNTY COUNCIL DISTRICT 5 Council District 5,Kelli Johnson,4012,100
COUNTY COUNCIL DISTRICT 5 Council District 5,Sam Low,4012,98
COUNTY COUNCIL DISTRICT 5 Council District 5,Kelli Johnson,4013,107
COUNTY COUNCIL DISTRICT 5 Council District 5,Sam Low,4013,165
COUNTY COUNCIL DISTRICT 5 Council District 5,Kelli Johnson,4017,35
COUNTY COUNCIL DISTRICT 5 Council District 5,Sam Low,4017,106
COUNTY COUNCIL DISTRICT 5 Council District 5,Kelli Johnson,4018,0
COUNTY COUNCIL DISTRICT 5 Council District 5,Sam Low,4018,0
COUNTY COUNCIL DISTRICT 5 Council District 5,Kelli Johnson,4024,73
COUNTY COUNCIL DISTRICT 5 Council District 5,Sam Low,4024,121
COUNTY COUNCIL DISTRICT 5 Council District 5,Kelli Johnson,4026,79
COUNTY COUNCIL DISTRICT 5 Council District 5,Sam Low,4026,94
COUNTY COUNCIL DISTRICT 5 Council District 5,Kelli Johnson,4029,116
COUNTY COUNCIL DISTRICT 5 Council District 5,Sam Low,4029,134
COUNTY COUNCIL DISTRICT 5 Council District 5,Kelli Johnson,4031,73
COUNTY COUNCIL DISTRICT 5 Council District 5,Sam Low,4031,105
COUNTY COUNCIL DISTRICT 5 Council District 5,Kelli Johnson,4032,64
COUNTY COUNCIL DISTRICT 5 Council District 5,Sam Low,4032,74
COUNTY COUNCIL DISTRICT 5 Council District 5,Kelli Johnson,4036,70
COUNTY COUNCIL DISTRICT 5 Council District 5,Sam Low,4036,58
COUNTY COUNCIL DISTRICT 5 Council District 5,Kelli Johnson,4041,32
COUNTY COUNCIL DISTRICT 5 Council District 5,Sam Low,4041,33
COUNTY COUNCIL DISTRICT 5 Council District 5,Kelli Johnson,4043,81
COUNTY COUNCIL DISTRICT 5 Council District 5,Sam Low,4043,137
COUNTY COUNCIL DISTRICT 5 Council District 5,Kelli Johnson,4045,68
COUNTY COUNCIL DISTRICT 5 Council District 5,Sam Low,4045,112
COUNTY COUNCIL DISTRICT 5 Council District 5,Kelli Johnson,4046,56
COUNTY COUNCIL DISTRICT 5 Council District 5,Sam Low,4046,77
COUNTY COUNCIL DISTRICT 5 Council District 5,Kelli Johnson,4052,93
COUNTY COUNCIL DISTRICT 5 Council District 5,Sam Low,4052,126
COUNTY COUNCIL DISTRICT 5 Council District 5,Kelli Johnson,4058,31
COUNTY COUNCIL DISTRICT 5 Council District 5,Sam Low,4058,69
COUNTY COUNCIL DISTRICT 5 Council District 5,Kelli Johnson,4059,43
COUNTY COUNCIL DISTRICT 5 Council District 5,Sam Low,4059,62
COUNTY COUNCIL DISTRICT 5 Council District 5,Kelli Johnson,4062,90
COUNTY COUNCIL DISTRICT 5 Council District 5,Sam Low,4062,109
COUNTY COUNCIL DISTRICT 5 Council District 5,Kelli Johnson,4064,82
COUNTY COUNCIL DISTRICT 5 Council District 5,Sam Low,4064,143
COUNTY COUNCIL DISTRICT 5 Council District 5,Kelli Johnson,4066,73
COUNTY COUNCIL DISTRICT 5 Council District 5,Sam Low,4066,99
COUNTY COUNCIL DISTRICT 5 Council District 5,Kelli Johnson,4067,36
COUNTY COUNCIL DISTRICT 5 Council District 5,Sam Low,4067,69
COUNTY COUNCIL DISTRICT 5 Council District 5,Kelli Johnson,4072,45
COUNTY COUNCIL DISTRICT 5 Council District 5,Sam Low,4072,71
COUNTY COUNCIL DISTRICT 5 Council District 5,Kelli Johnson,4075,77
COUNTY COUNCIL DISTRICT 5 Council District 5,Sam Low,4075,87
COUNTY COUNCIL DISTRICT 5 Council District 5,Kelli Johnson,4086,66
COUNTY COUNCIL DISTRICT 5 Council District 5,Sam Low,4086,97
COUNTY COUNCIL DISTRICT 5 Council District 5,Kelli Johnson,4170,101
COUNTY COUNCIL DISTRICT 5 Council District 5,Sam Low,4170,96
COUNTY COUNCIL DISTRICT 5 Council District 5,Kelli Johnson,4172,32
COUNTY COUNCIL DISTRICT 5 Council District 5,Sam Low,4172,51
COUNTY COUNCIL DISTRICT 5 Council District 5,Kelli Johnson,4178,94
COUNTY COUNCIL DISTRICT 5 Council District 5,Sam Low,4178,130
COUNTY COUNCIL DISTRICT 5 Council District 5,Kelli Johnson,4197,93
COUNTY COUNCIL DISTRICT 5 Council District 5,Sam Low,4197,67
COUNTY COUNCIL DISTRICT 5 Council District 5,Kelli Johnson,4198,30
COUNTY COUNCIL DISTRICT 5 Council District 5,Sam Low,4198,58
COUNTY COUNCIL DISTRICT 5 Council District 5,Kelli Johnson,4272,25
COUNTY COUNCIL DISTRICT 5 Council District 5,Sam Low,4272,31
COUNTY COUNCIL DISTRICT 5 Council District 5,Kelli Johnson,4273,54
COUNTY COUNCIL DISTRICT 5 Council District 5,Sam Low,4273,36
COUNTY COUNCIL DISTRICT 5 Council District 5,Kelli Johnson,4283,100
COUNTY COUNCIL DISTRICT 5 Council District 5,Sam Low,4283,61
COUNTY COUNCIL DISTRICT 5 Council District 5,Kelli Johnson,4291,87
COUNTY COUNCIL DISTRICT 5 Council District 5,Sam Low,4291,111
COUNTY COUNCIL DISTRICT 5 Council District 5,Kelli Johnson,4292,110
COUNTY COUNCIL DISTRICT 5 Council District 5,Sam Low,4292,127
COUNTY COUNCIL DISTRICT 5 Council District 5,Kelli Johnson,4295,79
COUNTY COUNCIL DISTRICT 5 Council District 5,Sam Low,4295,80
COUNTY COUNCIL DISTRICT 5 Council District 5,Kelli Johnson,4300,53
COUNTY COUNCIL DISTRICT 5 Council District 5,Sam Low,4300,96
COUNTY COUNCIL DISTRICT 5 Council District 5,Kelli Johnson,4309,74
COUNTY COUNCIL DISTRICT 5 Council District 5,Sam Low,4309,110
COUNTY COUNCIL DISTRICT 5 Council District 5,Kelli Johnson,4310,84
COUNTY COUNCIL DISTRICT 5 Council District 5,Sam Low,4310,106
COUNTY COUNCIL DISTRICT 5 Council District 5,Kelli Johnson,4311,0
COUNTY COUNCIL DISTRICT 5 Council District 5,Sam Low,4311,0
COUNTY COUNCIL DISTRICT 5 Council District 5,Kelli Johnson,4313,104
COUNTY COUNCIL DISTRICT 5 Council District 5,Sam Low,4313,134
COUNTY COUNCIL DISTRICT 5 Council District 5,Kelli Johnson,4315,100
COUNTY COUNCIL DISTRICT 5 Council District 5,Sam Low,4315,118
COUNTY COUNCIL DISTRICT 5 Council District 5,Kelli Johnson,4329,107
COUNTY COUNCIL DISTRICT 5 Council District 5,Sam Low,4329,125
COUNTY COUNCIL DISTRICT 5 Council District 5,Kelli Johnson,4333,146
COUNTY COUNCIL DISTRICT 5 Council District 5,Sam Low,4333,134
COUNTY COUNCIL DISTRICT 5 Council District 5,Kelli Johnson,4334,97
COUNTY COUNCIL DISTRICT 5 Council District 5,Sam Low,4334,92
COUNTY COUNCIL DISTRICT 5 Council District 5,Kelli Johnson,4336,103
COUNTY COUNCIL DISTRICT 5 Council District 5,Sam Low,4336,60
COUNTY COUNCIL DISTRICT 5 Council District 5,Kelli Johnson,4339,102
COUNTY COUNCIL DISTRICT 5 Council District 5,Sam Low,4339,91
COUNTY COUNCIL DISTRICT 5 Council District 5,Kelli Johnson,4340,96
COUNTY COUNCIL DISTRICT 5 Council District 5,Sam Low,4340,115
COUNTY COUNCIL DISTRICT 5 Council District 5,Kelli Johnson,4341,97
COUNTY COUNCIL DISTRICT 5 Council District 5,Sam Low,4341,70
COUNTY COUNCIL DISTRICT 5 Council District 5,Kelli Johnson,4345,60
COUNTY COUNCIL DISTRICT 5 Council District 5,Sam Low,4345,123
COUNTY COUNCIL DISTRICT 5 Council District 5,Kelli Johnson,4358,15
COUNTY COUNCIL DISTRICT 5 Council District 5,Sam Low,4358,18
COUNTY COUNCIL DISTRICT 5 Council District 5,Kelli Johnson,4364,99
COUNTY COUNCIL DISTRICT 5 Council District 5,Sam Low,4364,74
COUNTY COUNCIL DISTRICT 5 Council District 5,Kelli Johnson,4366,39
COUNTY COUNCIL DISTRICT 5 Council District 5,Sam Low,4366,64
COUNTY COUNCIL DISTRICT 5 Council District 5,Kelli Johnson,4369,69
COUNTY COUNCIL DISTRICT 5 Council District 5,Sam Low,4369,51
COUNTY COUNCIL DISTRICT 5 Council District 5,Kelli Johnson,4371,64
COUNTY COUNCIL DISTRICT 5 Council District 5,Sam Low,4371,131
COUNTY COUNCIL DISTRICT 5 Council District 5,Kelli Johnson,4372,83
COUNTY COUNCIL DISTRICT 5 Council District 5,Sam Low,4372,130
COUNTY COUNCIL DISTRICT 5 Council District 5,Kelli Johnson,4375,76
COUNTY COUNCIL DISTRICT 5 Council District 5,Sam Low,4375,64
COUNTY COUNCIL DISTRICT 5 Council District 5,Kelli Johnson,4387,63
COUNTY COUNCIL DISTRICT 5 Council District 5,Sam Low,4387,74
COUNTY COUNCIL DISTRICT 5 Council District 5,Kelli Johnson,4388,70
COUNTY COUNCIL DISTRICT 5 Council District 5,Sam Low,4388,107
COUNTY COUNCIL DISTRICT 5 Council District 5,Kelli Johnson,4417,57
COUNTY COUNCIL DISTRICT 5 Council District 5,Sam Low,4417,76
COUNTY COUNCIL DISTRICT 5 Council District 5,Kelli Johnson,4425,55
COUNTY COUNCIL DISTRICT 5 Council District 5,Sam Low,4425,104
COUNTY COUNCIL DISTRICT 5 Council District 5,Kelli Johnson,4435,24
COUNTY COUNCIL DISTRICT 5 Council District 5,Sam Low,4435,63
COUNTY COUNCIL DISTRICT 5 Council District 5,Kelli Johnson,4442,66
COUNTY COUNCIL DISTRICT 5 Council District 5,Sam Low,4442,110
COUNTY COUNCIL DISTRICT 5 Council District 5,Kelli Johnson,4443,36
COUNTY COUNCIL DISTRICT 5 Council District 5,Sam Low,4443,32
COUNTY COUNCIL DISTRICT 5 Council District 5,Kelli Johnson,4454,65
COUNTY COUNCIL DISTRICT 5 Council District 5,Sam Low,4454,65
COUNTY COUNCIL DISTRICT 5 Council District 5,Kelli Johnson,4458,110
COUNTY COUNCIL DISTRICT 5 Council District 5,Sam Low,4458,81
COUNTY COUNCIL DISTRICT 5 Council District 5,Kelli Johnson,4464,76
COUNTY COUNCIL DISTRICT 5 Council District 5,Sam Low,4464,93
COUNTY COUNCIL DISTRICT 5 Council District 5,Kelli Johnson,4469,101
COUNTY COUNCIL DISTRICT 5 Council District 5,Sam Low,4469,110
COUNTY COUNCIL DISTRICT 5 Council District 5,Kelli Johnson,4471,53
COUNTY COUNCIL DISTRICT 5 Council District 5,Sam Low,4471,95
COUNTY COUNCIL DISTRICT 5 Council District 5,Kelli Johnson,4477,85
COUNTY COUNCIL DISTRICT 5 Council District 5,Sam Low,4477,74
COUNTY COUNCIL DISTRICT 5 Council District 5,Kelli Johnson,4478,93
COUNTY COUNCIL DISTRICT 5 Council District 5,Sam Low,4478,103
COUNTY COUNCIL DISTRICT 5 Council District 5,Kelli Johnson,4480,107
COUNTY COUNCIL DISTRICT 5 Council District 5,Sam Low,4480,111
COUNTY COUNCIL DISTRICT 5 Council District 5,Kelli Johnson,4482,76
COUNTY COUNCIL DISTRICT 5 Council District 5,Sam Low,4482,97
COUNTY COUNCIL DISTRICT 5 Council District 5,Kelli Johnson,4487,97
COUNTY COUNCIL DISTRICT 5 Council District 5,Sam Low,4487,110
COUNTY COUNCIL DISTRICT 5 Council District 5,Kelli Johnson,4490,59
COUNTY COUNCIL DISTRICT 5 Council District 5,Sam Low,4490,70
COUNTY COUNCIL DISTRICT 5 Council District 5,Kelli Johnson,4493,66
COUNTY COUNCIL DISTRICT 5 Council District 5,Sam Low,4493,76
COUNTY COUNCIL DISTRICT 5 Council District 5,Kelli Johnson,4507,60
COUNTY COUNCIL DISTRICT 5 Council District 5,Sam Low,4507,70
COUNTY COUNCIL DISTRICT 5 Council District 5,Kelli Johnson,4526,13
COUNTY COUNCIL DISTRICT 5 Council District 5,Sam Low,4526,31
COUNTY COUNCIL DISTRICT 5 Council District 5,Kelli Johnson,4530,56
COUNTY COUNCIL DISTRICT 5 Council District 5,Sam Low,4530,70
COUNTY COUNCIL DISTRICT 5 Council District 5,Kelli Johnson,4531,92
COUNTY COUNCIL DISTRICT 5 Council District 5,Sam Low,4531,112
COUNTY COUNCIL DISTRICT 5 Council District 5,Kelli Johnson,4532,17
COUNTY COUNCIL DISTRICT 5 Council District 5,Sam Low,4532,29
COUNTY COUNCIL DISTRICT 5 Council District 5,Kelli Johnson,4534,68
COUNTY COUNCIL DISTRICT 5 Council District 5,Sam Low,4534,72
COUNTY COUNCIL DISTRICT 5 Council District 5,Kelli Johnson,4535,79
COUNTY COUNCIL DISTRICT 5 Council District 5,Sam Low,4535,67
COUNTY COUNCIL DISTRICT 5 Council District 5,Kelli Johnson,4537,61
COUNTY COUNCIL DISTRICT 5 Council District 5,Sam Low,4537,70
COUNTY COUNCIL DISTRICT 5 Council District 5,Kelli Johnson,4549,80
COUNTY COUNCIL DISTRICT 5 Council District 5,Sam Low,4549,120
COUNTY COUNCIL DISTRICT 5 Council District 5,Kelli Johnson,4551,42
COUNTY COUNCIL DISTRICT 5 Council District 5,Sam Low,4551,75
COUNTY COUNCIL DISTRICT 5 Council District 5,Kelli Johnson,4553,46
COUNTY COUNCIL DISTRICT 5 Council District 5,Sam Low,4553,43
COUNTY COUNCIL DISTRICT 5 Council District 5,Kelli Johnson,4554,35
COUNTY COUNCIL DISTRICT 5 Council District 5,Sam Low,4554,35
COUNTY COUNCIL DISTRICT 5 Council District 5,Kelli Johnson,4560,107
COUNTY COUNCIL DISTRICT 5 Council District 5,Sam Low,4560,140
COUNTY COUNCIL DISTRICT 5 Council District 5,Kelli Johnson,4579,5
COUNTY COUNCIL DISTRICT 5 Council District 5,Sam Low,4579,17
COUNTY COUNCIL DISTRICT 5 Council District 5,Kelli Johnson,4580,128
COUNTY COUNCIL DISTRICT 5 Council District 5,Sam Low,4580,122
COUNTY COUNCIL DISTRICT 5 Council District 5,Kelli Johnson,4585,7
COUNTY COUNCIL DISTRICT 5 Council District 5,Sam Low,4585,11
COUNTY COUNCIL DISTRICT 5 Council District 5,Kelli Johnson,4588,83
COUNTY COUNCIL DISTRICT 5 Council District 5,Sam Low,4588,80
COUNTY COUNCIL DISTRICT 5 Council District 5,Kelli Johnson,4591,0
COUNTY COUNCIL DISTRICT 5 Council District 5,Sam Low,4591,0
COUNTY COUNCIL DISTRICT 5 Council District 5,Kelli Johnson,4648,62
COUNTY COUNCIL DISTRICT 5 Council District 5,Sam Low,4648,93
COUNTY COUNCIL DISTRICT 5 Council District 5,Kelli Johnson,4657,43
COUNTY COUNCIL DISTRICT 5 Council District 5,Sam Low,4657,57
COUNTY COUNCIL DISTRICT 5 Council District 5,Kelli Johnson,4698,0
COUNTY COUNCIL DISTRICT 5 Council District 5,Sam Low,4698,0
COUNTY COUNCIL DISTRICT 5 Council District 5,Kelli Johnson,4706,80
COUNTY COUNCIL DISTRICT 5 Council District 5,Sam Low,4706,82
COUNTY COUNCIL DISTRICT 5 Council District 5,Kelli Johnson,4710,51
COUNTY COUNCIL DISTRICT 5 Council District 5,Sam Low,4710,44
COUNTY COUNCIL DISTRICT 5 Council District 5,Kelli Johnson,4750,16
COUNTY COUNCIL DISTRICT 5 Council District 5,Sam Low,4750,28
COUNTY COUNCIL DISTRICT 5 Council District 5,Kelli Johnson,4753,7
COUNTY COUNCIL DISTRICT 5 Council District 5,Sam Low,4753,5
COUNTY COUNCIL DISTRICT 5 Council District 5,Kelli Johnson,4754,55
COUNTY COUNCIL DISTRICT 5 Council District 5,Sam Low,4754,35
COUNTY COUNCIL DISTRICT 5 Council District 5,Kelli Johnson,4756,6
COUNTY COUNCIL DISTRICT 5 Council District 5,Sam Low,4756,16
COUNTY COUNCIL DISTRICT 5 Council District 5,Kelli Johnson,4782,40
COUNTY COUNCIL DISTRICT 5 Council District 5,Sam Low,4782,22
COUNTY COUNCIL DISTRICT 5 Council District 5,Kelli Johnson,4784,79
COUNTY COUNCIL DISTRICT 5 Council District 5,Sam Low,4784,55
COUNTY COUNCIL DISTRICT 5 Council District 5,Kelli Johnson,4802,66
COUNTY COUNCIL DISTRICT 5 Council District 5,Sam Low,4802,51
COUNTY COUNCIL DISTRICT 5 Council District 5,Kelli Johnson,4804,51
COUNTY COUNCIL DISTRICT 5 Council District 5,Sam Low,4804,65
COUNTY COUNCIL DISTRICT 5 Council District 5,Kelli Johnson,4818,11
COUNTY COUNCIL DISTRICT 5 Council District 5,Sam Low,4818,2
COUNTY COUNCIL DISTRICT 5 Council District 5,Kelli Johnson,4842,61
COUNTY COUNCIL DISTRICT 5 Council District 5,Sam Low,4842,92
COUNTY COUNCIL DISTRICT 5 Council District 5,Kelli Johnson,4843,81
COUNTY COUNCIL DISTRICT 5 Council District 5,Sam Low,4843,91
COUNTY COUNCIL DISTRICT 5 Council District 5,Kelli Johnson,4844,30
COUNTY COUNCIL DISTRICT 5 Council District 5,Sam Low,4844,69
COUNTY COUNCIL DISTRICT 5 Council District 5,Kelli Johnson,4845,6
COUNTY COUNCIL DISTRICT 5 Council District 5,Sam Low,4845,15
COUNTY COUNCIL DISTRICT 5 Council District 5,Kelli Johnson,4846,50
COUNTY COUNCIL DISTRICT 5 Council District 5,Sam Low,4846,64
COUNTY COUNCIL DISTRICT 5 Council District 5,Kelli Johnson,4869,44
COUNTY COUNCIL DISTRICT 5 Council District 5,Sam Low,4869,83
CITY OF EDMONDS Council Position 3,Alex Newman,1101,94
CITY OF EDMONDS Council Position 3,Joseph Ademofe,1101,11
CITY OF EDMONDS Council Position 3,Erika Barnett,1101,165
CITY OF EDMONDS Council Position 3,Alex Newman,1102,86
CITY OF EDMONDS Council Position 3,Joseph Ademofe,1102,32
CITY OF EDMONDS Council Position 3,Erika Barnett,1102,203
CITY OF EDMONDS Council Position 3,Alex Newman,1103,128
CITY OF EDMONDS Council Position 3,Joseph Ademofe,1103,27
CITY OF EDMONDS Council Position 3,Erika Barnett,1103,174
CITY OF EDMONDS Council Position 3,Alex Newman,1104,108
CITY OF EDMONDS Council Position 3,Joseph Ademofe,1104,13
CITY OF EDMONDS Council Position 3,Erika Barnett,1104,111
CITY OF EDMONDS Council Position 3,Alex Newman,1105,66
CITY OF EDMONDS Council Position 3,Joseph Ademofe,1105,14
CITY OF EDMONDS Council Position 3,Erika Barnett,1105,84
CITY OF EDMONDS Council Position 3,Alex Newman,1106,136
CITY OF EDMONDS Council Position 3,Joseph Ademofe,1106,19
CITY OF EDMONDS Council Position 3,Erika Barnett,1106,156
CITY OF EDMONDS Council Position 3,Alex Newman,1107,141
CITY OF EDMONDS Council Position 3,Joseph Ademofe,1107,30
CITY OF EDMONDS Council Position 3,Erika Barnett,1107,185
CITY OF EDMONDS Council Position 3,Alex Newman,1108,149
CITY OF EDMONDS Council Position 3,Joseph Ademofe,1108,36
CITY OF EDMONDS Council Position 3,Erika Barnett,1108,207
CITY OF EDMONDS Council Position 3,Alex Newman,1109,69
CITY OF EDMONDS Council Position 3,Joseph Ademofe,1109,19
CITY OF EDMONDS Council Position 3,Erika Barnett,1109,118
CITY OF EDMONDS Council Position 3,Alex Newman,1110,126
CITY OF EDMONDS Council Position 3,Joseph Ademofe,1110,22
CITY OF EDMONDS Council Position 3,Erika Barnett,1110,163
CITY OF EDMONDS Council Position 3,Alex Newman,1111,147
CITY OF EDMONDS Council Position 3,Joseph Ademofe,1111,34
CITY OF EDMONDS Council Position 3,Erika Barnett,1111,125
CITY OF EDMONDS Council Position 3,Alex Newman,1112,71
CITY OF EDMONDS Council Position 3,Joseph Ademofe,1112,20
CITY OF EDMONDS Council Position 3,Erika Barnett,1112,59
CITY OF EDMONDS Council Position 3,Alex Newman,1113,74
CITY OF EDMONDS Council Position 3,Joseph Ademofe,1113,31
CITY OF EDMONDS Council Position 3,Erika Barnett,1113,79
CITY OF EDMONDS Council Position 3,Alex Newman,1114,97
CITY OF EDMONDS Council Position 3,Joseph Ademofe,1114,21
CITY OF EDMONDS Council Position 3,Erika Barnett,1114,49
CITY OF EDMONDS Council Position 3,Alex Newman,1127,105
CITY OF EDMONDS Council Position 3,Joseph Ademofe,1127,15
CITY OF EDMONDS Council Position 3,Erika Barnett,1127,110
CITY OF EDMONDS Council Position 3,Alex Newman,1132,70
CITY OF EDMONDS Council Position 3,Joseph Ademofe,1132,15
CITY OF EDMONDS Council Position 3,Erika Barnett,1132,43
CITY OF EDMONDS Council Position 3,Alex Newman,1133,105
CITY OF EDMONDS Council Position 3,Joseph Ademofe,1133,16
CITY OF EDMONDS Council Position 3,Erika Barnett,1133,54
CITY OF EDMONDS Council Position 3,Alex Newman,1147,86
CITY OF EDMONDS Council Position 3,Joseph Ademofe,1147,10
CITY OF EDMONDS Council Position 3,Erika Barnett,1147,148
CITY OF EDMONDS Council Position 3,Alex Newman,1148,87
CITY OF EDMONDS Council Position 3,Joseph Ademofe,1148,36
CITY OF EDMONDS Council Position 3,Erika Barnett,1148,167
CITY OF EDMONDS Council Position 3,Alex Newman,1153,75
CITY OF EDMONDS Council Position 3,Joseph Ademofe,1153,11
CITY OF EDMONDS Council Position 3,Erika Barnett,1153,104
CITY OF EDMONDS Council Position 3,Alex Newman,1154,80
CITY OF EDMONDS Council Position 3,Joseph Ademofe,1154,31
CITY OF EDMONDS Council Position 3,Erika Barnett,1154,101
CITY OF EDMONDS Council Position 3,Alex Newman,1155,131
CITY OF EDMONDS Council Position 3,Joseph Ademofe,1155,23
CITY OF EDMONDS Council Position 3,Erika Barnett,1155,120
CITY OF EDMONDS Council Position 3,Alex Newman,1156,103
CITY OF EDMONDS Council Position 3,Joseph Ademofe,1156,52
CITY OF EDMONDS Council Position 3,Erika Barnett,1156,87
CITY OF EDMONDS Council Position 3,Alex Newman,1157,94
CITY OF EDMONDS Council Position 3,Joseph Ademofe,1157,23
CITY OF EDMONDS Council Position 3,Erika Barnett,1157,97
CITY OF EDMONDS Council Position 3,Alex Newman,1158,101
CITY OF EDMONDS Council Position 3,Joseph Ademofe,1158,17
CITY OF EDMONDS Council Position 3,Erika Barnett,1158,92
CITY OF EDMONDS Council Position 3,Alex Newman,1159,119
CITY OF EDMONDS Council Position 3,Joseph Ademofe,1159,17
CITY OF EDMONDS Council Position 3,Erika Barnett,1159,87
CITY OF EDMONDS Council Position 3,Alex Newman,1160,91
CITY OF EDMONDS Council Position 3,Joseph Ademofe,1160,15
CITY OF EDMONDS Council Position 3,Erika Barnett,1160,92
CITY OF EDMONDS Council Position 3,Alex Newman,1161,105
CITY OF EDMONDS Council Position 3,Joseph Ademofe,1161,13
CITY OF EDMONDS Council Position 3,Erika Barnett,1161,111
CITY OF EDMONDS Council Position 3,Alex Newman,1162,76
CITY OF EDMONDS Council Position 3,Joseph Ademofe,1162,13
CITY OF EDMONDS Council Position 3,Erika Barnett,1162,121
CITY OF EDMONDS Council Position 3,Alex Newman,1163,66
CITY OF EDMONDS Council Position 3,Joseph Ademofe,1163,18
CITY OF EDMONDS Council Position 3,Erika Barnett,1163,107
CITY OF EDMONDS Council Position 3,Alex Newman,1164,95
CITY OF EDMONDS Council Position 3,Joseph Ademofe,1164,14
CITY OF EDMONDS Council Position 3,Erika Barnett,1164,105
CITY OF EDMONDS Council Position 3,Alex Newman,1389,56
CITY OF EDMONDS Council Position 3,Joseph Ademofe,1389,17
CITY OF EDMONDS Council Position 3,Erika Barnett,1389,90
CITY OF EDMONDS Council Position 3,Alex Newman,1390,105
CITY OF EDMONDS Council Position 3,Joseph Ademofe,1390,15
CITY OF EDMONDS Council Position 3,Erika Barnett,1390,136
CITY OF EDMONDS Council Position 3,Alex Newman,1391,60
CITY OF EDMONDS Council Position 3,Joseph Ademofe,1391,5
CITY OF EDMONDS Council Position 3,Erika Barnett,1391,75
CITY OF EDMONDS Council Position 3,Alex Newman,1392,78
CITY OF EDMONDS Council Position 3,Joseph Ademofe,1392,18
CITY OF EDMONDS Council Position 3,Erika Barnett,1392,68
CITY OF EDMONDS Council Position 3,Alex Newman,1393,97
CITY OF EDMONDS Council Position 3,Joseph Ademofe,1393,31
CITY OF EDMONDS Council Position 3,Erika Barnett,1393,130
CITY OF EDMONDS Council Position 3,Alex Newman,1447,115
CITY OF EDMONDS Council Position 3,Joseph Ademofe,1447,28
CITY OF EDMONDS Council Position 3,Erika Barnett,1447,195
CITY OF EDMONDS Council Position 3,Alex Newman,1500,107
CITY OF EDMONDS Council Position 3,Joseph Ademofe,1500,22
CITY OF EDMONDS Council Position 3,Erika Barnett,1500,87
CITY OF EDMONDS Council Position 3,Alex Newman,1511,66
CITY OF EDMONDS Council Position 3,Joseph Ademofe,1511,6
CITY OF EDMONDS Council Position 3,Erika Barnett,1511,69
CITY OF EDMONDS Council Position 3,Alex Newman,1512,83
CITY OF EDMONDS Council Position 3,Joseph Ademofe,1512,20
CITY OF EDMONDS Council Position 3,Erika Barnett,1512,66
CITY OF EDMONDS Council Position 3,Alex Newman,1513,101
CITY OF EDMONDS Council Position 3,Joseph Ademofe,1513,45
CITY OF EDMONDS Council Position 3,Erika Barnett,1513,150
CITY OF EDMONDS Council Position 3,Alex Newman,1514,117
CITY OF EDMONDS Council Position 3,Joseph Ademofe,1514,24
CITY OF EDMONDS Council Position 3,Erika Barnett,1514,112
CITY OF EDMONDS Council Position 3,Alex Newman,1523,91
CITY OF EDMONDS Council Position 3,Joseph Ademofe,1523,14
CITY OF EDMONDS Council Position 3,Erika Barnett,1523,80
CITY OF EDMONDS Council Position 3,Alex Newman,1524,146
CITY OF EDMONDS Council Position 3,Joseph Ademofe,1524,34
CITY OF EDMONDS Council Position 3,Erika Barnett,1524,288
CITY OF EDMONDS Council Position 3,Alex Newman,1525,52
CITY OF EDMONDS Council Position 3,Joseph Ademofe,1525,12
CITY OF EDMONDS Council Position 3,Erika Barnett,1525,48
CITY OF EDMONDS Council Position 3,Alex Newman,1562,85
CITY OF EDMONDS Council Position 3,Joseph Ademofe,1562,19
CITY OF EDMONDS Council Position 3,Erika Barnett,1562,88
CITY OF EDMONDS Council Position 3,Alex Newman,1563,80
CITY OF EDMONDS Council Position 3,Joseph Ademofe,1563,15
CITY OF EDMONDS Council Position 3,Erika Barnett,1563,79
CITY OF EDMONDS Council Position 3,Alex Newman,1564,64
CITY OF EDMONDS Council Position 3,Joseph Ademofe,1564,14
CITY OF EDMONDS Council Position 3,Erika Barnett,1564,46
CITY OF EDMONDS Council Position 3,Alex Newman,1565,65
CITY OF EDMONDS Council Position 3,Joseph Ademofe,1565,15
CITY OF EDMONDS Council Position 3,Erika Barnett,1565,91
CITY OF EDMONDS Council Position 3,Alex Newman,1577,108
CITY OF EDMONDS Council Position 3,Joseph Ademofe,1577,66
CITY OF EDMONDS Council Position 3,Erika Barnett,1577,73
CITY OF EDMONDS Council Position 3,Alex Newman,1694,175
CITY OF EDMONDS Council Position 3,Joseph Ademofe,1694,28
CITY OF EDMONDS Council Position 3,Erika Barnett,1694,175
CITY OF EDMONDS Council Position 3,Alex Newman,1839,27
CITY OF EDMONDS Council Position 3,Joseph Ademofe,1839,6
CITY OF EDMONDS Council Position 3,Erika Barnett,1839,27
CITY OF EVERETT Mayor,Cassie Franklin,1214,83
CITY OF EVERETT Mayor,Scott Murphy,1214,183
CITY OF EVERETT Mayor,Rich Ryan,1214,2
CITY OF EVERETT Mayor,Janice R. Greene,1214,43
CITY OF EVERETT Mayor,Cassie Franklin,1215,91
CITY OF EVERETT Mayor,Scott Murphy,1215,118
CITY OF EVERETT Mayor,Rich Ryan,1215,1
CITY OF EVERETT Mayor,Janice R. Greene,1215,57
CITY OF EVERETT Mayor,Cassie Franklin,1216,62
CITY OF EVERETT Mayor,Scott Murphy,1216,65
CITY OF EVERETT Mayor,Rich Ryan,1216,1
CITY OF EVERETT Mayor,Janice R. Greene,1216,50
CITY OF EVERETT Mayor,Cassie Franklin,1217,73
CITY OF EVERETT Mayor,Scott Murphy,1217,129
CITY OF EVERETT Mayor,Rich Ryan,1217,1
CITY OF EVERETT Mayor,Janice R. Greene,1217,70
CITY OF EVERETT Mayor,Cassie Franklin,1218,63
CITY OF EVERETT Mayor,Scott Murphy,1218,57
CITY OF EVERETT Mayor,Rich Ryan,1218,4
CITY OF EVERETT Mayor,Janice R. Greene,1218,48
CITY OF EVERETT Mayor,Cassie Franklin,1219,66
CITY OF EVERETT Mayor,Scott Murphy,1219,65
CITY OF EVERETT Mayor,Rich Ryan,1219,11
CITY OF EVERETT Mayor,Janice R. Greene,1219,68
CITY OF EVERETT Mayor,Cassie Franklin,1220,118
CITY OF EVERETT Mayor,Scott Murphy,1220,165
CITY OF EVERETT Mayor,Rich Ryan,1220,0
CITY OF EVERETT Mayor,Janice R. Greene,1220,71
CITY OF EVERETT Mayor,Cassie Franklin,1221,64
CITY OF EVERETT Mayor,Scott Murphy,1221,66
CITY OF EVERETT Mayor,Rich Ryan,1221,10
CITY OF EVERETT Mayor,Janice R. Greene,1221,64
CITY OF EVERETT Mayor,Cassie Franklin,1222,93
CITY OF EVERETT Mayor,Scott Murphy,1222,55
CITY OF EVERETT Mayor,Rich Ryan,1222,7
CITY OF EVERETT Mayor,Janice R. Greene,1222,73
CITY OF EVERETT Mayor,Cassie Franklin,1223,94
CITY OF EVERETT Mayor,Scott Murphy,1223,45
CITY OF EVERETT Mayor,Rich Ryan,1223,6
CITY OF EVERETT Mayor,Janice R. Greene,1223,72
CITY OF EVERETT Mayor,Cassie Franklin,1224,107
CITY OF EVERETT Mayor,Scott Murphy,1224,61
CITY OF EVERETT Mayor,Rich Ryan,1224,5
CITY OF EVERETT Mayor,Janice R. Greene,1224,71
CITY OF EVERETT Mayor,Cassie Franklin,1225,59
CITY OF EVERETT Mayor,Scott Murphy,1225,54
CITY OF EVERETT Mayor,Rich Ryan,1225,6
CITY OF EVERETT Mayor,Janice R. Greene,1225,71
CITY OF EVERETT Mayor,Cassie Franklin,1226,73
CITY OF EVERETT Mayor,Scott Murphy,1226,62
CITY OF EVERETT Mayor,Rich Ryan,1226,5
CITY OF EVERETT Mayor,Janice R. Greene,1226,73
CITY OF EVERETT Mayor,Cassie Franklin,1227,46
CITY OF EVERETT Mayor,Scott Murphy,1227,41
CITY OF EVERETT Mayor,Rich Ryan,1227,7
CITY OF EVERETT Mayor,Janice R. Greene,1227,47
CITY OF EVERETT Mayor,Cassie Franklin,1228,60
CITY OF EVERETT Mayor,Scott Murphy,1228,36
CITY OF EVERETT Mayor,Rich Ryan,1228,10
CITY OF EVERETT Mayor,Janice R. Greene,1228,80
CITY OF EVERETT Mayor,Cassie Franklin,1229,80
CITY OF EVERETT Mayor,Scott Murphy,1229,68
CITY OF EVERETT Mayor,Rich Ryan,1229,4
CITY OF EVERETT Mayor,Janice R. Greene,1229,77
CITY OF EVERETT Mayor,Cassie Franklin,1230,90
CITY OF EVERETT Mayor,Scott Murphy,1230,97
CITY OF EVERETT Mayor,Rich Ryan,1230,6
CITY OF EVERETT Mayor,Janice R. Greene,1230,81
CITY OF EVERETT Mayor,Cassie Franklin,1231,90
CITY OF EVERETT Mayor,Scott Murphy,1231,65
CITY OF EVERETT Mayor,Rich Ryan,1231,2
CITY OF EVERETT Mayor,Janice R. Greene,1231,81
CITY OF EVERETT Mayor,Cassie Franklin,1232,76
CITY OF EVERETT Mayor,Scott Murphy,1232,75
CITY OF EVERETT Mayor,Rich Ryan,1232,3
CITY OF EVERETT Mayor,Janice R. Greene,1232,50
CITY OF EVERETT Mayor,Cassie Franklin,1233,106
CITY OF EVERETT Mayor,Scott Murphy,1233,57
CITY OF EVERETT Mayor,Rich Ryan,1233,7
CITY OF EVERETT Mayor,Janice R. Greene,1233,68
CITY OF EVERETT Mayor,Cassie Franklin,1234,120
CITY OF EVERETT Mayor,Scott Murphy,1234,146
CITY OF EVERETT Mayor,Rich Ryan,1234,5
CITY OF EVERETT Mayor,Janice R. Greene,1234,80
CITY OF EVERETT Mayor,Cassie Franklin,1235,80
CITY OF EVERETT Mayor,Scott Murphy,1235,60
CITY OF EVERETT Mayor,Rich Ryan,1235,2
CITY OF EVERETT Mayor,Janice R. Greene,1235,60
CITY OF EVERETT Mayor,Cassie Franklin,1236,61
CITY OF EVERETT Mayor,Scott Murphy,1236,55
CITY OF EVERETT Mayor,Rich Ryan,1236,4
CITY OF EVERETT Mayor,Janice R. Greene,1236,42
CITY OF EVERETT Mayor,Cassie Franklin,1237,52
CITY OF EVERETT Mayor,Scott Murphy,1237,68
CITY OF EVERETT Mayor,Rich Ryan,1237,7
CITY OF EVERETT Mayor,Janice R. Greene,1237,30
CITY OF EVERETT Mayor,Cassie Franklin,1238,45
CITY OF EVERETT Mayor,Scott Murphy,1238,50
CITY OF EVERETT Mayor,Rich Ryan,1238,5
CITY OF EVERETT Mayor,Janice R. Greene,1238,43
CITY OF EVERETT Mayor,Cassie Franklin,1239,58
CITY OF EVERETT Mayor,Scott Murphy,1239,80
CITY OF EVERETT Mayor,Rich Ryan,1239,3
CITY OF EVERETT Mayor,Janice R. Greene,1239,55
CITY OF EVERETT Mayor,Cassie Franklin,1240,80
CITY OF EVERETT Mayor,Scott Murphy,1240,101
CITY OF EVERETT Mayor,Rich Ryan,1240,10
CITY OF EVERETT Mayor,Janice R. Greene,1240,54
CITY OF EVERETT Mayor,Cassie Franklin,1241,35
CITY OF EVERETT Mayor,Scott Murphy,1241,46
CITY OF EVERETT Mayor,Rich Ryan,1241,9
CITY OF EVERETT Mayor,Janice R. Greene,1241,44
CITY OF EVERETT Mayor,Cassie Franklin,1242,65
CITY OF EVERETT Mayor,Scott Murphy,1242,48
CITY OF EVERETT Mayor,Rich Ryan,1242,14
CITY OF EVERETT Mayor,Janice R. Greene,1242,42
CITY OF EVERETT Mayor,Cassie Franklin,1243,77
CITY OF EVERETT Mayor,Scott Murphy,1243,80
CITY OF EVERETT Mayor,Rich Ryan,1243,8
CITY OF EVERETT Mayor,Janice R. Greene,1243,57
CITY OF EVERETT Mayor,Cassie Franklin,1244,15
CITY OF EVERETT Mayor,Scott Murphy,1244,20
CITY OF EVERETT Mayor,Rich Ryan,1244,2
CITY OF EVERETT Mayor,Janice R. Greene,1244,5
CITY OF EVERETT Mayor,Cassie Franklin,1245,64
CITY OF EVERETT Mayor,Scott Murphy,1245,52
CITY OF EVERETT Mayor,Rich Ryan,1245,8
CITY OF EVERETT Mayor,Janice R. Greene,1245,48
CITY OF EVERETT Mayor,Cassie Franklin,1246,36
CITY OF EVERETT Mayor,Scott Murphy,1246,25
CITY OF EVERETT Mayor,Rich Ryan,1246,2
CITY OF EVERETT Mayor,Janice R. Greene,1246,15
CITY OF EVERETT Mayor,Cassie Franklin,1247,63
CITY OF EVERETT Mayor,Scott Murphy,1247,62
CITY OF EVERETT Mayor,Rich Ryan,1247,4
CITY OF EVERETT Mayor,Janice R. Greene,1247,36
CITY OF EVERETT Mayor,Cassie Franklin,1248,38
CITY OF EVERETT Mayor,Scott Murphy,1248,52
CITY OF EVERETT Mayor,Rich Ryan,1248,5
CITY OF EVERETT Mayor,Janice R. Greene,1248,27
CITY OF EVERETT Mayor,Cassie Franklin,1249,26
CITY OF EVERETT Mayor,Scott Murphy,1249,42
CITY OF EVERETT Mayor,Rich Ryan,1249,7
CITY OF EVERETT Mayor,Janice R. Greene,1249,25
CITY OF EVERETT Mayor,Cassie Franklin,1250,42
CITY OF EVERETT Mayor,Scott Murphy,1250,43
CITY OF EVERETT Mayor,Rich Ryan,1250,3
CITY OF EVERETT Mayor,Janice R. Greene,1250,34
CITY OF EVERETT Mayor,Cassie Franklin,1251,36
CITY OF EVERETT Mayor,Scott Murphy,1251,34
CITY OF EVERETT Mayor,Rich Ryan,1251,5
CITY OF EVERETT Mayor,Janice R. Greene,1251,53
CITY OF EVERETT Mayor,Cassie Franklin,1252,36
CITY OF EVERETT Mayor,Scott Murphy,1252,59
CITY OF EVERETT Mayor,Rich Ryan,1252,3
CITY OF EVERETT Mayor,Janice R. Greene,1252,37
CITY OF EVERETT Mayor,Cassie Franklin,1253,65
CITY OF EVERETT Mayor,Scott Murphy,1253,110
CITY OF EVERETT Mayor,Rich Ryan,1253,1
CITY OF EVERETT Mayor,Janice R. Greene,1253,37
CITY OF EVERETT Mayor,Cassie Franklin,1254,60
CITY OF EVERETT Mayor,Scott Murphy,1254,76
CITY OF EVERETT Mayor,Rich Ryan,1254,3
CITY OF EVERETT Mayor,Janice R. Greene,1254,48
CITY OF EVERETT Mayor,Cassie Franklin,1255,42
CITY OF EVERETT Mayor,Scott Murphy,1255,108
CITY OF EVERETT Mayor,Rich Ryan,1255,2
CITY OF EVERETT Mayor,Janice R. Greene,1255,34
CITY OF EVERETT Mayor,Cassie Franklin,1256,67
CITY OF EVERETT Mayor,Scott Murphy,1256,131
CITY OF EVERETT Mayor,Rich Ryan,1256,6
CITY OF EVERETT Mayor,Janice R. Greene,1256,19
CITY OF EVERETT Mayor,Cassie Franklin,1257,42
CITY OF EVERETT Mayor,Scott Murphy,1257,104
CITY OF EVERETT Mayor,Rich Ryan,1257,1
CITY OF EVERETT Mayor,Janice R. Greene,1257,24
CITY OF EVERETT Mayor,Cassie Franklin,1258,31
CITY OF EVERETT Mayor,Scott Murphy,1258,16
CITY OF EVERETT Mayor,Rich Ryan,1258,3
CITY OF EVERETT Mayor,Janice R. Greene,1258,29
CITY OF EVERETT Mayor,Cassie Franklin,1259,60
CITY OF EVERETT Mayor,Scott Murphy,1259,38
CITY OF EVERETT Mayor,Rich Ryan,1259,7
CITY OF EVERETT Mayor,Janice R. Greene,1259,39
CITY OF EVERETT Mayor,Cassie Franklin,1260,51
CITY OF EVERETT Mayor,Scott Murphy,1260,42
CITY OF EVERETT Mayor,Rich Ryan,1260,4
CITY OF EVERETT Mayor,Janice R. Greene,1260,40
CITY OF EVERETT Mayor,Cassie Franklin,1287,81
CITY OF EVERETT Mayor,Scott Murphy,1287,72
CITY OF EVERETT Mayor,Rich Ryan,1287,7
CITY OF EVERETT Mayor,Janice R. Greene,1287,56
CITY OF EVERETT Mayor,Cassie Franklin,1288,98
CITY OF EVERETT Mayor,Scott Murphy,1288,94
CITY OF EVERETT Mayor,Rich Ryan,1288,1
CITY OF EVERETT Mayor,Janice R. Greene,1288,84
CITY OF EVERETT Mayor,Cassie Franklin,1289,76
CITY OF EVERETT Mayor,Scott Murphy,1289,67
CITY OF EVERETT Mayor,Rich Ryan,1289,11
CITY OF EVERETT Mayor,Janice R. Greene,1289,45
CITY OF EVERETT Mayor,Cassie Franklin,1290,58
CITY OF EVERETT Mayor,Scott Murphy,1290,31
CITY OF EVERETT Mayor,Rich Ryan,1290,3
CITY OF EVERETT Mayor,Janice R. Greene,1290,35
CITY OF EVERETT Mayor,Cassie Franklin,1346,32
CITY OF EVERETT Mayor,Scott Murphy,1346,36
CITY OF EVERETT Mayor,Rich Ryan,1346,4
CITY OF EVERETT Mayor,Janice R. Greene,1346,47
CITY OF EVERETT Mayor,Cassie Franklin,1394,59
CITY OF EVERETT Mayor,Scott Murphy,1394,39
CITY OF EVERETT Mayor,Rich Ryan,1394,4
CITY OF EVERETT Mayor,Janice R. Greene,1394,42
CITY OF EVERETT Mayor,Cassie Franklin,1395,31
CITY OF EVERETT Mayor,Scott Murphy,1395,8
CITY OF EVERETT Mayor,Rich Ryan,1395,9
CITY OF EVERETT Mayor,Janice R. Greene,1395,34
CITY OF EVERETT Mayor,Cassie Franklin,1396,97
CITY OF EVERETT Mayor,Scott Murphy,1396,117
CITY OF EVERETT Mayor,Rich Ryan,1396,6
CITY OF EVERETT Mayor,Janice R. Greene,1396,43
CITY OF EVERETT Mayor,Cassie Franklin,1397,56
CITY OF EVERETT Mayor,Scott Murphy,1397,41
CITY OF EVERETT Mayor,Rich Ryan,1397,1
CITY OF EVERETT Mayor,Janice R. Greene,1397,63
CITY OF EVERETT Mayor,Cassie Franklin,1398,15
CITY OF EVERETT Mayor,Scott Murphy,1398,8
CITY OF EVERETT Mayor,Rich Ryan,1398,3
CITY OF EVERETT Mayor,Janice R. Greene,1398,13
CITY OF EVERETT Mayor,Cassie Franklin,1399,60
CITY OF EVERETT Mayor,Scott Murphy,1399,72
CITY OF EVERETT Mayor,Rich Ryan,1399,7
CITY OF EVERETT Mayor,Janice R. Greene,1399,60
CITY OF EVERETT Mayor,Cassie Franklin,1400,91
CITY OF EVERETT Mayor,Scott Murphy,1400,59
CITY OF EVERETT Mayor,Rich Ryan,1400,3
CITY OF EVERETT Mayor,Janice R. Greene,1400,53
CITY OF EVERETT Mayor,Cassie Franklin,1401,63
CITY OF EVERETT Mayor,Scott Murphy,1401,42
CITY OF EVERETT Mayor,Rich Ryan,1401,3
CITY OF EVERETT Mayor,Janice R. Greene,1401,46
CITY OF EVERETT Mayor,Cassie Franklin,1402,57
CITY OF EVERETT Mayor,Scott Murphy,1402,49
CITY OF EVERETT Mayor,Rich Ryan,1402,9
CITY OF EVERETT Mayor,Janice R. Greene,1402,44
CITY OF EVERETT Mayor,Cassie Franklin,1403,31
CITY OF EVERETT Mayor,Scott Murphy,1403,32
CITY OF EVERETT Mayor,Rich Ryan,1403,0
CITY OF EVERETT Mayor,Janice R. Greene,1403,18
CITY OF EVERETT Mayor,Cassie Franklin,1404,47
CITY OF EVERETT Mayor,Scott Murphy,1404,24
CITY OF EVERETT Mayor,Rich Ryan,1404,5
CITY OF EVERETT Mayor,Janice R. Greene,1404,27
CITY OF EVERETT Mayor,Cassie Franklin,1405,27
CITY OF EVERETT Mayor,Scott Murphy,1405,19
CITY OF EVERETT Mayor,Rich Ryan,1405,3
CITY OF EVERETT Mayor,Janice R. Greene,1405,24
CITY OF EVERETT Mayor,Cassie Franklin,1406,60
CITY OF EVERETT Mayor,Scott Murphy,1406,57
CITY OF EVERETT Mayor,Rich Ryan,1406,17
CITY OF EVERETT Mayor,Janice R. Greene,1406,46
CITY OF EVERETT Mayor,Cassie Franklin,1407,50
CITY OF EVERETT Mayor,Scott Murphy,1407,22
CITY OF EVERETT Mayor,Rich Ryan,1407,2
CITY OF EVERETT Mayor,Janice R. Greene,1407,27
CITY OF EVERETT Mayor,Cassie Franklin,1408,97
CITY OF EVERETT Mayor,Scott Murphy,1408,67
CITY OF EVERETT Mayor,Rich Ryan,1408,3
CITY OF EVERETT Mayor,Janice R. Greene,1408,44
CITY OF EVERETT Mayor,Cassie Franklin,1409,0
CITY OF EVERETT Mayor,Scott Murphy,1409,0
CITY OF EVERETT Mayor,Rich Ryan,1409,0
CITY OF EVERETT Mayor,Janice R. Greene,1409,0
CITY OF EVERETT Mayor,Cassie Franklin,1410,29
CITY OF EVERETT Mayor,Scott Murphy,1410,24
CITY OF EVERETT Mayor,Rich Ryan,1410,3
CITY OF EVERETT Mayor,Janice R. Greene,1410,25
CITY OF EVERETT Mayor,Cassie Franklin,1411,34
CITY OF EVERETT Mayor,Scott Murphy,1411,43
CITY OF EVERETT Mayor,Rich Ryan,1411,5
CITY OF EVERETT Mayor,Janice R. Greene,1411,29
CITY OF EVERETT Mayor,Cassie Franklin,1412,38
CITY OF EVERETT Mayor,Scott Murphy,1412,53
CITY OF EVERETT Mayor,Rich Ryan,1412,1
CITY OF EVERETT Mayor,Janice R. Greene,1412,39
CITY OF EVERETT Mayor,Cassie Franklin,1413,81
CITY OF EVERETT Mayor,Scott Murphy,1413,81
CITY OF EVERETT Mayor,Rich Ryan,1413,6
CITY OF EVERETT Mayor,Janice R. Greene,1413,46
CITY OF EVERETT Mayor,Cassie Franklin,1414,34
CITY OF EVERETT Mayor,Scott Murphy,1414,45
CITY OF EVERETT Mayor,Rich Ryan,1414,8
CITY OF EVERETT Mayor,Janice R. Greene,1414,39
CITY OF EVERETT Mayor,Cassie Franklin,1448,22
CITY OF EVERETT Mayor,Scott Murphy,1448,12
CITY OF EVERETT Mayor,Rich Ryan,1448,6
CITY OF EVERETT Mayor,Janice R. Greene,1448,23
CITY OF EVERETT Mayor,Cassie Franklin,1449,51
CITY OF EVERETT Mayor,Scott Murphy,1449,81
CITY OF EVERETT Mayor,Rich Ryan,1449,3
CITY OF EVERETT Mayor,Janice R. Greene,1449,18
CITY OF EVERETT Mayor,Cassie Franklin,1450,25
CITY OF EVERETT Mayor,Scott Murphy,1450,47
CITY OF EVERETT Mayor,Rich Ryan,1450,6
CITY OF EVERETT Mayor,Janice R. Greene,1450,27
CITY OF EVERETT Mayor,Cassie Franklin,1451,60
CITY OF EVERETT Mayor,Scott Murphy,1451,116
CITY OF EVERETT Mayor,Rich Ryan,1451,3
CITY OF EVERETT Mayor,Janice R. Greene,1451,36
CITY OF EVERETT Mayor,Cassie Franklin,1452,45
CITY OF EVERETT Mayor,Scott Murphy,1452,40
CITY OF EVERETT Mayor,Rich Ryan,1452,12
CITY OF EVERETT Mayor,Janice R. Greene,1452,52
CITY OF EVERETT Mayor,Cassie Franklin,1453,16
CITY OF EVERETT Mayor,Scott Murphy,1453,15
CITY OF EVERETT Mayor,Rich Ryan,1453,6
CITY OF EVERETT Mayor,Janice R. Greene,1453,33
CITY OF EVERETT Mayor,Cassie Franklin,1491,45
CITY OF EVERETT Mayor,Scott Murphy,1491,53
CITY OF EVERETT Mayor,Rich Ryan,1491,7
CITY OF EVERETT Mayor,Janice R. Greene,1491,24
CITY OF EVERETT Mayor,Cassie Franklin,1615,48
CITY OF EVERETT Mayor,Scott Murphy,1615,36
CITY OF EVERETT Mayor,Rich Ryan,1615,8
CITY OF EVERETT Mayor,Janice R. Greene,1615,50
CITY OF EVERETT Mayor,Cassie Franklin,1616,14
CITY OF EVERETT Mayor,Scott Murphy,1616,4
CITY OF EVERETT Mayor,Rich Ryan,1616,4
CITY OF EVERETT Mayor,Janice R. Greene,1616,7
CITY OF EVERETT Mayor,Cassie Franklin,1617,48
CITY OF EVERETT Mayor,Scott Murphy,1617,43
CITY OF EVERETT Mayor,Rich Ryan,1617,6
CITY OF EVERETT Mayor,Janice R. Greene,1617,42
CITY OF EVERETT Mayor,Cassie Franklin,1618,48
CITY OF EVERETT Mayor,Scott Murphy,1618,56
CITY OF EVERETT Mayor,Rich Ryan,1618,3
CITY OF EVERETT Mayor,Janice R. Greene,1618,30
CITY OF EVERETT Mayor,Cassie Franklin,1619,43
CITY OF EVERETT Mayor,Scott Murphy,1619,56
CITY OF EVERETT Mayor,Rich Ryan,1619,4
CITY OF EVERETT Mayor,Janice R. Greene,1619,17
CITY OF EVERETT Mayor,Cassie Franklin,1620,33
CITY OF EVERETT Mayor,Scott Murphy,1620,40
CITY OF EVERETT Mayor,Rich Ryan,1620,2
CITY OF EVERETT Mayor,Janice R. Greene,1620,29
CITY OF EVERETT Mayor,Cassie Franklin,1621,26
CITY OF EVERETT Mayor,Scott Murphy,1621,20
CITY OF EVERETT Mayor,Rich Ryan,1621,2
CITY OF EVERETT Mayor,Janice R. Greene,1621,25
CITY OF EVERETT Mayor,Cassie Franklin,1622,80
CITY OF EVERETT Mayor,Scott Murphy,1622,64
CITY OF EVERETT Mayor,Rich Ryan,1622,5
CITY OF EVERETT Mayor,Janice R. Greene,1622,60
CITY OF EVERETT Mayor,Cassie Franklin,1623,0
CITY OF EVERETT Mayor,Scott Murphy,1623,0
CITY OF EVERETT Mayor,Rich Ryan,1623,0
CITY OF EVERETT Mayor,Janice R. Greene,1623,0
CITY OF EVERETT Mayor,Cassie Franklin,1624,0
CITY OF EVERETT Mayor,Scott Murphy,1624,0
CITY OF EVERETT Mayor,Rich Ryan,1624,0
CITY OF EVERETT Mayor,Janice R. Greene,1624,0
CITY OF EVERETT Mayor,Cassie Franklin,1645,47
CITY OF EVERETT Mayor,Scott Murphy,1645,80
CITY OF EVERETT Mayor,Rich Ryan,1645,1
CITY OF EVERETT Mayor,Janice R. Greene,1645,19
CITY OF EVERETT Mayor,Cassie Franklin,1662,56
CITY OF EVERETT Mayor,Scott Murphy,1662,72
CITY OF EVERETT Mayor,Rich Ryan,1662,0
CITY OF EVERETT Mayor,Janice R. Greene,1662,36
CITY OF EVERETT Mayor,Cassie Franklin,1695,54
CITY OF EVERETT Mayor,Scott Murphy,1695,33
CITY OF EVERETT Mayor,Rich Ryan,1695,6
CITY OF EVERETT Mayor,Janice R. Greene,1695,45
CITY OF EVERETT Mayor,Cassie Franklin,1696,35
CITY OF EVERETT Mayor,Scott Murphy,1696,30
CITY OF EVERETT Mayor,Rich Ryan,1696,8
CITY OF EVERETT Mayor,Janice R. Greene,1696,26
CITY OF EVERETT Mayor,Cassie Franklin,1697,27
CITY OF EVERETT Mayor,Scott Murphy,1697,8
CITY OF EVERETT Mayor,Rich Ryan,1697,8
CITY OF EVERETT Mayor,Janice R. Greene,1697,26
CITY OF EVERETT Mayor,Cassie Franklin,1800,36
CITY OF EVERETT Mayor,Scott Murphy,1800,25
CITY OF EVERETT Mayor,Rich Ryan,1800,3
CITY OF EVERETT Mayor,Janice R. Greene,1800,31
CITY OF EVERETT Mayor,Cassie Franklin,1810,45
CITY OF EVERETT Mayor,Scott Murphy,1810,28
CITY OF EVERETT Mayor,Rich Ryan,1810,4
CITY OF EVERETT Mayor,Janice R. Greene,1810,33
CITY OF EVERETT Mayor,Cassie Franklin,1817,47
CITY OF EVERETT Mayor,Scott Murphy,1817,21
CITY OF EVERETT Mayor,Rich Ryan,1817,5
CITY OF EVERETT Mayor,Janice R. Greene,1817,57
CITY OF EVERETT COUNCIL DISTRICT 1 Council District 1,Sam Hem,1214,78
CITY OF EVERETT COUNCIL DISTRICT 1 Council District 1,Steven Sullivan,1214,4
CITY OF EVERETT COUNCIL DISTRICT 1 Council District 1,Mason Rutledge,1214,106
CITY OF EVERETT COUNCIL DISTRICT 1 Council District 1,Bill Wheeler,1214,27
CITY OF EVERETT COUNCIL DISTRICT 1 Council District 1,Erica Weir,1214,92
CITY OF EVERETT COUNCIL DISTRICT 1 Council District 1,Sam Hem,1215,60
CITY OF EVERETT COUNCIL DISTRICT 1 Council District 1,Steven Sullivan,1215,2
CITY OF EVERETT COUNCIL DISTRICT 1 Council District 1,Mason Rutledge,1215,74
CITY OF EVERETT COUNCIL DISTRICT 1 Council District 1,Bill Wheeler,1215,20
CITY OF EVERETT COUNCIL DISTRICT 1 Council District 1,Erica Weir,1215,106
CITY OF EVERETT COUNCIL DISTRICT 1 Council District 1,Sam Hem,1216,56
CITY OF EVERETT COUNCIL DISTRICT 1 Council District 1,Steven Sullivan,1216,16
CITY OF EVERETT COUNCIL DISTRICT 1 Council District 1,Mason Rutledge,1216,38
CITY OF EVERETT COUNCIL DISTRICT 1 Council District 1,Bill Wheeler,1216,15
CITY OF EVERETT COUNCIL DISTRICT 1 Council District 1,Erica Weir,1216,53
CITY OF EVERETT COUNCIL DISTRICT 1 Council District 1,Sam Hem,1217,98
CITY OF EVERETT COUNCIL DISTRICT 1 Council District 1,Steven Sullivan,1217,4
CITY OF EVERETT COUNCIL DISTRICT 1 Council District 1,Mason Rutledge,1217,83
CITY OF EVERETT COUNCIL DISTRICT 1 Council District 1,Bill Wheeler,1217,32
CITY OF EVERETT COUNCIL DISTRICT 1 Council District 1,Erica Weir,1217,52
CITY OF EVERETT COUNCIL DISTRICT 1 Council District 1,Sam Hem,1218,64
CITY OF EVERETT COUNCIL DISTRICT 1 Council District 1,Steven Sullivan,1218,6
CITY OF EVERETT COUNCIL DISTRICT 1 Council District 1,Mason Rutledge,1218,27
CITY OF EVERETT COUNCIL DISTRICT 1 Council District 1,Bill Wheeler,1218,18
CITY OF EVERETT COUNCIL DISTRICT 1 Council District 1,Erica Weir,1218,56
CITY OF EVERETT COUNCIL DISTRICT 1 Council District 1,Sam Hem,1219,67
CITY OF EVERETT COUNCIL DISTRICT 1 Council District 1,Steven Sullivan,1219,7
CITY OF EVERETT COUNCIL DISTRICT 1 Council District 1,Mason Rutledge,1219,37
CITY OF EVERETT COUNCIL DISTRICT 1 Council District 1,Bill Wheeler,1219,30
CITY OF EVERETT COUNCIL DISTRICT 1 Council District 1,Erica Weir,1219,60
CITY OF EVERETT COUNCIL DISTRICT 1 Council District 1,Sam Hem,1220,94
CITY OF EVERETT COUNCIL DISTRICT 1 Council District 1,Steven Sullivan,1220,6
CITY OF EVERETT COUNCIL DISTRICT 1 Council District 1,Mason Rutledge,1220,150
CITY OF EVERETT COUNCIL DISTRICT 1 Council District 1,Bill Wheeler,1220,23
CITY OF EVERETT COUNCIL DISTRICT 1 Council District 1,Erica Weir,1220,76
CITY OF EVERETT COUNCIL DISTRICT 1 Council District 1,Sam Hem,1221,50
CITY OF EVERETT COUNCIL DISTRICT 1 Council District 1,Steven Sullivan,1221,14
CITY OF EVERETT COUNCIL DISTRICT 1 Council District 1,Mason Rutledge,1221,49
CITY OF EVERETT COUNCIL DISTRICT 1 Council District 1,Bill Wheeler,1221,16
CITY OF EVERETT COUNCIL DISTRICT 1 Council District 1,Erica Weir,1221,67
CITY OF EVERETT COUNCIL DISTRICT 1 Council District 1,Sam Hem,1222,86
CITY OF EVERETT COUNCIL DISTRICT 1 Council District 1,Steven Sullivan,1222,7
CITY OF EVERETT COUNCIL DISTRICT 1 Council District 1,Mason Rutledge,1222,45
CITY OF EVERETT COUNCIL DISTRICT 1 Council District 1,Bill Wheeler,1222,26
CITY OF EVERETT COUNCIL DISTRICT 1 Council District 1,Erica Weir,1222,63
CITY OF EVERETT COUNCIL DISTRICT 1 Council District 1,Sam Hem,1223,73
CITY OF EVERETT COUNCIL DISTRICT 1 Council District 1,Steven Sullivan,1223,6
CITY OF EVERETT COUNCIL DISTRICT 1 Council District 1,Mason Rutledge,1223,37
CITY OF EVERETT COUNCIL DISTRICT 1 Council District 1,Bill Wheeler,1223,22
CITY OF EVERETT COUNCIL DISTRICT 1 Council District 1,Erica Weir,1223,74
CITY OF EVERETT COUNCIL DISTRICT 1 Council District 1,Sam Hem,1224,104
CITY OF EVERETT COUNCIL DISTRICT 1 Council District 1,Steven Sullivan,1224,8
CITY OF EVERETT COUNCIL DISTRICT 1 Council District 1,Mason Rutledge,1224,41
CITY OF EVERETT COUNCIL DISTRICT 1 Council District 1,Bill Wheeler,1224,29
CITY OF EVERETT COUNCIL DISTRICT 1 Council District 1,Erica Weir,1224,56
CITY OF EVERETT COUNCIL DISTRICT 1 Council District 1,Sam Hem,1225,54
CITY OF EVERETT COUNCIL DISTRICT 1 Council District 1,Steven Sullivan,1225,6
CITY OF EVERETT COUNCIL DISTRICT 1 Council District 1,Mason Rutledge,1225,34
CITY OF EVERETT COUNCIL DISTRICT 1 Council District 1,Bill Wheeler,1225,46
CITY OF EVERETT COUNCIL DISTRICT 1 Council District 1,Erica Weir,1225,51
CITY OF EVERETT COUNCIL DISTRICT 1 Council District 1,Sam Hem,1226,85
CITY OF EVERETT COUNCIL DISTRICT 1 Council District 1,Steven Sullivan,1226,10
CITY OF EVERETT COUNCIL DISTRICT 1 Council District 1,Mason Rutledge,1226,40
CITY OF EVERETT COUNCIL DISTRICT 1 Council District 1,Bill Wheeler,1226,32
CITY OF EVERETT COUNCIL DISTRICT 1 Council District 1,Erica Weir,1226,43
CITY OF EVERETT COUNCIL DISTRICT 1 Council District 1,Sam Hem,1227,44
CITY OF EVERETT COUNCIL DISTRICT 1 Council District 1,Steven Sullivan,1227,5
CITY OF EVERETT COUNCIL DISTRICT 1 Council District 1,Mason Rutledge,1227,23
CITY OF EVERETT COUNCIL DISTRICT 1 Council District 1,Bill Wheeler,1227,19
CITY OF EVERETT COUNCIL DISTRICT 1 Council District 1,Erica Weir,1227,49
CITY OF EVERETT COUNCIL DISTRICT 1 Council District 1,Sam Hem,1287,74
CITY OF EVERETT COUNCIL DISTRICT 1 Council District 1,Steven Sullivan,1287,12
CITY OF EVERETT COUNCIL DISTRICT 1 Council District 1,Mason Rutledge,1287,56
CITY OF EVERETT COUNCIL DISTRICT 1 Council District 1,Bill Wheeler,1287,29
CITY OF EVERETT COUNCIL DISTRICT 1 Council District 1,Erica Weir,1287,44
CITY OF EVERETT COUNCIL DISTRICT 1 Council District 1,Sam Hem,1288,75
CITY OF EVERETT COUNCIL DISTRICT 1 Council District 1,Steven Sullivan,1288,7
CITY OF EVERETT COUNCIL DISTRICT 1 Council District 1,Mason Rutledge,1288,74
CITY OF EVERETT COUNCIL DISTRICT 1 Council District 1,Bill Wheeler,1288,29
CITY OF EVERETT COUNCIL DISTRICT 1 Council District 1,Erica Weir,1288,90
CITY OF EVERETT COUNCIL DISTRICT 1 Council District 1,Sam Hem,1394,45
CITY OF EVERETT COUNCIL DISTRICT 1 Council District 1,Steven Sullivan,1394,10
CITY OF EVERETT COUNCIL DISTRICT 1 Council District 1,Mason Rutledge,1394,28
CITY OF EVERETT COUNCIL DISTRICT 1 Council District 1,Bill Wheeler,1394,23
CITY OF EVERETT COUNCIL DISTRICT 1 Council District 1,Erica Weir,1394,38
CITY OF EVERETT COUNCIL DISTRICT 1 Council District 1,Sam Hem,1395,28
CITY OF EVERETT COUNCIL DISTRICT 1 Council District 1,Steven Sullivan,1395,3
CITY OF EVERETT COUNCIL DISTRICT 1 Council District 1,Mason Rutledge,1395,17
CITY OF EVERETT COUNCIL DISTRICT 1 Council District 1,Bill Wheeler,1395,8
CITY OF EVERETT COUNCIL DISTRICT 1 Council District 1,Erica Weir,1395,23
CITY OF EVERETT COUNCIL DISTRICT 1 Council District 1,Sam Hem,1397,61
CITY OF EVERETT COUNCIL DISTRICT 1 Council District 1,Steven Sullivan,1397,2
CITY OF EVERETT COUNCIL DISTRICT 1 Council District 1,Mason Rutledge,1397,41
CITY OF EVERETT COUNCIL DISTRICT 1 Council District 1,Bill Wheeler,1397,13
CITY OF EVERETT COUNCIL DISTRICT 1 Council District 1,Erica Weir,1397,43
CITY OF EVERETT COUNCIL DISTRICT 1 Council District 1,Sam Hem,1409,0
CITY OF EVERETT COUNCIL DISTRICT 1 Council District 1,Steven Sullivan,1409,0
CITY OF EVERETT COUNCIL DISTRICT 1 Council District 1,Mason Rutledge,1409,0
CITY OF EVERETT COUNCIL DISTRICT 1 Council District 1,Bill Wheeler,1409,0
CITY OF EVERETT COUNCIL DISTRICT 1 Council District 1,Erica Weir,1409,0
CITY OF EVERETT COUNCIL DISTRICT 1 Council District 1,Sam Hem,1414,34
CITY OF EVERETT COUNCIL DISTRICT 1 Council District 1,Steven Sullivan,1414,8
CITY OF EVERETT COUNCIL DISTRICT 1 Council District 1,Mason Rutledge,1414,26
CITY OF EVERETT COUNCIL DISTRICT 1 Council District 1,Bill Wheeler,1414,29
CITY OF EVERETT COUNCIL DISTRICT 1 Council District 1,Erica Weir,1414,29
CITY OF EVERETT COUNCIL DISTRICT 1 Council District 1,Sam Hem,1695,52
CITY OF EVERETT COUNCIL DISTRICT 1 Council District 1,Steven Sullivan,1695,16
CITY OF EVERETT COUNCIL DISTRICT 1 Council District 1,Mason Rutledge,1695,21
CITY OF EVERETT COUNCIL DISTRICT 1 Council District 1,Bill Wheeler,1695,23
CITY OF EVERETT COUNCIL DISTRICT 1 Council District 1,Erica Weir,1695,24
CITY OF EVERETT COUNCIL DISTRICT 1 Council District 1,Sam Hem,1817,35
CITY OF EVERETT COUNCIL DISTRICT 1 Council District 1,Steven Sullivan,1817,5
CITY OF EVERETT COUNCIL DISTRICT 1 Council District 1,Mason Rutledge,1817,19
CITY OF EVERETT COUNCIL DISTRICT 1 Council District 1,Bill Wheeler,1817,19
CITY OF EVERETT COUNCIL DISTRICT 1 Council District 1,Erica Weir,1817,48
CITY OF EVERETT COUNCIL DISTRICT 2 Council District 2,Jonathan Shapiro,1228,7
CITY OF EVERETT COUNCIL DISTRICT 2 Council District 2,Ryan Crowther,1228,61
CITY OF EVERETT COUNCIL DISTRICT 2 Council District 2,Paula Rhyne,1228,116
CITY OF EVERETT COUNCIL DISTRICT 2 Council District 2,Jonathan Shapiro,1229,17
CITY OF EVERETT COUNCIL DISTRICT 2 Council District 2,Ryan Crowther,1229,68
CITY OF EVERETT COUNCIL DISTRICT 2 Council District 2,Paula Rhyne,1229,140
CITY OF EVERETT COUNCIL DISTRICT 2 Council District 2,Jonathan Shapiro,1230,7
CITY OF EVERETT COUNCIL DISTRICT 2 Council District 2,Ryan Crowther,1230,119
CITY OF EVERETT COUNCIL DISTRICT 2 Council District 2,Paula Rhyne,1230,146
CITY OF EVERETT COUNCIL DISTRICT 2 Council District 2,Jonathan Shapiro,1231,4
CITY OF EVERETT COUNCIL DISTRICT 2 Council District 2,Ryan Crowther,1231,82
CITY OF EVERETT COUNCIL DISTRICT 2 Council District 2,Paula Rhyne,1231,150
CITY OF EVERETT COUNCIL DISTRICT 2 Council District 2,Jonathan Shapiro,1233,1
CITY OF EVERETT COUNCIL DISTRICT 2 Council District 2,Ryan Crowther,1233,104
CITY OF EVERETT COUNCIL DISTRICT 2 Council District 2,Paula Rhyne,1233,132
CITY OF EVERETT COUNCIL DISTRICT 2 Council District 2,Jonathan Shapiro,1234,2
CITY OF EVERETT COUNCIL DISTRICT 2 Council District 2,Ryan Crowther,1234,179
CITY OF EVERETT COUNCIL DISTRICT 2 Council District 2,Paula Rhyne,1234,172
CITY OF EVERETT COUNCIL DISTRICT 2 Council District 2,Jonathan Shapiro,1235,7
CITY OF EVERETT COUNCIL DISTRICT 2 Council District 2,Ryan Crowther,1235,95
CITY OF EVERETT COUNCIL DISTRICT 2 Council District 2,Paula Rhyne,1235,92
CITY OF EVERETT COUNCIL DISTRICT 2 Council District 2,Jonathan Shapiro,1236,5
CITY OF EVERETT COUNCIL DISTRICT 2 Council District 2,Ryan Crowther,1236,53
CITY OF EVERETT COUNCIL DISTRICT 2 Council District 2,Paula Rhyne,1236,90
CITY OF EVERETT COUNCIL DISTRICT 2 Council District 2,Jonathan Shapiro,1237,3
CITY OF EVERETT COUNCIL DISTRICT 2 Council District 2,Ryan Crowther,1237,78
CITY OF EVERETT COUNCIL DISTRICT 2 Council District 2,Paula Rhyne,1237,70
CITY OF EVERETT COUNCIL DISTRICT 2 Council District 2,Jonathan Shapiro,1238,7
CITY OF EVERETT COUNCIL DISTRICT 2 Council District 2,Ryan Crowther,1238,41
CITY OF EVERETT COUNCIL DISTRICT 2 Council District 2,Paula Rhyne,1238,92
CITY OF EVERETT COUNCIL DISTRICT 2 Council District 2,Jonathan Shapiro,1242,5
CITY OF EVERETT COUNCIL DISTRICT 2 Council District 2,Ryan Crowther,1242,65
CITY OF EVERETT COUNCIL DISTRICT 2 Council District 2,Paula Rhyne,1242,96
CITY OF EVERETT COUNCIL DISTRICT 2 Council District 2,Jonathan Shapiro,1243,13
CITY OF EVERETT COUNCIL DISTRICT 2 Council District 2,Ryan Crowther,1243,79
CITY OF EVERETT COUNCIL DISTRICT 2 Council District 2,Paula Rhyne,1243,125
CITY OF EVERETT COUNCIL DISTRICT 2 Council District 2,Jonathan Shapiro,1244,1
CITY OF EVERETT COUNCIL DISTRICT 2 Council District 2,Ryan Crowther,1244,19
CITY OF EVERETT COUNCIL DISTRICT 2 Council District 2,Paula Rhyne,1244,19
CITY OF EVERETT COUNCIL DISTRICT 2 Council District 2,Jonathan Shapiro,1289,10
CITY OF EVERETT COUNCIL DISTRICT 2 Council District 2,Ryan Crowther,1289,70
CITY OF EVERETT COUNCIL DISTRICT 2 Council District 2,Paula Rhyne,1289,118
CITY OF EVERETT COUNCIL DISTRICT 2 Council District 2,Jonathan Shapiro,1290,7
CITY OF EVERETT COUNCIL DISTRICT 2 Council District 2,Ryan Crowther,1290,36
CITY OF EVERETT COUNCIL DISTRICT 2 Council District 2,Paula Rhyne,1290,80
CITY OF EVERETT COUNCIL DISTRICT 2 Council District 2,Jonathan Shapiro,1399,5
CITY OF EVERETT COUNCIL DISTRICT 2 Council District 2,Ryan Crowther,1399,89
CITY OF EVERETT COUNCIL DISTRICT 2 Council District 2,Paula Rhyne,1399,104
CITY OF EVERETT COUNCIL DISTRICT 2 Council District 2,Jonathan Shapiro,1413,6
CITY OF EVERETT COUNCIL DISTRICT 2 Council District 2,Ryan Crowther,1413,75
CITY OF EVERETT COUNCIL DISTRICT 2 Council District 2,Paula Rhyne,1413,128
CITY OF EVERETT COUNCIL DISTRICT 2 Council District 2,Jonathan Shapiro,1810,2
CITY OF EVERETT COUNCIL DISTRICT 2 Council District 2,Ryan Crowther,1810,38
CITY OF EVERETT COUNCIL DISTRICT 2 Council District 2,Paula Rhyne,1810,69
CITY OF EVERETT COUNCIL DISTRICT 4 Council District 4,Niko Battle,1258,32
CITY OF EVERETT COUNCIL DISTRICT 4 Council District 4,Luis M. Burbano,1258,21
CITY OF EVERETT COUNCIL DISTRICT 4 Council District 4,Alan Rubio,1258,25
CITY OF EVERETT COUNCIL DISTRICT 4 Council District 4,Niko Battle,1346,55
CITY OF EVERETT COUNCIL DISTRICT 4 Council District 4,Luis M. Burbano,1346,27
CITY OF EVERETT COUNCIL DISTRICT 4 Council District 4,Alan Rubio,1346,34
CITY OF EVERETT COUNCIL DISTRICT 4 Council District 4,Niko Battle,1402,53
CITY OF EVERETT COUNCIL DISTRICT 4 Council District 4,Luis M. Burbano,1402,49
CITY OF EVERETT COUNCIL DISTRICT 4 Council District 4,Alan Rubio,1402,52
CITY OF EVERETT COUNCIL DISTRICT 4 Council District 4,Niko Battle,1405,33
CITY OF EVERETT COUNCIL DISTRICT 4 Council District 4,Luis M. Burbano,1405,17
CITY OF EVERETT COUNCIL DISTRICT 4 Council District 4,Alan Rubio,1405,24
CITY OF EVERETT COUNCIL DISTRICT 4 Council District 4,Niko Battle,1408,68
CITY OF EVERETT COUNCIL DISTRICT 4 Council District 4,Luis M. Burbano,1408,40
CITY OF EVERETT COUNCIL DISTRICT 4 Council District 4,Alan Rubio,1408,101
CITY OF EVERETT COUNCIL DISTRICT 4 Council District 4,Niko Battle,1410,29
CITY OF EVERETT COUNCIL DISTRICT 4 Council District 4,Luis M. Burbano,1410,25
CITY OF EVERETT COUNCIL DISTRICT 4 Council District 4,Alan Rubio,1410,27
CITY OF EVERETT COUNCIL DISTRICT 4 Council District 4,Niko Battle,1448,42
CITY OF EVERETT COUNCIL DISTRICT 4 Council District 4,Luis M. Burbano,1448,11
CITY OF EVERETT COUNCIL DISTRICT 4 Council District 4,Alan Rubio,1448,8
CITY OF EVERETT COUNCIL DISTRICT 4 Council District 4,Niko Battle,1452,66
CITY OF EVERETT COUNCIL DISTRICT 4 Council District 4,Luis M. Burbano,1452,41
CITY OF EVERETT COUNCIL DISTRICT 4 Council District 4,Alan Rubio,1452,41
CITY OF EVERETT COUNCIL DISTRICT 4 Council District 4,Niko Battle,1453,32
CITY OF EVERETT COUNCIL DISTRICT 4 Council District 4,Luis M. Burbano,1453,27
CITY OF EVERETT COUNCIL DISTRICT 4 Council District 4,Alan Rubio,1453,12
CITY OF EVERETT COUNCIL DISTRICT 4 Council District 4,Niko Battle,1621,18
CITY OF EVERETT COUNCIL DISTRICT 4 Council District 4,Luis M. Burbano,1621,24
CITY OF EVERETT COUNCIL DISTRICT 4 Council District 4,Alan Rubio,1621,29
CITY OF EVERETT COUNCIL DISTRICT 4 Council District 4,Niko Battle,1622,94
CITY OF EVERETT COUNCIL DISTRICT 4 Council District 4,Luis M. Burbano,1622,35
CITY OF EVERETT COUNCIL DISTRICT 4 Council District 4,Alan Rubio,1622,79
CITY OF EVERETT COUNCIL DISTRICT 4 Council District 4,Niko Battle,1623,82
CITY OF EVERETT COUNCIL DISTRICT 4 Council District 4,Luis M. Burbano,1623,32
CITY OF EVERETT COUNCIL DISTRICT 4 Council District 4,Alan Rubio,1623,47
CITY OF EVERETT COUNCIL DISTRICT 4 Council District 4,Niko Battle,1697,28
CITY OF EVERETT COUNCIL DISTRICT 4 Council District 4,Luis M. Burbano,1697,22
CITY OF EVERETT COUNCIL DISTRICT 4 Council District 4,Alan Rubio,1697,18
CITY OF LYNNWOOD Council Position 1,Dio Boucsieguez,1115,29
CITY OF LYNNWOOD Council Position 1,Derica Escamilla,1115,71
CITY OF LYNNWOOD Council Position 1,Brandon Kimmel,1115,17
CITY OF LYNNWOOD Council Position 1,Dio Boucsieguez,1116,35
CITY OF LYNNWOOD Council Position 1,Derica Escamilla,1116,49
CITY OF LYNNWOOD Council Position 1,Brandon Kimmel,1116,39
CITY OF LYNNWOOD Council Position 1,Dio Boucsieguez,1117,61
CITY OF LYNNWOOD Council Position 1,Derica Escamilla,1117,65
CITY OF LYNNWOOD Council Position 1,Brandon Kimmel,1117,27
CITY OF LYNNWOOD Council Position 1,Dio Boucsieguez,1118,56
CITY OF LYNNWOOD Council Position 1,Derica Escamilla,1118,99
CITY OF LYNNWOOD Council Position 1,Brandon Kimmel,1118,17
CITY OF LYNNWOOD Council Position 1,Dio Boucsieguez,1119,38
CITY OF LYNNWOOD Council Position 1,Derica Escamilla,1119,70
CITY OF LYNNWOOD Council Position 1,Brandon Kimmel,1119,19
CITY OF LYNNWOOD Council Position 1,Dio Boucsieguez,1120,53
CITY OF LYNNWOOD Council Position 1,Derica Escamilla,1120,74
CITY OF LYNNWOOD Council Position 1,Brandon Kimmel,1120,23
CITY OF LYNNWOOD Council Position 1,Dio Boucsieguez,1121,73
CITY OF LYNNWOOD Council Position 1,Derica Escamilla,1121,133
CITY OF LYNNWOOD Council Position 1,Brandon Kimmel,1121,38
CITY OF LYNNWOOD Council Position 1,Dio Boucsieguez,1122,43
CITY OF LYNNWOOD Council Position 1,Derica Escamilla,1122,68
CITY OF LYNNWOOD Council Position 1,Brandon Kimmel,1122,33
CITY OF LYNNWOOD Council Position 1,Dio Boucsieguez,1123,81
CITY OF LYNNWOOD Council Position 1,Derica Escamilla,1123,112
CITY OF LYNNWOOD Council Position 1,Brandon Kimmel,1123,35
CITY OF LYNNWOOD Council Position 1,Dio Boucsieguez,1124,37
CITY OF LYNNWOOD Council Position 1,Derica Escamilla,1124,44
CITY OF LYNNWOOD Council Position 1,Brandon Kimmel,1124,20
CITY OF LYNNWOOD Council Position 1,Dio Boucsieguez,1125,61
CITY OF LYNNWOOD Council Position 1,Derica Escamilla,1125,83
CITY OF LYNNWOOD Council Position 1,Brandon Kimmel,1125,37
CITY OF LYNNWOOD Council Position 1,Dio Boucsieguez,1168,57
CITY OF LYNNWOOD Council Position 1,Derica Escamilla,1168,66
CITY OF LYNNWOOD Council Position 1,Brandon Kimmel,1168,28
CITY OF LYNNWOOD Council Position 1,Dio Boucsieguez,1186,61
CITY OF LYNNWOOD Council Position 1,Derica Escamilla,1186,101
CITY OF LYNNWOOD Council Position 1,Brandon Kimmel,1186,31
CITY OF LYNNWOOD Council Position 1,Dio Boucsieguez,1201,95
CITY OF LYNNWOOD Council Position 1,Derica Escamilla,1201,96
CITY OF LYNNWOOD Council Position 1,Brandon Kimmel,1201,35
CITY OF LYNNWOOD Council Position 1,Dio Boucsieguez,1202,99
CITY OF LYNNWOOD Council Position 1,Derica Escamilla,1202,85
CITY OF LYNNWOOD Council Position 1,Brandon Kimmel,1202,44
CITY OF LYNNWOOD Council Position 1,Dio Boucsieguez,1203,63
CITY OF LYNNWOOD Council Position 1,Derica Escamilla,1203,89
CITY OF LYNNWOOD Council Position 1,Brandon Kimmel,1203,27
CITY OF LYNNWOOD Council Position 1,Dio Boucsieguez,1204,47
CITY OF LYNNWOOD Council Position 1,Derica Escamilla,1204,57
CITY OF LYNNWOOD Council Position 1,Brandon Kimmel,1204,20
CITY OF LYNNWOOD Council Position 1,Dio Boucsieguez,1205,37
CITY OF LYNNWOOD Council Position 1,Derica Escamilla,1205,77
CITY OF LYNNWOOD Council Position 1,Brandon Kimmel,1205,26
CITY OF LYNNWOOD Council Position 1,Dio Boucsieguez,1206,31
CITY OF LYNNWOOD Council Position 1,Derica Escamilla,1206,69
CITY OF LYNNWOOD Council Position 1,Brandon Kimmel,1206,30
CITY OF LYNNWOOD Council Position 1,Dio Boucsieguez,1207,39
CITY OF LYNNWOOD Council Position 1,Derica Escamilla,1207,73
CITY OF LYNNWOOD Council Position 1,Brandon Kimmel,1207,31
CITY OF LYNNWOOD Council Position 1,Dio Boucsieguez,1208,47
CITY OF LYNNWOOD Council Position 1,Derica Escamilla,1208,76
CITY OF LYNNWOOD Council Position 1,Brandon Kimmel,1208,43
CITY OF LYNNWOOD Council Position 1,Dio Boucsieguez,1210,96
CITY OF LYNNWOOD Council Position 1,Derica Escamilla,1210,80
CITY OF LYNNWOOD Council Position 1,Brandon Kimmel,1210,25
CITY OF LYNNWOOD Council Position 1,Dio Boucsieguez,1419,67
CITY OF LYNNWOOD Council Position 1,Derica Escamilla,1419,82
CITY OF LYNNWOOD Council Position 1,Brandon Kimmel,1419,38
CITY OF LYNNWOOD Council Position 1,Dio Boucsieguez,1420,46
CITY OF LYNNWOOD Council Position 1,Derica Escamilla,1420,63
CITY OF LYNNWOOD Council Position 1,Brandon Kimmel,1420,22
CITY OF LYNNWOOD Council Position 1,Dio Boucsieguez,1421,48
CITY OF LYNNWOOD Council Position 1,Derica Escamilla,1421,64
CITY OF LYNNWOOD Council Position 1,Brandon Kimmel,1421,17
CITY OF LYNNWOOD Council Position 1,Dio Boucsieguez,1422,77
CITY OF LYNNWOOD Council Position 1,Derica Escamilla,1422,81
CITY OF LYNNWOOD Council Position 1,Brandon Kimmel,1422,21
CITY OF LYNNWOOD Council Position 1,Dio Boucsieguez,1423,76
CITY OF LYNNWOOD Council Position 1,Derica Escamilla,1423,102
CITY OF LYNNWOOD Council Position 1,Brandon Kimmel,1423,30
CITY OF LYNNWOOD Council Position 1,Dio Boucsieguez,1424,40
CITY OF LYNNWOOD Council Position 1,Derica Escamilla,1424,68
CITY OF LYNNWOOD Council Position 1,Brandon Kimmel,1424,14
CITY OF LYNNWOOD Council Position 1,Dio Boucsieguez,1462,0
CITY OF LYNNWOOD Council Position 1,Derica Escamilla,1462,0
CITY OF LYNNWOOD Council Position 1,Brandon Kimmel,1462,0
CITY OF LYNNWOOD Council Position 1,Dio Boucsieguez,1516,66
CITY OF LYNNWOOD Council Position 1,Derica Escamilla,1516,66
CITY OF LYNNWOOD Council Position 1,Brandon Kimmel,1516,21
CITY OF LYNNWOOD Council Position 1,Dio Boucsieguez,1538,37
CITY OF LYNNWOOD Council Position 1,Derica Escamilla,1538,44
CITY OF LYNNWOOD Council Position 1,Brandon Kimmel,1538,24
CITY OF LYNNWOOD Council Position 1,Dio Boucsieguez,1626,103
CITY OF LYNNWOOD Council Position 1,Derica Escamilla,1626,98
CITY OF LYNNWOOD Council Position 1,Brandon Kimmel,1626,51
CITY OF LYNNWOOD Council Position 1,Dio Boucsieguez,1627,98
CITY OF LYNNWOOD Council Position 1,Derica Escamilla,1627,87
CITY OF LYNNWOOD Council Position 1,Brandon Kimmel,1627,37
CITY OF LYNNWOOD Council Position 1,Dio Boucsieguez,1777,23
CITY OF LYNNWOOD Council Position 1,Derica Escamilla,1777,96
CITY OF LYNNWOOD Council Position 1,Brandon Kimmel,1777,27
CITY OF LYNNWOOD Council Position 1,Dio Boucsieguez,1852,39
CITY OF LYNNWOOD Council Position 1,Derica Escamilla,1852,53
CITY OF LYNNWOOD Council Position 1,Brandon Kimmel,1852,18
CITY OF LYNNWOOD Council Position 1,Dio Boucsieguez,1853,19
CITY OF LYNNWOOD Council Position 1,Derica Escamilla,1853,38
CITY OF LYNNWOOD Council Position 1,Brandon Kimmel,1853,18
CITY OF LYNNWOOD Council Position 3,Tyler Hall,1115,40
CITY OF LYNNWOOD Council Position 3,Josh Binda,1115,53
CITY OF LYNNWOOD Council Position 3,Bryce Owings,1115,25
CITY OF LYNNWOOD Council Position 3,Tyler Hall,1116,40
CITY OF LYNNWOOD Council Position 3,Josh Binda,1116,32
CITY OF LYNNWOOD Council Position 3,Bryce Owings,1116,51
CITY OF LYNNWOOD Council Position 3,Tyler Hall,1117,49
CITY OF LYNNWOOD Council Position 3,Josh Binda,1117,53
CITY OF LYNNWOOD Council Position 3,Bryce Owings,1117,52
CITY OF LYNNWOOD Council Position 3,Tyler Hall,1118,50
CITY OF LYNNWOOD Council Position 3,Josh Binda,1118,73
CITY OF LYNNWOOD Council Position 3,Bryce Owings,1118,54
CITY OF LYNNWOOD Council Position 3,Tyler Hall,1119,38
CITY OF LYNNWOOD Council Position 3,Josh Binda,1119,55
CITY OF LYNNWOOD Council Position 3,Bryce Owings,1119,34
CITY OF LYNNWOOD Council Position 3,Tyler Hall,1120,36
CITY OF LYNNWOOD Council Position 3,Josh Binda,1120,51
CITY OF LYNNWOOD Council Position 3,Bryce Owings,1120,62
CITY OF LYNNWOOD Council Position 3,Tyler Hall,1121,96
CITY OF LYNNWOOD Council Position 3,Josh Binda,1121,80
CITY OF LYNNWOOD Council Position 3,Bryce Owings,1121,71
CITY OF LYNNWOOD Council Position 3,Tyler Hall,1122,38
CITY OF LYNNWOOD Council Position 3,Josh Binda,1122,43
CITY OF LYNNWOOD Council Position 3,Bryce Owings,1122,58
CITY OF LYNNWOOD Council Position 3,Tyler Hall,1123,79
CITY OF LYNNWOOD Council Position 3,Josh Binda,1123,79
CITY OF LYNNWOOD Council Position 3,Bryce Owings,1123,68
CITY OF LYNNWOOD Council Position 3,Tyler Hall,1124,34
CITY OF LYNNWOOD Council Position 3,Josh Binda,1124,36
CITY OF LYNNWOOD Council Position 3,Bryce Owings,1124,30
CITY OF LYNNWOOD Council Position 3,Tyler Hall,1125,44
CITY OF LYNNWOOD Council Position 3,Josh Binda,1125,56
CITY OF LYNNWOOD Council Position 3,Bryce Owings,1125,82
CITY OF LYNNWOOD Council Position 3,Tyler Hall,1168,39
CITY OF LYNNWOOD Council Position 3,Josh Binda,1168,54
CITY OF LYNNWOOD Council Position 3,Bryce Owings,1168,59
CITY OF LYNNWOOD Council Position 3,Tyler Hall,1186,66
CITY OF LYNNWOOD Council Position 3,Josh Binda,1186,72
CITY OF LYNNWOOD Council Position 3,Bryce Owings,1186,58
CITY OF LYNNWOOD Council Position 3,Tyler Hall,1201,82
CITY OF LYNNWOOD Council Position 3,Josh Binda,1201,66
CITY OF LYNNWOOD Council Position 3,Bryce Owings,1201,83
CITY OF LYNNWOOD Council Position 3,Tyler Hall,1202,69
CITY OF LYNNWOOD Council Position 3,Josh Binda,1202,52
CITY OF LYNNWOOD Council Position 3,Bryce Owings,1202,107
CITY OF LYNNWOOD Council Position 3,Tyler Hall,1203,60
CITY OF LYNNWOOD Council Position 3,Josh Binda,1203,69
CITY OF LYNNWOOD Council Position 3,Bryce Owings,1203,53
CITY OF LYNNWOOD Council Position 3,Tyler Hall,1204,35
CITY OF LYNNWOOD Council Position 3,Josh Binda,1204,46
CITY OF LYNNWOOD Council Position 3,Bryce Owings,1204,43
CITY OF LYNNWOOD Council Position 3,Tyler Hall,1205,29
CITY OF LYNNWOOD Council Position 3,Josh Binda,1205,67
CITY OF LYNNWOOD Council Position 3,Bryce Owings,1205,42
CITY OF LYNNWOOD Council Position 3,Tyler Hall,1206,44
CITY OF LYNNWOOD Council Position 3,Josh Binda,1206,52
CITY OF LYNNWOOD Council Position 3,Bryce Owings,1206,37
CITY OF LYNNWOOD Council Position 3,Tyler Hall,1207,51
CITY OF LYNNWOOD Council Position 3,Josh Binda,1207,42
CITY OF LYNNWOOD Council Position 3,Bryce Owings,1207,48
CITY OF LYNNWOOD Council Position 3,Tyler Hall,1208,50
CITY OF LYNNWOOD Council Position 3,Josh Binda,1208,63
CITY OF LYNNWOOD Council Position 3,Bryce Owings,1208,53
CITY OF LYNNWOOD Council Position 3,Tyler Hall,1210,56
CITY OF LYNNWOOD Council Position 3,Josh Binda,1210,56
CITY OF LYNNWOOD Council Position 3,Bryce Owings,1210,91
CITY OF LYNNWOOD Council Position 3,Tyler Hall,1419,64
CITY OF LYNNWOOD Council Position 3,Josh Binda,1419,63
CITY OF LYNNWOOD Council Position 3,Bryce Owings,1419,58
CITY OF LYNNWOOD Council Position 3,Tyler Hall,1420,53
CITY OF LYNNWOOD Council Position 3,Josh Binda,1420,37
CITY OF LYNNWOOD Council Position 3,Bryce Owings,1420,41
CITY OF LYNNWOOD Council Position 3,Tyler Hall,1421,52
CITY OF LYNNWOOD Council Position 3,Josh Binda,1421,31
CITY OF LYNNWOOD Council Position 3,Bryce Owings,1421,44
CITY OF LYNNWOOD Council Position 3,Tyler Hall,1422,52
CITY OF LYNNWOOD Council Position 3,Josh Binda,1422,55
CITY OF LYNNWOOD Council Position 3,Bryce Owings,1422,73
CITY OF LYNNWOOD Council Position 3,Tyler Hall,1423,71
CITY OF LYNNWOOD Council Position 3,Josh Binda,1423,65
CITY OF LYNNWOOD Council Position 3,Bryce Owings,1423,75
CITY OF LYNNWOOD Council Position 3,Tyler Hall,1424,44
CITY OF LYNNWOOD Council Position 3,Josh Binda,1424,38
CITY OF LYNNWOOD Council Position 3,Bryce Owings,1424,40
CITY OF LYNNWOOD Council Position 3,Tyler Hall,1462,0
CITY OF LYNNWOOD Council Position 3,Josh Binda,1462,0
CITY OF LYNNWOOD Council Position 3,Bryce Owings,1462,0
CITY OF LYNNWOOD Council Position 3,Tyler Hall,1516,52
CITY OF LYNNWOOD Council Position 3,Josh Binda,1516,36
CITY OF LYNNWOOD Council Position 3,Bryce Owings,1516,65
CITY OF LYNNWOOD Council Position 3,Tyler Hall,1538,37
CITY OF LYNNWOOD Council Position 3,Josh Binda,1538,35
CITY OF LYNNWOOD Council Position 3,Bryce Owings,1538,36
CITY OF LYNNWOOD Council Position 3,Tyler Hall,1626,79
CITY OF LYNNWOOD Council Position 3,Josh Binda,1626,70
CITY OF LYNNWOOD Council Position 3,Bryce Owings,1626,101
CITY OF LYNNWOOD Council Position 3,Tyler Hall,1627,64
CITY OF LYNNWOOD Council Position 3,Josh Binda,1627,63
CITY OF LYNNWOOD Council Position 3,Bryce Owings,1627,96
CITY OF LYNNWOOD Council Position 3,Tyler Hall,1777,46
CITY OF LYNNWOOD Council Position 3,Josh Binda,1777,77
CITY OF LYNNWOOD Council Position 3,Bryce Owings,1777,25
CITY OF LYNNWOOD Council Position 3,Tyler Hall,1852,22
CITY OF LYNNWOOD Council Position 3,Josh Binda,1852,51
CITY OF LYNNWOOD Council Position 3,Bryce Owings,1852,39
CITY OF LYNNWOOD Council Position 3,Tyler Hall,1853,24
CITY OF LYNNWOOD Council Position 3,Josh Binda,1853,24
CITY OF LYNNWOOD Council Position 3,Bryce Owings,1853,28
CITY OF MARYSVILLE Council Position 3,Amber Cantu,1047,20
CITY OF MARYSVILLE Council Position 3,Dan Perkins,1047,31
CITY OF MARYSVILLE Council Position 3,David Garrett,1047,24
CITY OF MARYSVILLE Council Position 3,Gary Kemp,1047,11
CITY OF MARYSVILLE Council Position 3,R.J. Whitlow,1047,23
CITY OF MARYSVILLE Council Position 3,Amber Cantu,1048,12
CITY OF MARYSVILLE Council Position 3,Dan Perkins,1048,26
CITY OF MARYSVILLE Council Position 3,David Garrett,1048,10
CITY OF MARYSVILLE Council Position 3,Gary Kemp,1048,12
CITY OF MARYSVILLE Council Position 3,R.J. Whitlow,1048,15
CITY OF MARYSVILLE Council Position 3,Amber Cantu,1128,50
CITY OF MARYSVILLE Council Position 3,Dan Perkins,1128,40
CITY OF MARYSVILLE Council Position 3,David Garrett,1128,23
CITY OF MARYSVILLE Council Position 3,Gary Kemp,1128,15
CITY OF MARYSVILLE Council Position 3,R.J. Whitlow,1128,20
CITY OF MARYSVILLE Council Position 3,Amber Cantu,1129,35
CITY OF MARYSVILLE Council Position 3,Dan Perkins,1129,54
CITY OF MARYSVILLE Council Position 3,David Garrett,1129,17
CITY OF MARYSVILLE Council Position 3,Gary Kemp,1129,18
CITY OF MARYSVILLE Council Position 3,R.J. Whitlow,1129,41
CITY OF MARYSVILLE Council Position 3,Amber Cantu,1261,25
CITY OF MARYSVILLE Council Position 3,Dan Perkins,1261,64
CITY OF MARYSVILLE Council Position 3,David Garrett,1261,21
CITY OF MARYSVILLE Council Position 3,Gary Kemp,1261,23
CITY OF MARYSVILLE Council Position 3,R.J. Whitlow,1261,50
CITY OF MARYSVILLE Council Position 3,Amber Cantu,1299,11
CITY OF MARYSVILLE Council Position 3,Dan Perkins,1299,34
CITY OF MARYSVILLE Council Position 3,David Garrett,1299,9
CITY OF MARYSVILLE Council Position 3,Gary Kemp,1299,13
CITY OF MARYSVILLE Council Position 3,R.J. Whitlow,1299,9
CITY OF MARYSVILLE Council Position 3,Amber Cantu,1342,65
CITY OF MARYSVILLE Council Position 3,Dan Perkins,1342,44
CITY OF MARYSVILLE Council Position 3,David Garrett,1342,36
CITY OF MARYSVILLE Council Position 3,Gary Kemp,1342,37
CITY OF MARYSVILLE Council Position 3,R.J. Whitlow,1342,26
CITY OF MARYSVILLE Council Position 3,Amber Cantu,1350,46
CITY OF MARYSVILLE Council Position 3,Dan Perkins,1350,42
CITY OF MARYSVILLE Council Position 3,David Garrett,1350,28
CITY OF MARYSVILLE Council Position 3,Gary Kemp,1350,27
CITY OF MARYSVILLE Council Position 3,R.J. Whitlow,1350,20
CITY OF MARYSVILLE Council Position 3,Amber Cantu,1351,31
CITY OF MARYSVILLE Council Position 3,Dan Perkins,1351,59
CITY OF MARYSVILLE Council Position 3,David Garrett,1351,34
CITY OF MARYSVILLE Council Position 3,Gary Kemp,1351,33
CITY OF MARYSVILLE Council Position 3,R.J. Whitlow,1351,25
CITY OF MARYSVILLE Council Position 3,Amber Cantu,1428,52
CITY OF MARYSVILLE Council Position 3,Dan Perkins,1428,89
CITY OF MARYSVILLE Council Position 3,David Garrett,1428,48
CITY OF MARYSVILLE Council Position 3,Gary Kemp,1428,35
CITY OF MARYSVILLE Council Position 3,R.J. Whitlow,1428,44
CITY OF MARYSVILLE Council Position 3,Amber Cantu,1429,39
CITY OF MARYSVILLE Council Position 3,Dan Perkins,1429,37
CITY OF MARYSVILLE Council Position 3,David Garrett,1429,21
CITY OF MARYSVILLE Council Position 3,Gary Kemp,1429,19
CITY OF MARYSVILLE Council Position 3,R.J. Whitlow,1429,35
CITY OF MARYSVILLE Council Position 3,Amber Cantu,1430,29
CITY OF MARYSVILLE Council Position 3,Dan Perkins,1430,51
CITY OF MARYSVILLE Council Position 3,David Garrett,1430,17
CITY OF MARYSVILLE Council Position 3,Gary Kemp,1430,32
CITY OF MARYSVILLE Council Position 3,R.J. Whitlow,1430,38
CITY OF MARYSVILLE Council Position 3,Amber Cantu,1465,28
CITY OF MARYSVILLE Council Position 3,Dan Perkins,1465,59
CITY OF MARYSVILLE Council Position 3,David Garrett,1465,34
CITY OF MARYSVILLE Council Position 3,Gary Kemp,1465,43
CITY OF MARYSVILLE Council Position 3,R.J. Whitlow,1465,45
CITY OF MARYSVILLE Council Position 3,Amber Cantu,1466,36
CITY OF MARYSVILLE Council Position 3,Dan Perkins,1466,55
CITY OF MARYSVILLE Council Position 3,David Garrett,1466,28
CITY OF MARYSVILLE Council Position 3,Gary Kemp,1466,18
CITY OF MARYSVILLE Council Position 3,R.J. Whitlow,1466,51
CITY OF MARYSVILLE Council Position 3,Amber Cantu,1467,36
CITY OF MARYSVILLE Council Position 3,Dan Perkins,1467,49
CITY OF MARYSVILLE Council Position 3,David Garrett,1467,24
CITY OF MARYSVILLE Council Position 3,Gary Kemp,1467,22
CITY OF MARYSVILLE Council Position 3,R.J. Whitlow,1467,64
CITY OF MARYSVILLE Council Position 3,Amber Cantu,1468,34
CITY OF MARYSVILLE Council Position 3,Dan Perkins,1468,55
CITY OF MARYSVILLE Council Position 3,David Garrett,1468,35
CITY OF MARYSVILLE Council Position 3,Gary Kemp,1468,10
CITY OF MARYSVILLE Council Position 3,R.J. Whitlow,1468,42
CITY OF MARYSVILLE Council Position 3,Amber Cantu,1494,45
CITY OF MARYSVILLE Council Position 3,Dan Perkins,1494,96
CITY OF MARYSVILLE Council Position 3,David Garrett,1494,23
CITY OF MARYSVILLE Council Position 3,Gary Kemp,1494,51
CITY OF MARYSVILLE Council Position 3,R.J. Whitlow,1494,63
CITY OF MARYSVILLE Council Position 3,Amber Cantu,1504,28
CITY OF MARYSVILLE Council Position 3,Dan Perkins,1504,46
CITY OF MARYSVILLE Council Position 3,David Garrett,1504,20
CITY OF MARYSVILLE Council Position 3,Gary Kemp,1504,23
CITY OF MARYSVILLE Council Position 3,R.J. Whitlow,1504,47
CITY OF MARYSVILLE Council Position 3,Amber Cantu,1540,28
CITY OF MARYSVILLE Council Position 3,Dan Perkins,1540,47
CITY OF MARYSVILLE Council Position 3,David Garrett,1540,27
CITY OF MARYSVILLE Council Position 3,Gary Kemp,1540,25
CITY OF MARYSVILLE Council Position 3,R.J. Whitlow,1540,72
CITY OF MARYSVILLE Council Position 3,Amber Cantu,1541,47
CITY OF MARYSVILLE Council Position 3,Dan Perkins,1541,71
CITY OF MARYSVILLE Council Position 3,David Garrett,1541,24
CITY OF MARYSVILLE Council Position 3,Gary Kemp,1541,36
CITY OF MARYSVILLE Council Position 3,R.J. Whitlow,1541,49
CITY OF MARYSVILLE Council Position 3,Amber Cantu,1542,22
CITY OF MARYSVILLE Council Position 3,Dan Perkins,1542,31
CITY OF MARYSVILLE Council Position 3,David Garrett,1542,21
CITY OF MARYSVILLE Council Position 3,Gary Kemp,1542,21
CITY OF MARYSVILLE Council Position 3,R.J. Whitlow,1542,14
CITY OF MARYSVILLE Council Position 3,Amber Cantu,1543,28
CITY OF MARYSVILLE Council Position 3,Dan Perkins,1543,51
CITY OF MARYSVILLE Council Position 3,David Garrett,1543,27
CITY OF MARYSVILLE Council Position 3,Gary Kemp,1543,22
CITY OF MARYSVILLE Council Position 3,R.J. Whitlow,1543,46
CITY OF MARYSVILLE Council Position 3,Amber Cantu,1544,47
CITY OF MARYSVILLE Council Position 3,Dan Perkins,1544,62
CITY OF MARYSVILLE Council Position 3,David Garrett,1544,38
CITY OF MARYSVILLE Council Position 3,Gary Kemp,1544,24
CITY OF MARYSVILLE Council Position 3,R.J. Whitlow,1544,32
CITY OF MARYSVILLE Council Position 3,Amber Cantu,1571,23
CITY OF MARYSVILLE Council Position 3,Dan Perkins,1571,49
CITY OF MARYSVILLE Council Position 3,David Garrett,1571,31
CITY OF MARYSVILLE Council Position 3,Gary Kemp,1571,16
CITY OF MARYSVILLE Council Position 3,R.J. Whitlow,1571,30
CITY OF MARYSVILLE Council Position 3,Amber Cantu,1572,39
CITY OF MARYSVILLE Council Position 3,Dan Perkins,1572,35
CITY OF MARYSVILLE Council Position 3,David Garrett,1572,25
CITY OF MARYSVILLE Council Position 3,Gary Kemp,1572,24
CITY OF MARYSVILLE Council Position 3,R.J. Whitlow,1572,9
CITY OF MARYSVILLE Council Position 3,Amber Cantu,1628,19
CITY OF MARYSVILLE Council Position 3,Dan Perkins,1628,33
CITY OF MARYSVILLE Council Position 3,David Garrett,1628,16
CITY OF MARYSVILLE Council Position 3,Gary Kemp,1628,15
CITY OF MARYSVILLE Council Position 3,R.J. Whitlow,1628,37
CITY OF MARYSVILLE Council Position 3,Amber Cantu,1650,37
CITY OF MARYSVILLE Council Position 3,Dan Perkins,1650,17
CITY OF MARYSVILLE Council Position 3,David Garrett,1650,10
CITY OF MARYSVILLE Council Position 3,Gary Kemp,1650,12
CITY OF MARYSVILLE Council Position 3,R.J. Whitlow,1650,15
CITY OF MARYSVILLE Council Position 3,Amber Cantu,1651,29
CITY OF MARYSVILLE Council Position 3,Dan Perkins,1651,18
CITY OF MARYSVILLE Council Position 3,David Garrett,1651,22
CITY OF MARYSVILLE Council Position 3,Gary Kemp,1651,13
CITY OF MARYSVILLE Council Position 3,R.J. Whitlow,1651,10
CITY OF MARYSVILLE Council Position 3,Amber Cantu,1676,49
CITY OF MARYSVILLE Council Position 3,Dan Perkins,1676,57
CITY OF MARYSVILLE Council Position 3,David Garrett,1676,24
CITY OF MARYSVILLE Council Position 3,Gary Kemp,1676,22
CITY OF MARYSVILLE Council Position 3,R.J. Whitlow,1676,45
CITY OF MARYSVILLE Council Position 3,Amber Cantu,1677,31
CITY OF MARYSVILLE Council Position 3,Dan Perkins,1677,42
CITY OF MARYSVILLE Council Position 3,David Garrett,1677,33
CITY OF MARYSVILLE Council Position 3,Gary Kemp,1677,19
CITY OF MARYSVILLE Council Position 3,R.J. Whitlow,1677,34
CITY OF MARYSVILLE Council Position 3,Amber Cantu,1678,25
CITY OF MARYSVILLE Council Position 3,Dan Perkins,1678,45
CITY OF MARYSVILLE Council Position 3,David Garrett,1678,41
CITY OF MARYSVILLE Council Position 3,Gary Kemp,1678,13
CITY OF MARYSVILLE Council Position 3,R.J. Whitlow,1678,12
CITY OF MARYSVILLE Council Position 3,Amber Cantu,1679,36
CITY OF MARYSVILLE Council Position 3,Dan Perkins,1679,58
CITY OF MARYSVILLE Council Position 3,David Garrett,1679,30
CITY OF MARYSVILLE Council Position 3,Gary Kemp,1679,17
CITY OF MARYSVILLE Council Position 3,R.J. Whitlow,1679,22
CITY OF MARYSVILLE Council Position 3,Amber Cantu,1680,0
CITY OF MARYSVILLE Council Position 3,Dan Perkins,1680,0
CITY OF MARYSVILLE Council Position 3,David Garrett,1680,0
CITY OF MARYSVILLE Council Position 3,Gary Kemp,1680,0
CITY OF MARYSVILLE Council Position 3,R.J. Whitlow,1680,0
CITY OF MARYSVILLE Council Position 3,Amber Cantu,1701,27
CITY OF MARYSVILLE Council Position 3,Dan Perkins,1701,47
CITY OF MARYSVILLE Council Position 3,David Garrett,1701,21
CITY OF MARYSVILLE Council Position 3,Gary Kemp,1701,15
CITY OF MARYSVILLE Council Position 3,R.J. Whitlow,1701,23
CITY OF MARYSVILLE Council Position 3,Amber Cantu,1728,41
CITY OF MARYSVILLE Council Position 3,Dan Perkins,1728,41
CITY OF MARYSVILLE Council Position 3,David Garrett,1728,27
CITY OF MARYSVILLE Council Position 3,Gary Kemp,1728,27
CITY OF MARYSVILLE Council Position 3,R.J. Whitlow,1728,30
CITY OF MARYSVILLE Council Position 3,Amber Cantu,1729,27
CITY OF MARYSVILLE Council Position 3,Dan Perkins,1729,33
CITY OF MARYSVILLE Council Position 3,David Garrett,1729,15
CITY OF MARYSVILLE Council Position 3,Gary Kemp,1729,15
CITY OF MARYSVILLE Council Position 3,R.J. Whitlow,1729,34
CITY OF MARYSVILLE Council Position 3,Amber Cantu,1730,24
CITY OF MARYSVILLE Council Position 3,Dan Perkins,1730,75
CITY OF MARYSVILLE Council Position 3,David Garrett,1730,16
CITY OF MARYSVILLE Council Position 3,Gary Kemp,1730,16
CITY OF MARYSVILLE Council Position 3,R.J. Whitlow,1730,20
CITY OF MARYSVILLE Council Position 3,Amber Cantu,1731,21
CITY OF MARYSVILLE Council Position 3,Dan Perkins,1731,35
CITY OF MARYSVILLE Council Position 3,David Garrett,1731,17
CITY OF MARYSVILLE Council Position 3,Gary Kemp,1731,9
CITY OF MARYSVILLE Council Position 3,R.J. Whitlow,1731,41
CITY OF MARYSVILLE Council Position 3,Amber Cantu,1732,29
CITY OF MARYSVILLE Council Position 3,Dan Perkins,1732,36
CITY OF MARYSVILLE Council Position 3,David Garrett,1732,19
CITY OF MARYSVILLE Council Position 3,Gary Kemp,1732,30
CITY OF MARYSVILLE Council Position 3,R.J. Whitlow,1732,32
CITY OF MARYSVILLE Council Position 3,Amber Cantu,1733,31
CITY OF MARYSVILLE Council Position 3,Dan Perkins,1733,61
CITY OF MARYSVILLE Council Position 3,David Garrett,1733,6
CITY OF MARYSVILLE Council Position 3,Gary Kemp,1733,30
CITY OF MARYSVILLE Council Position 3,R.J. Whitlow,1733,32
CITY OF MARYSVILLE Council Position 3,Amber Cantu,1734,31
CITY OF MARYSVILLE Council Position 3,Dan Perkins,1734,29
CITY OF MARYSVILLE Council Position 3,David Garrett,1734,16
CITY OF MARYSVILLE Council Position 3,Gary Kemp,1734,16
CITY OF MARYSVILLE Council Position 3,R.J. Whitlow,1734,16
CITY OF MARYSVILLE Council Position 3,Amber Cantu,1735,42
CITY OF MARYSVILLE Council Position 3,Dan Perkins,1735,40
CITY OF MARYSVILLE Council Position 3,David Garrett,1735,17
CITY OF MARYSVILLE Council Position 3,Gary Kemp,1735,14
CITY OF MARYSVILLE Council Position 3,R.J. Whitlow,1735,44
CITY OF MARYSVILLE Council Position 3,Amber Cantu,1736,32
CITY OF MARYSVILLE Council Position 3,Dan Perkins,1736,34
CITY OF MARYSVILLE Council Position 3,David Garrett,1736,25
CITY OF MARYSVILLE Council Position 3,Gary Kemp,1736,41
CITY OF MARYSVILLE Council Position 3,R.J. Whitlow,1736,38
CITY OF MARYSVILLE Council Position 3,Amber Cantu,1737,22
CITY OF MARYSVILLE Council Position 3,Dan Perkins,1737,31
CITY OF MARYSVILLE Council Position 3,David Garrett,1737,9
CITY OF MARYSVILLE Council Position 3,Gary Kemp,1737,22
CITY OF MARYSVILLE Council Position 3,R.J. Whitlow,1737,16
CITY OF MARYSVILLE Council Position 3,Amber Cantu,1738,34
CITY OF MARYSVILLE Council Position 3,Dan Perkins,1738,51
CITY OF MARYSVILLE Council Position 3,David Garrett,1738,19
CITY OF MARYSVILLE Council Position 3,Gary Kemp,1738,26
CITY OF MARYSVILLE Council Position 3,R.J. Whitlow,1738,51
CITY OF MARYSVILLE Council Position 3,Amber Cantu,1739,37
CITY OF MARYSVILLE Council Position 3,Dan Perkins,1739,56
CITY OF MARYSVILLE Council Position 3,David Garrett,1739,30
CITY OF MARYSVILLE Council Position 3,Gary Kemp,1739,47
CITY OF MARYSVILLE Council Position 3,R.J. Whitlow,1739,69
CITY OF MARYSVILLE Council Position 3,Amber Cantu,1740,43
CITY OF MARYSVILLE Council Position 3,Dan Perkins,1740,67
CITY OF MARYSVILLE Council Position 3,David Garrett,1740,22
CITY OF MARYSVILLE Council Position 3,Gary Kemp,1740,35
CITY OF MARYSVILLE Council Position 3,R.J. Whitlow,1740,29
CITY OF MARYSVILLE Council Position 3,Amber Cantu,1741,36
CITY OF MARYSVILLE Council Position 3,Dan Perkins,1741,58
CITY OF MARYSVILLE Council Position 3,David Garrett,1741,29
CITY OF MARYSVILLE Council Position 3,Gary Kemp,1741,24
CITY OF MARYSVILLE Council Position 3,R.J. Whitlow,1741,20
CITY OF MARYSVILLE Council Position 3,Amber Cantu,1742,29
CITY OF MARYSVILLE Council Position 3,Dan Perkins,1742,43
CITY OF MARYSVILLE Council Position 3,David Garrett,1742,13
CITY OF MARYSVILLE Council Position 3,Gary Kemp,1742,33
CITY OF MARYSVILLE Council Position 3,R.J. Whitlow,1742,31
CITY OF MARYSVILLE Council Position 3,Amber Cantu,1743,39
CITY OF MARYSVILLE Council Position 3,Dan Perkins,1743,49
CITY OF MARYSVILLE Council Position 3,David Garrett,1743,31
CITY OF MARYSVILLE Council Position 3,Gary Kemp,1743,22
CITY OF MARYSVILLE Council Position 3,R.J. Whitlow,1743,35
CITY OF MARYSVILLE Council Position 3,Amber Cantu,1744,25
CITY OF MARYSVILLE Council Position 3,Dan Perkins,1744,38
CITY OF MARYSVILLE Council Position 3,David Garrett,1744,27
CITY OF MARYSVILLE Council Position 3,Gary Kemp,1744,9
CITY OF MARYSVILLE Council Position 3,R.J. Whitlow,1744,10
CITY OF MARYSVILLE Council Position 3,Amber Cantu,1745,21
CITY OF MARYSVILLE Council Position 3,Dan Perkins,1745,51
CITY OF MARYSVILLE Council Position 3,David Garrett,1745,19
CITY OF MARYSVILLE Council Position 3,Gary Kemp,1745,8
CITY OF MARYSVILLE Council Position 3,R.J. Whitlow,1745,10
CITY OF MARYSVILLE Council Position 3,Amber Cantu,1746,29
CITY OF MARYSVILLE Council Position 3,Dan Perkins,1746,31
CITY OF MARYSVILLE Council Position 3,David Garrett,1746,15
CITY OF MARYSVILLE Council Position 3,Gary Kemp,1746,16
CITY OF MARYSVILLE Council Position 3,R.J. Whitlow,1746,24
CITY OF MARYSVILLE Council Position 3,Amber Cantu,1747,29
CITY OF MARYSVILLE Council Position 3,Dan Perkins,1747,36
CITY OF MARYSVILLE Council Position 3,David Garrett,1747,27
CITY OF MARYSVILLE Council Position 3,Gary Kemp,1747,13
CITY OF MARYSVILLE Council Position 3,R.J. Whitlow,1747,16
CITY OF MARYSVILLE Council Position 3,Amber Cantu,1748,19
CITY OF MARYSVILLE Council Position 3,Dan Perkins,1748,47
CITY OF MARYSVILLE Council Position 3,David Garrett,1748,11
CITY OF MARYSVILLE Council Position 3,Gary Kemp,1748,12
CITY OF MARYSVILLE Council Position 3,R.J. Whitlow,1748,30
CITY OF MARYSVILLE Council Position 3,Amber Cantu,1766,52
CITY OF MARYSVILLE Council Position 3,Dan Perkins,1766,64
CITY OF MARYSVILLE Council Position 3,David Garrett,1766,18
CITY OF MARYSVILLE Council Position 3,Gary Kemp,1766,25
CITY OF MARYSVILLE Council Position 3,R.J. Whitlow,1766,29
CITY OF MARYSVILLE Council Position 3,Amber Cantu,1767,11
CITY OF MARYSVILLE Council Position 3,Dan Perkins,1767,9
CITY OF MARYSVILLE Council Position 3,David Garrett,1767,8
CITY OF MARYSVILLE Council Position 3,Gary Kemp,1767,8
CITY OF MARYSVILLE Council Position 3,R.J. Whitlow,1767,21
CITY OF MARYSVILLE Council Position 3,Amber Cantu,1768,18
CITY OF MARYSVILLE Council Position 3,Dan Perkins,1768,26
CITY OF MARYSVILLE Council Position 3,David Garrett,1768,8
CITY OF MARYSVILLE Council Position 3,Gary Kemp,1768,16
CITY OF MARYSVILLE Council Position 3,R.J. Whitlow,1768,18
CITY OF MARYSVILLE Council Position 3,Amber Cantu,1769,35
CITY OF MARYSVILLE Council Position 3,Dan Perkins,1769,21
CITY OF MARYSVILLE Council Position 3,David Garrett,1769,17
CITY OF MARYSVILLE Council Position 3,Gary Kemp,1769,16
CITY OF MARYSVILLE Council Position 3,R.J. Whitlow,1769,10
CITY OF MARYSVILLE Council Position 3,Amber Cantu,1770,23
CITY OF MARYSVILLE Council Position 3,Dan Perkins,1770,29
CITY OF MARYSVILLE Council Position 3,David Garrett,1770,20
CITY OF MARYSVILLE Council Position 3,Gary Kemp,1770,18
CITY OF MARYSVILLE Council Position 3,R.J. Whitlow,1770,27
CITY OF MARYSVILLE Council Position 3,Amber Cantu,1780,12
CITY OF MARYSVILLE Council Position 3,Dan Perkins,1780,43
CITY OF MARYSVILLE Council Position 3,David Garrett,1780,9
CITY OF MARYSVILLE Council Position 3,Gary Kemp,1780,15
CITY OF MARYSVILLE Council Position 3,R.J. Whitlow,1780,21
CITY OF MARYSVILLE Council Position 3,Amber Cantu,1795,47
CITY OF MARYSVILLE Council Position 3,Dan Perkins,1795,25
CITY OF MARYSVILLE Council Position 3,David Garrett,1795,20
CITY OF MARYSVILLE Council Position 3,Gary Kemp,1795,12
CITY OF MARYSVILLE Council Position 3,R.J. Whitlow,1795,10
CITY OF MARYSVILLE Council Position 3,Amber Cantu,1797,27
CITY OF MARYSVILLE Council Position 3,Dan Perkins,1797,30
CITY OF MARYSVILLE Council Position 3,David Garrett,1797,14
CITY OF MARYSVILLE Council Position 3,Gary Kemp,1797,5
CITY OF MARYSVILLE Council Position 3,R.J. Whitlow,1797,23
CITY OF MARYSVILLE Council Position 3,Amber Cantu,1799,21
CITY OF MARYSVILLE Council Position 3,Dan Perkins,1799,21
CITY OF MARYSVILLE Council Position 3,David Garrett,1799,13
CITY OF MARYSVILLE Council Position 3,Gary Kemp,1799,6
CITY OF MARYSVILLE Council Position 3,R.J. Whitlow,1799,17
CITY OF MARYSVILLE Council Position 3,Amber Cantu,1814,35
CITY OF MARYSVILLE Council Position 3,Dan Perkins,1814,38
CITY OF MARYSVILLE Council Position 3,David Garrett,1814,19
CITY OF MARYSVILLE Council Position 3,Gary Kemp,1814,9
CITY OF MARYSVILLE Council Position 3,R.J. Whitlow,1814,15
CITY OF MARYSVILLE Council Position 3,Amber Cantu,1823,22
CITY OF MARYSVILLE Council Position 3,Dan Perkins,1823,43
CITY OF MARYSVILLE Council Position 3,David Garrett,1823,15
CITY OF MARYSVILLE Council Position 3,Gary Kemp,1823,9
CITY OF MARYSVILLE Council Position 3,R.J. Whitlow,1823,44
CITY OF MARYSVILLE Council Position 3,Amber Cantu,1825,15
CITY OF MARYSVILLE Council Position 3,Dan Perkins,1825,14
CITY OF MARYSVILLE Council Position 3,David Garrett,1825,10
CITY OF MARYSVILLE Council Position 3,Gary Kemp,1825,17
CITY OF MARYSVILLE Council Position 3,R.J. Whitlow,1825,7
CITY OF MARYSVILLE Council Position 3,Amber Cantu,1831,26
CITY OF MARYSVILLE Council Position 3,Dan Perkins,1831,25
CITY OF MARYSVILLE Council Position 3,David Garrett,1831,20
CITY OF MARYSVILLE Council Position 3,Gary Kemp,1831,9
CITY OF MARYSVILLE Council Position 3,R.J. Whitlow,1831,21
CITY OF MARYSVILLE Council Position 3,Amber Cantu,1835,0
CITY OF MARYSVILLE Council Position 3,Dan Perkins,1835,0
CITY OF MARYSVILLE Council Position 3,David Garrett,1835,0
CITY OF MARYSVILLE Council Position 3,Gary Kemp,1835,0
CITY OF MARYSVILLE Council Position 3,R.J. Whitlow,1835,0
CITY OF MARYSVILLE Council Position 3,Amber Cantu,1848,26
CITY OF MARYSVILLE Council Position 3,Dan Perkins,1848,35
CITY OF MARYSVILLE Council Position 3,David Garrett,1848,25
CITY OF MARYSVILLE Council Position 3,Gary Kemp,1848,16
CITY OF MARYSVILLE Council Position 3,R.J. Whitlow,1848,15
CITY OF MARYSVILLE Council Position 3,Amber Cantu,1849,8
CITY OF MARYSVILLE Council Position 3,Dan Perkins,1849,17
CITY OF MARYSVILLE Council Position 3,David Garrett,1849,9
CITY OF MARYSVILLE Council Position 3,Gary Kemp,1849,3
CITY OF MARYSVILLE Council Position 3,R.J. Whitlow,1849,2
CITY OF MARYSVILLE Council Position 3,Amber Cantu,1862,17
CITY OF MARYSVILLE Council Position 3,Dan Perkins,1862,32
CITY OF MARYSVILLE Council Position 3,David Garrett,1862,26
CITY OF MARYSVILLE Council Position 3,Gary Kemp,1862,7
CITY OF MARYSVILLE Council Position 3,R.J. Whitlow,1862,14
CITY OF MARYSVILLE Council Position 3,Amber Cantu,1863,24
CITY OF MARYSVILLE Council Position 3,Dan Perkins,1863,19
CITY OF MARYSVILLE Council Position 3,David Garrett,1863,20
CITY OF MARYSVILLE Council Position 3,Gary Kemp,1863,12
CITY OF MARYSVILLE Council Position 3,R.J. Whitlow,1863,23
CITY OF MOUNTLAKE TERRACE Council Position 3,Michelle (Angrick) Delpeon,1090,36
CITY OF MOUNTLAKE TERRACE Council Position 3,Danny Luoma,1090,28
CITY OF MOUNTLAKE TERRACE Council Position 3,Othman Riad,1090,13
CITY OF MOUNTLAKE TERRACE Council Position 3,"William L. Paige, Jr.",1090,101
CITY OF MOUNTLAKE TERRACE Council Position 3,Michelle (Angrick) Delpeon,1091,38
CITY OF MOUNTLAKE TERRACE Council Position 3,Danny Luoma,1091,29
CITY OF MOUNTLAKE TERRACE Council Position 3,Othman Riad,1091,12
CITY OF MOUNTLAKE TERRACE Council Position 3,"William L. Paige, Jr.",1091,70
CITY OF MOUNTLAKE TERRACE Council Position 3,Michelle (Angrick) Delpeon,1092,21
CITY OF MOUNTLAKE TERRACE Council Position 3,Danny Luoma,1092,46
CITY OF MOUNTLAKE TERRACE Council Position 3,Othman Riad,1092,14
CITY OF MOUNTLAKE TERRACE Council Position 3,"William L. Paige, Jr.",1092,89
CITY OF MOUNTLAKE TERRACE Council Position 3,Michelle (Angrick) Delpeon,1093,38
CITY OF MOUNTLAKE TERRACE Council Position 3,Danny Luoma,1093,42
CITY OF MOUNTLAKE TERRACE Council Position 3,Othman Riad,1093,16
CITY OF MOUNTLAKE TERRACE Council Position 3,"William L. Paige, Jr.",1093,94
CITY OF MOUNTLAKE TERRACE Council Position 3,Michelle (Angrick) Delpeon,1094,15
CITY OF MOUNTLAKE TERRACE Council Position 3,Danny Luoma,1094,49
CITY OF MOUNTLAKE TERRACE Council Position 3,Othman Riad,1094,18
CITY OF MOUNTLAKE TERRACE Council Position 3,"William L. Paige, Jr.",1094,86
CITY OF MOUNTLAKE TERRACE Council Position 3,Michelle (Angrick) Delpeon,1095,18
CITY OF MOUNTLAKE TERRACE Council Position 3,Danny Luoma,1095,21
CITY OF MOUNTLAKE TERRACE Council Position 3,Othman Riad,1095,10
CITY OF MOUNTLAKE TERRACE Council Position 3,"William L. Paige, Jr.",1095,41
CITY OF MOUNTLAKE TERRACE Council Position 3,Michelle (Angrick) Delpeon,1096,34
CITY OF MOUNTLAKE TERRACE Council Position 3,Danny Luoma,1096,22
CITY OF MOUNTLAKE TERRACE Council Position 3,Othman Riad,1096,10
CITY OF MOUNTLAKE TERRACE Council Position 3,"William L. Paige, Jr.",1096,76
CITY OF MOUNTLAKE TERRACE Council Position 3,Michelle (Angrick) Delpeon,1097,18
CITY OF MOUNTLAKE TERRACE Council Position 3,Danny Luoma,1097,34
CITY OF MOUNTLAKE TERRACE Council Position 3,Othman Riad,1097,13
CITY OF MOUNTLAKE TERRACE Council Position 3,"William L. Paige, Jr.",1097,71
CITY OF MOUNTLAKE TERRACE Council Position 3,Michelle (Angrick) Delpeon,1137,49
CITY OF MOUNTLAKE TERRACE Council Position 3,Danny Luoma,1137,39
CITY OF MOUNTLAKE TERRACE Council Position 3,Othman Riad,1137,18
CITY OF MOUNTLAKE TERRACE Council Position 3,"William L. Paige, Jr.",1137,137
CITY OF MOUNTLAKE TERRACE Council Position 3,Michelle (Angrick) Delpeon,1138,30
CITY OF MOUNTLAKE TERRACE Council Position 3,Danny Luoma,1138,43
CITY OF MOUNTLAKE TERRACE Council Position 3,Othman Riad,1138,9
CITY OF MOUNTLAKE TERRACE Council Position 3,"William L. Paige, Jr.",1138,73
CITY OF MOUNTLAKE TERRACE Council Position 3,Michelle (Angrick) Delpeon,1139,22
CITY OF MOUNTLAKE TERRACE Council Position 3,Danny Luoma,1139,53
CITY OF MOUNTLAKE TERRACE Council Position 3,Othman Riad,1139,14
CITY OF MOUNTLAKE TERRACE Council Position 3,"William L. Paige, Jr.",1139,102
CITY OF MOUNTLAKE TERRACE Council Position 3,Michelle (Angrick) Delpeon,1140,48
CITY OF MOUNTLAKE TERRACE Council Position 3,Danny Luoma,1140,37
CITY OF MOUNTLAKE TERRACE Council Position 3,Othman Riad,1140,18
CITY OF MOUNTLAKE TERRACE Council Position 3,"William L. Paige, Jr.",1140,103
CITY OF MOUNTLAKE TERRACE Council Position 3,Michelle (Angrick) Delpeon,1141,44
CITY OF MOUNTLAKE TERRACE Council Position 3,Danny Luoma,1141,39
CITY OF MOUNTLAKE TERRACE Council Position 3,Othman Riad,1141,30
CITY OF MOUNTLAKE TERRACE Council Position 3,"William L. Paige, Jr.",1141,99
CITY OF MOUNTLAKE TERRACE Council Position 3,Michelle (Angrick) Delpeon,1142,40
CITY OF MOUNTLAKE TERRACE Council Position 3,Danny Luoma,1142,23
CITY OF MOUNTLAKE TERRACE Council Position 3,Othman Riad,1142,6
CITY OF MOUNTLAKE TERRACE Council Position 3,"William L. Paige, Jr.",1142,72
CITY OF MOUNTLAKE TERRACE Council Position 3,Michelle (Angrick) Delpeon,1189,41
CITY OF MOUNTLAKE TERRACE Council Position 3,Danny Luoma,1189,37
CITY OF MOUNTLAKE TERRACE Council Position 3,Othman Riad,1189,7
CITY OF MOUNTLAKE TERRACE Council Position 3,"William L. Paige, Jr.",1189,118
CITY OF MOUNTLAKE TERRACE Council Position 3,Michelle (Angrick) Delpeon,1190,39
CITY OF MOUNTLAKE TERRACE Council Position 3,Danny Luoma,1190,48
CITY OF MOUNTLAKE TERRACE Council Position 3,Othman Riad,1190,5
CITY OF MOUNTLAKE TERRACE Council Position 3,"William L. Paige, Jr.",1190,93
CITY OF MOUNTLAKE TERRACE Council Position 3,Michelle (Angrick) Delpeon,1191,31
CITY OF MOUNTLAKE TERRACE Council Position 3,Danny Luoma,1191,50
CITY OF MOUNTLAKE TERRACE Council Position 3,Othman Riad,1191,14
CITY OF MOUNTLAKE TERRACE Council Position 3,"William L. Paige, Jr.",1191,124
CITY OF MOUNTLAKE TERRACE Council Position 3,Michelle (Angrick) Delpeon,1432,22
CITY OF MOUNTLAKE TERRACE Council Position 3,Danny Luoma,1432,47
CITY OF MOUNTLAKE TERRACE Council Position 3,Othman Riad,1432,10
CITY OF MOUNTLAKE TERRACE Council Position 3,"William L. Paige, Jr.",1432,72
CITY OF MOUNTLAKE TERRACE Council Position 3,Michelle (Angrick) Delpeon,1630,21
CITY OF MOUNTLAKE TERRACE Council Position 3,Danny Luoma,1630,22
CITY OF MOUNTLAKE TERRACE Council Position 3,Othman Riad,1630,12
CITY OF MOUNTLAKE TERRACE Council Position 3,"William L. Paige, Jr.",1630,77
CITY OF MOUNTLAKE TERRACE Council Position 3,Michelle (Angrick) Delpeon,1787,6
CITY OF MOUNTLAKE TERRACE Council Position 3,Danny Luoma,1787,12
CITY OF MOUNTLAKE TERRACE Council Position 3,Othman Riad,1787,5
CITY OF MOUNTLAKE TERRACE Council Position 3,"William L. Paige, Jr.",1787,27
CITY OF MOUNTLAKE TERRACE Council Position 3,Michelle (Angrick) Delpeon,1793,22
CITY OF MOUNTLAKE TERRACE Council Position 3,Danny Luoma,1793,30
CITY OF MOUNTLAKE TERRACE Council Position 3,Othman Riad,1793,15
CITY OF MOUNTLAKE TERRACE Council Position 3,"William L. Paige, Jr.",1793,88
CITY OF MUKILTEO Council Position 2,James Sterba,1192,90
CITY OF MUKILTEO Council Position 2,Carolyn (Dode) Carlson,1192,113
CITY OF MUKILTEO Council Position 2,Tina Over,1192,9
CITY OF MUKILTEO Council Position 2,Riaz Khan,1192,45
CITY OF MUKILTEO Council Position 2,Jon Welton,1192,6
CITY OF MUKILTEO Council Position 2,James Sterba,1193,110
CITY OF MUKILTEO Council Position 2,Carolyn (Dode) Carlson,1193,145
CITY OF MUKILTEO Council Position 2,Tina Over,1193,27
CITY OF MUKILTEO Council Position 2,Riaz Khan,1193,50
CITY OF MUKILTEO Council Position 2,Jon Welton,1193,7
CITY OF MUKILTEO Council Position 2,James Sterba,1194,62
CITY OF MUKILTEO Council Position 2,Carolyn (Dode) Carlson,1194,43
CITY OF MUKILTEO Council Position 2,Tina Over,1194,28
CITY OF MUKILTEO Council Position 2,Riaz Khan,1194,11
CITY OF MUKILTEO Council Position 2,Jon Welton,1194,2
CITY OF MUKILTEO Council Position 2,James Sterba,1262,58
CITY OF MUKILTEO Council Position 2,Carolyn (Dode) Carlson,1262,48
CITY OF MUKILTEO Council Position 2,Tina Over,1262,13
CITY OF MUKILTEO Council Position 2,Riaz Khan,1262,15
CITY OF MUKILTEO Council Position 2,Jon Welton,1262,6
CITY OF MUKILTEO Council Position 2,James Sterba,1263,99
CITY OF MUKILTEO Council Position 2,Carolyn (Dode) Carlson,1263,83
CITY OF MUKILTEO Council Position 2,Tina Over,1263,24
CITY OF MUKILTEO Council Position 2,Riaz Khan,1263,37
CITY OF MUKILTEO Council Position 2,Jon Welton,1263,17
CITY OF MUKILTEO Council Position 2,James Sterba,1306,53
CITY OF MUKILTEO Council Position 2,Carolyn (Dode) Carlson,1306,39
CITY OF MUKILTEO Council Position 2,Tina Over,1306,13
CITY OF MUKILTEO Council Position 2,Riaz Khan,1306,11
CITY OF MUKILTEO Council Position 2,Jon Welton,1306,6
CITY OF MUKILTEO Council Position 2,James Sterba,1307,67
CITY OF MUKILTEO Council Position 2,Carolyn (Dode) Carlson,1307,46
CITY OF MUKILTEO Council Position 2,Tina Over,1307,23
CITY OF MUKILTEO Council Position 2,Riaz Khan,1307,25
CITY OF MUKILTEO Council Position 2,Jon Welton,1307,9
CITY OF MUKILTEO Council Position 2,James Sterba,1355,68
CITY OF MUKILTEO Council Position 2,Carolyn (Dode) Carlson,1355,52
CITY OF MUKILTEO Council Position 2,Tina Over,1355,28
CITY OF MUKILTEO Council Position 2,Riaz Khan,1355,49
CITY OF MUKILTEO Council Position 2,Jon Welton,1355,8
CITY OF MUKILTEO Council Position 2,James Sterba,1378,62
CITY OF MUKILTEO Council Position 2,Carolyn (Dode) Carlson,1378,40
CITY OF MUKILTEO Council Position 2,Tina Over,1378,26
CITY OF MUKILTEO Council Position 2,Riaz Khan,1378,34
CITY OF MUKILTEO Council Position 2,Jon Welton,1378,5
CITY OF MUKILTEO Council Position 2,James Sterba,1379,119
CITY OF MUKILTEO Council Position 2,Carolyn (Dode) Carlson,1379,89
CITY OF MUKILTEO Council Position 2,Tina Over,1379,27
CITY OF MUKILTEO Council Position 2,Riaz Khan,1379,38
CITY OF MUKILTEO Council Position 2,Jon Welton,1379,13
CITY OF MUKILTEO Council Position 2,James Sterba,1380,104
CITY OF MUKILTEO Council Position 2,Carolyn (Dode) Carlson,1380,59
CITY OF MUKILTEO Council Position 2,Tina Over,1380,17
CITY OF MUKILTEO Council Position 2,Riaz Khan,1380,24
CITY OF MUKILTEO Council Position 2,Jon Welton,1380,9
CITY OF MUKILTEO Council Position 2,James Sterba,1381,78
CITY OF MUKILTEO Council Position 2,Carolyn (Dode) Carlson,1381,90
CITY OF MUKILTEO Council Position 2,Tina Over,1381,30
CITY OF MUKILTEO Council Position 2,Riaz Khan,1381,32
CITY OF MUKILTEO Council Position 2,Jon Welton,1381,6
CITY OF MUKILTEO Council Position 2,James Sterba,1382,90
CITY OF MUKILTEO Council Position 2,Carolyn (Dode) Carlson,1382,56
CITY OF MUKILTEO Council Position 2,Tina Over,1382,22
CITY OF MUKILTEO Council Position 2,Riaz Khan,1382,51
CITY OF MUKILTEO Council Position 2,Jon Welton,1382,4
CITY OF MUKILTEO Council Position 2,James Sterba,1383,125
CITY OF MUKILTEO Council Position 2,Carolyn (Dode) Carlson,1383,73
CITY OF MUKILTEO Council Position 2,Tina Over,1383,30
CITY OF MUKILTEO Council Position 2,Riaz Khan,1383,36
CITY OF MUKILTEO Council Position 2,Jon Welton,1383,11
CITY OF MUKILTEO Council Position 2,James Sterba,1474,119
CITY OF MUKILTEO Council Position 2,Carolyn (Dode) Carlson,1474,55
CITY OF MUKILTEO Council Position 2,Tina Over,1474,29
CITY OF MUKILTEO Council Position 2,Riaz Khan,1474,50
CITY OF MUKILTEO Council Position 2,Jon Welton,1474,7
CITY OF MUKILTEO Council Position 2,James Sterba,1475,73
CITY OF MUKILTEO Council Position 2,Carolyn (Dode) Carlson,1475,37
CITY OF MUKILTEO Council Position 2,Tina Over,1475,31
CITY OF MUKILTEO Council Position 2,Riaz Khan,1475,39
CITY OF MUKILTEO Council Position 2,Jon Welton,1475,2
CITY OF MUKILTEO Council Position 2,James Sterba,1631,80
CITY OF MUKILTEO Council Position 2,Carolyn (Dode) Carlson,1631,55
CITY OF MUKILTEO Council Position 2,Tina Over,1631,32
CITY OF MUKILTEO Council Position 2,Riaz Khan,1631,36
CITY OF MUKILTEO Council Position 2,Jon Welton,1631,5
CITY OF MUKILTEO Council Position 2,James Sterba,1632,10
CITY OF MUKILTEO Council Position 2,Carolyn (Dode) Carlson,1632,5
CITY OF MUKILTEO Council Position 2,Tina Over,1632,14
CITY OF MUKILTEO Council Position 2,Riaz Khan,1632,14
CITY OF MUKILTEO Council Position 2,Jon Welton,1632,3
CITY OF MUKILTEO Council Position 2,James Sterba,1633,63
CITY OF MUKILTEO Council Position 2,Carolyn (Dode) Carlson,1633,70
CITY OF MUKILTEO Council Position 2,Tina Over,1633,36
CITY OF MUKILTEO Council Position 2,Riaz Khan,1633,29
CITY OF MUKILTEO Council Position 2,Jon Welton,1633,17
CITY OF MUKILTEO Council Position 2,James Sterba,1655,44
CITY OF MUKILTEO Council Position 2,Carolyn (Dode) Carlson,1655,40
CITY OF MUKILTEO Council Position 2,Tina Over,1655,31
CITY OF MUKILTEO Council Position 2,Riaz Khan,1655,26
CITY OF MUKILTEO Council Position 2,Jon Welton,1655,5
CITY OF MUKILTEO Council Position 2,James Sterba,1704,35
CITY OF MUKILTEO Council Position 2,Carolyn (Dode) Carlson,1704,37
CITY OF MUKILTEO Council Position 2,Tina Over,1704,13
CITY OF MUKILTEO Council Position 2,Riaz Khan,1704,15
CITY OF MUKILTEO Council Position 2,Jon Welton,1704,2
CITY OF MUKILTEO Council Position 2,James Sterba,1819,34
CITY OF MUKILTEO Council Position 2,Carolyn (Dode) Carlson,1819,16
CITY OF MUKILTEO Council Position 2,Tina Over,1819,3
CITY OF MUKILTEO Council Position 2,Riaz Khan,1819,7
CITY OF MUKILTEO Council Position 2,Jon Welton,1819,2
GRANITE FALLS SCHOOL DISTRICT NO. 332 Director District 4,LaShae Lee,1384,53
GRANITE FALLS SCHOOL DISTRICT NO. 332 Director District 4,Tina Veatch,1384,71
GRANITE FALLS SCHOOL DISTRICT NO. 332 Director District 4,Erik Gochnour,1384,21
GRANITE FALLS SCHOOL DISTRICT NO. 332 Director District 4,LaShae Lee,1385,53
GRANITE FALLS SCHOOL DISTRICT NO. 332 Director District 4,Tina Veatch,1385,60
GRANITE FALLS SCHOOL DISTRICT NO. 332 Director District 4,Erik Gochnour,1385,13
GRANITE FALLS SCHOOL DISTRICT NO. 332 Director District 4,LaShae Lee,1670,33
GRANITE FALLS SCHOOL DISTRICT NO. 332 Director District 4,Tina Veatch,1670,39
GRANITE FALLS SCHOOL DISTRICT NO. 332 Director District 4,Erik Gochnour,1670,14
GRANITE FALLS SCHOOL DISTRICT NO. 332 Director District 4,LaShae Lee,1778,16
GRANITE FALLS SCHOOL DISTRICT NO. 332 Director District 4,Tina Veatch,1778,13
GRANITE FALLS SCHOOL DISTRICT NO. 332 Director District 4,Erik Gochnour,1778,2
GRANITE FALLS SCHOOL DISTRICT NO. 332 Director District 4,LaShae Lee,1866,29
GRANITE FALLS SCHOOL DISTRICT NO. 332 Director District 4,Tina Veatch,1866,27
GRANITE FALLS SCHOOL DISTRICT NO. 332 Director District 4,Erik Gochnour,1866,5
GRANITE FALLS SCHOOL DISTRICT NO. 332 Director District 4,LaShae Lee,4011,46
GRANITE FALLS SCHOOL DISTRICT NO. 332 Director District 4,Tina Veatch,4011,33
GRANITE FALLS SCHOOL DISTRICT NO. 332 Director District 4,Erik Gochnour,4011,7
GRANITE FALLS SCHOOL DISTRICT NO. 332 Director District 4,LaShae Lee,4028,51
GRANITE FALLS SCHOOL DISTRICT NO. 332 Director District 4,Tina Veatch,4028,51
GRANITE FALLS SCHOOL DISTRICT NO. 332 Director District 4,Erik Gochnour,4028,17
GRANITE FALLS SCHOOL DISTRICT NO. 332 Director District 4,LaShae Lee,4035,0
GRANITE FALLS SCHOOL DISTRICT NO. 332 Director District 4,Tina Veatch,4035,0
GRANITE FALLS SCHOOL DISTRICT NO. 332 Director District 4,Erik Gochnour,4035,0
GRANITE FALLS SCHOOL DISTRICT NO. 332 Director District 4,LaShae Lee,4041,0
GRANITE FALLS SCHOOL DISTRICT NO. 332 Director District 4,Tina Veatch,4041,0
GRANITE FALLS SCHOOL DISTRICT NO. 332 Director District 4,Erik Gochnour,4041,0
GRANITE FALLS SCHOOL DISTRICT NO. 332 Director District 4,LaShae Lee,4057,44
GRANITE FALLS SCHOOL DISTRICT NO. 332 Director District 4,Tina Veatch,4057,38
GRANITE FALLS SCHOOL DISTRICT NO. 332 Director District 4,Erik Gochnour,4057,12
GRANITE FALLS SCHOOL DISTRICT NO. 332 Director District 4,LaShae Lee,4211,0
GRANITE FALLS SCHOOL DISTRICT NO. 332 Director District 4,Tina Veatch,4211,0
GRANITE FALLS SCHOOL DISTRICT NO. 332 Director District 4,Erik Gochnour,4211,0
GRANITE FALLS SCHOOL DISTRICT NO. 332 Director District 4,LaShae Lee,4321,40
GRANITE FALLS SCHOOL DISTRICT NO. 332 Director District 4,Tina Veatch,4321,65
GRANITE FALLS SCHOOL DISTRICT NO. 332 Director District 4,Erik Gochnour,4321,7
GRANITE FALLS SCHOOL DISTRICT NO. 332 Director District 4,LaShae Lee,4374,24
GRANITE FALLS SCHOOL DISTRICT NO. 332 Director District 4,Tina Veatch,4374,45
GRANITE FALLS SCHOOL DISTRICT NO. 332 Director District 4,Erik Gochnour,4374,8
GRANITE FALLS SCHOOL DISTRICT NO. 332 Director District 4,LaShae Lee,4439,0
GRANITE FALLS SCHOOL DISTRICT NO. 332 Director District 4,Tina Veatch,4439,0
GRANITE FALLS SCHOOL DISTRICT NO. 332 Director District 4,Erik Gochnour,4439,0
GRANITE FALLS SCHOOL DISTRICT NO. 332 Director District 4,LaShae Lee,4470,39
GRANITE FALLS SCHOOL DISTRICT NO. 332 Director District 4,Tina Veatch,4470,63
GRANITE FALLS SCHOOL DISTRICT NO. 332 Director District 4,Erik Gochnour,4470,10
GRANITE FALLS SCHOOL DISTRICT NO. 332 Director District 4,LaShae Lee,4515,16
GRANITE FALLS SCHOOL DISTRICT NO. 332 Director District 4,Tina Veatch,4515,14
GRANITE FALLS SCHOOL DISTRICT NO. 332 Director District 4,Erik Gochnour,4515,9
GRANITE FALLS SCHOOL DISTRICT NO. 332 Director District 4,LaShae Lee,4521,44
GRANITE FALLS SCHOOL DISTRICT NO. 332 Director District 4,Tina Veatch,4521,40
GRANITE FALLS SCHOOL DISTRICT NO. 332 Director District 4,Erik Gochnour,4521,4
GRANITE FALLS SCHOOL DISTRICT NO. 332 Director District 4,LaShae Lee,4555,43
GRANITE FALLS SCHOOL DISTRICT NO. 332 Director District 4,Tina Veatch,4555,41
GRANITE FALLS SCHOOL DISTRICT NO. 332 Director District 4,Erik Gochnour,4555,7
GRANITE FALLS SCHOOL DISTRICT NO. 332 Director District 4,LaShae Lee,4557,44
GRANITE FALLS SCHOOL DISTRICT NO. 332 Director District 4,Tina Veatch,4557,53
GRANITE FALLS SCHOOL DISTRICT NO. 332 Director District 4,Erik Gochnour,4557,12
GRANITE FALLS SCHOOL DISTRICT NO. 332 Director District 4,LaShae Lee,4573,28
GRANITE FALLS SCHOOL DISTRICT NO. 332 Director District 4,Tina Veatch,4573,38
GRANITE FALLS SCHOOL DISTRICT NO. 332 Director District 4,Erik Gochnour,4573,8
GRANITE FALLS SCHOOL DISTRICT NO. 332 Director District 4,LaShae Lee,4816,54
GRANITE FALLS SCHOOL DISTRICT NO. 332 Director District 4,Tina Veatch,4816,41
GRANITE FALLS SCHOOL DISTRICT NO. 332 Director District 4,Erik Gochnour,4816,10
GRANITE FALLS SCHOOL DISTRICT NO. 332 Director District 4,LaShae Lee,4832,38
GRANITE FALLS SCHOOL DISTRICT NO. 332 Director District 4,Tina Veatch,4832,29
GRANITE FALLS SCHOOL DISTRICT NO. 332 Director District 4,Erik Gochnour,4832,9
GRANITE FALLS SCHOOL DISTRICT NO. 332 Director District 4,LaShae Lee,4858,29
GRANITE FALLS SCHOOL DISTRICT NO. 332 Director District 4,Tina Veatch,4858,18
GRANITE FALLS SCHOOL DISTRICT NO. 332 Director District 4,Erik Gochnour,4858,9
NORTHSHORE SCHOOL DISTRICT NO. 417 Director District No. 1,Brian Travis,1180,29
NORTHSHORE SCHOOL DISTRICT NO. 417 Director District No. 1,Carson Sanderson,1180,96
NORTHSHORE SCHOOL DISTRICT NO. 417 Director District No. 1,Arun Sharma,1180,39
NORTHSHORE SCHOOL DISTRICT NO. 417 Director District No. 1,Brian Travis,1343,26
NORTHSHORE SCHOOL DISTRICT NO. 417 Director District No. 1,Carson Sanderson,1343,86
NORTHSHORE SCHOOL DISTRICT NO. 417 Director District No. 1,Arun Sharma,1343,42
NORTHSHORE SCHOOL DISTRICT NO. 417 Director District No. 1,Brian Travis,1598,31
NORTHSHORE SCHOOL DISTRICT NO. 417 Director District No. 1,Carson Sanderson,1598,125
NORTHSHORE SCHOOL DISTRICT NO. 417 Director District No. 1,Arun Sharma,1598,66
NORTHSHORE SCHOOL DISTRICT NO. 417 Director District No. 1,Brian Travis,1599,21
NORTHSHORE SCHOOL DISTRICT NO. 417 Director District No. 1,Carson Sanderson,1599,60
NORTHSHORE SCHOOL DISTRICT NO. 417 Director District No. 1,Arun Sharma,1599,47
NORTHSHORE SCHOOL DISTRICT NO. 417 Director District No. 1,Brian Travis,1600,41
NORTHSHORE SCHOOL DISTRICT NO. 417 Director District No. 1,Carson Sanderson,1600,91
NORTHSHORE SCHOOL DISTRICT NO. 417 Director District No. 1,Arun Sharma,1600,61
NORTHSHORE SCHOOL DISTRICT NO. 417 Director District No. 1,Brian Travis,1601,38
NORTHSHORE SCHOOL DISTRICT NO. 417 Director District No. 1,Carson Sanderson,1601,134
NORTHSHORE SCHOOL DISTRICT NO. 417 Director District No. 1,Arun Sharma,1601,63
NORTHSHORE SCHOOL DISTRICT NO. 417 Director District No. 1,Brian Travis,1602,23
NORTHSHORE SCHOOL DISTRICT NO. 417 Director District No. 1,Carson Sanderson,1602,77
NORTHSHORE SCHOOL DISTRICT NO. 417 Director District No. 1,Arun Sharma,1602,49
NORTHSHORE SCHOOL DISTRICT NO. 417 Director District No. 1,Brian Travis,1603,24
NORTHSHORE SCHOOL DISTRICT NO. 417 Director District No. 1,Carson Sanderson,1603,86
NORTHSHORE SCHOOL DISTRICT NO. 417 Director District No. 1,Arun Sharma,1603,37
NORTHSHORE SCHOOL DISTRICT NO. 417 Director District No. 1,Brian Travis,1604,28
NORTHSHORE SCHOOL DISTRICT NO. 417 Director District No. 1,Carson Sanderson,1604,105
NORTHSHORE SCHOOL DISTRICT NO. 417 Director District No. 1,Arun Sharma,1604,47
NORTHSHORE SCHOOL DISTRICT NO. 417 Director District No. 1,Brian Travis,1605,23
NORTHSHORE SCHOOL DISTRICT NO. 417 Director District No. 1,Carson Sanderson,1605,120
NORTHSHORE SCHOOL DISTRICT NO. 417 Director District No. 1,Arun Sharma,1605,34
NORTHSHORE SCHOOL DISTRICT NO. 417 Director District No. 1,Brian Travis,1606,29
NORTHSHORE SCHOOL DISTRICT NO. 417 Director District No. 1,Carson Sanderson,1606,83
NORTHSHORE SCHOOL DISTRICT NO. 417 Director District No. 1,Arun Sharma,1606,35
NORTHSHORE SCHOOL DISTRICT NO. 417 Director District No. 1,Brian Travis,1607,41
NORTHSHORE SCHOOL DISTRICT NO. 417 Director District No. 1,Carson Sanderson,1607,122
NORTHSHORE SCHOOL DISTRICT NO. 417 Director District No. 1,Arun Sharma,1607,42
NORTHSHORE SCHOOL DISTRICT NO. 417 Director District No. 1,Brian Travis,1608,31
NORTHSHORE SCHOOL DISTRICT NO. 417 Director District No. 1,Carson Sanderson,1608,111
NORTHSHORE SCHOOL DISTRICT NO. 417 Director District No. 1,Arun Sharma,1608,67
NORTHSHORE SCHOOL DISTRICT NO. 417 Director District No. 1,Brian Travis,1609,38
NORTHSHORE SCHOOL DISTRICT NO. 417 Director District No. 1,Carson Sanderson,1609,128
NORTHSHORE SCHOOL DISTRICT NO. 417 Director District No. 1,Arun Sharma,1609,49
NORTHSHORE SCHOOL DISTRICT NO. 417 Director District No. 1,Brian Travis,1610,32
NORTHSHORE SCHOOL DISTRICT NO. 417 Director District No. 1,Carson Sanderson,1610,99
NORTHSHORE SCHOOL DISTRICT NO. 417 Director District No. 1,Arun Sharma,1610,44
NORTHSHORE SCHOOL DISTRICT NO. 417 Director District No. 1,Brian Travis,1611,28
NORTHSHORE SCHOOL DISTRICT NO. 417 Director District No. 1,Carson Sanderson,1611,91
NORTHSHORE SCHOOL DISTRICT NO. 417 Director District No. 1,Arun Sharma,1611,22
NORTHSHORE SCHOOL DISTRICT NO. 417 Director District No. 1,Brian Travis,1612,16
NORTHSHORE SCHOOL DISTRICT NO. 417 Director District No. 1,Carson Sanderson,1612,56
NORTHSHORE SCHOOL DISTRICT NO. 417 Director District No. 1,Arun Sharma,1612,28
NORTHSHORE SCHOOL DISTRICT NO. 417 Director District No. 1,Brian Travis,1613,45
NORTHSHORE SCHOOL DISTRICT NO. 417 Director District No. 1,Carson Sanderson,1613,95
NORTHSHORE SCHOOL DISTRICT NO. 417 Director District No. 1,Arun Sharma,1613,46
NORTHSHORE SCHOOL DISTRICT NO. 417 Director District No. 1,Brian Travis,1644,26
NORTHSHORE SCHOOL DISTRICT NO. 417 Director District No. 1,Carson Sanderson,1644,99
NORTHSHORE SCHOOL DISTRICT NO. 417 Director District No. 1,Arun Sharma,1644,52
NORTHSHORE SCHOOL DISTRICT NO. 417 Director District No. 1,Brian Travis,1807,19
NORTHSHORE SCHOOL DISTRICT NO. 417 Director District No. 1,Carson Sanderson,1807,58
NORTHSHORE SCHOOL DISTRICT NO. 417 Director District No. 1,Arun Sharma,1807,41
NORTHSHORE SCHOOL DISTRICT NO. 417 Director District No. 1,Brian Travis,4009,35
NORTHSHORE SCHOOL DISTRICT NO. 417 Director District No. 1,Carson Sanderson,4009,69
NORTHSHORE SCHOOL DISTRICT NO. 417 Director District No. 1,Arun Sharma,4009,15
NORTHSHORE SCHOOL DISTRICT NO. 417 Director District No. 1,Brian Travis,4065,0
NORTHSHORE SCHOOL DISTRICT NO. 417 Director District No. 1,Carson Sanderson,4065,7
NORTHSHORE SCHOOL DISTRICT NO. 417 Director District No. 1,Arun Sharma,4065,4
NORTHSHORE SCHOOL DISTRICT NO. 417 Director District No. 1,Brian Travis,4078,26
NORTHSHORE SCHOOL DISTRICT NO. 417 Director District No. 1,Carson Sanderson,4078,91
NORTHSHORE SCHOOL DISTRICT NO. 417 Director District No. 1,Arun Sharma,4078,33
NORTHSHORE SCHOOL DISTRICT NO. 417 Director District No. 1,Brian Travis,4136,31
NORTHSHORE SCHOOL DISTRICT NO. 417 Director District No. 1,Carson Sanderson,4136,87
NORTHSHORE SCHOOL DISTRICT NO. 417 Director District No. 1,Arun Sharma,4136,44
NORTHSHORE SCHOOL DISTRICT NO. 417 Director District No. 1,Brian Travis,4165,26
NORTHSHORE SCHOOL DISTRICT NO. 417 Director District No. 1,Carson Sanderson,4165,82
NORTHSHORE SCHOOL DISTRICT NO. 417 Director District No. 1,Arun Sharma,4165,42
NORTHSHORE SCHOOL DISTRICT NO. 417 Director District No. 1,Brian Travis,4170,34
NORTHSHORE SCHOOL DISTRICT NO. 417 Director District No. 1,Carson Sanderson,4170,92
NORTHSHORE SCHOOL DISTRICT NO. 417 Director District No. 1,Arun Sharma,4170,64
NORTHSHORE SCHOOL DISTRICT NO. 417 Director District No. 1,Brian Travis,4177,31
NORTHSHORE SCHOOL DISTRICT NO. 417 Director District No. 1,Carson Sanderson,4177,118
NORTHSHORE SCHOOL DISTRICT NO. 417 Director District No. 1,Arun Sharma,4177,56
NORTHSHORE SCHOOL DISTRICT NO. 417 Director District No. 1,Brian Travis,4213,26
NORTHSHORE SCHOOL DISTRICT NO. 417 Director District No. 1,Carson Sanderson,4213,92
NORTHSHORE SCHOOL DISTRICT NO. 417 Director District No. 1,Arun Sharma,4213,40
NORTHSHORE SCHOOL DISTRICT NO. 417 Director District No. 1,Brian Travis,4266,34
NORTHSHORE SCHOOL DISTRICT NO. 417 Director District No. 1,Carson Sanderson,4266,95
NORTHSHORE SCHOOL DISTRICT NO. 417 Director District No. 1,Arun Sharma,4266,53
NORTHSHORE SCHOOL DISTRICT NO. 417 Director District No. 1,Brian Travis,4273,10
NORTHSHORE SCHOOL DISTRICT NO. 417 Director District No. 1,Carson Sanderson,4273,42
NORTHSHORE SCHOOL DISTRICT NO. 417 Director District No. 1,Arun Sharma,4273,34
NORTHSHORE SCHOOL DISTRICT NO. 417 Director District No. 1,Brian Travis,4283,21
NORTHSHORE SCHOOL DISTRICT NO. 417 Director District No. 1,Carson Sanderson,4283,80
NORTHSHORE SCHOOL DISTRICT NO. 417 Director District No. 1,Arun Sharma,4283,56
NORTHSHORE SCHOOL DISTRICT NO. 417 Director District No. 1,Brian Travis,4284,21
NORTHSHORE SCHOOL DISTRICT NO. 417 Director District No. 1,Carson Sanderson,4284,97
NORTHSHORE SCHOOL DISTRICT NO. 417 Director District No. 1,Arun Sharma,4284,36
NORTHSHORE SCHOOL DISTRICT NO. 417 Director District No. 1,Brian Travis,4324,10
NORTHSHORE SCHOOL DISTRICT NO. 417 Director District No. 1,Carson Sanderson,4324,26
NORTHSHORE SCHOOL DISTRICT NO. 417 Director District No. 1,Arun Sharma,4324,8
NORTHSHORE SCHOOL DISTRICT NO. 417 Director District No. 1,Brian Travis,4333,44
NORTHSHORE SCHOOL DISTRICT NO. 417 Director District No. 1,Carson Sanderson,4333,144
NORTHSHORE SCHOOL DISTRICT NO. 417 Director District No. 1,Arun Sharma,4333,84
NORTHSHORE SCHOOL DISTRICT NO. 417 Director District No. 1,Brian Travis,4338,0
NORTHSHORE SCHOOL DISTRICT NO. 417 Director District No. 1,Carson Sanderson,4338,0
NORTHSHORE SCHOOL DISTRICT NO. 417 Director District No. 1,Arun Sharma,4338,0
NORTHSHORE SCHOOL DISTRICT NO. 417 Director District No. 1,Brian Travis,4372,0
NORTHSHORE SCHOOL DISTRICT NO. 417 Director District No. 1,Carson Sanderson,4372,0
NORTHSHORE SCHOOL DISTRICT NO. 417 Director District No. 1,Arun Sharma,4372,0
NORTHSHORE SCHOOL DISTRICT NO. 417 Director District No. 1,Brian Travis,4387,34
NORTHSHORE SCHOOL DISTRICT NO. 417 Director District No. 1,Carson Sanderson,4387,65
NORTHSHORE SCHOOL DISTRICT NO. 417 Director District No. 1,Arun Sharma,4387,35
NORTHSHORE SCHOOL DISTRICT NO. 417 Director District No. 1,Brian Travis,4426,20
NORTHSHORE SCHOOL DISTRICT NO. 417 Director District No. 1,Carson Sanderson,4426,71
NORTHSHORE SCHOOL DISTRICT NO. 417 Director District No. 1,Arun Sharma,4426,59
NORTHSHORE SCHOOL DISTRICT NO. 417 Director District No. 1,Brian Travis,4446,35
NORTHSHORE SCHOOL DISTRICT NO. 417 Director District No. 1,Carson Sanderson,4446,133
NORTHSHORE SCHOOL DISTRICT NO. 417 Director District No. 1,Arun Sharma,4446,47
NORTHSHORE SCHOOL DISTRICT NO. 417 Director District No. 1,Brian Travis,4479,23
NORTHSHORE SCHOOL DISTRICT NO. 417 Director District No. 1,Carson Sanderson,4479,65
NORTHSHORE SCHOOL DISTRICT NO. 417 Director District No. 1,Arun Sharma,4479,27
NORTHSHORE SCHOOL DISTRICT NO. 417 Director District No. 1,Brian Travis,4484,18
NORTHSHORE SCHOOL DISTRICT NO. 417 Director District No. 1,Carson Sanderson,4484,75
NORTHSHORE SCHOOL DISTRICT NO. 417 Director District No. 1,Arun Sharma,4484,41
NORTHSHORE SCHOOL DISTRICT NO. 417 Director District No. 1,Brian Travis,4527,27
NORTHSHORE SCHOOL DISTRICT NO. 417 Director District No. 1,Carson Sanderson,4527,113
NORTHSHORE SCHOOL DISTRICT NO. 417 Director District No. 1,Arun Sharma,4527,35
NORTHSHORE SCHOOL DISTRICT NO. 417 Director District No. 1,Brian Travis,4535,32
NORTHSHORE SCHOOL DISTRICT NO. 417 Director District No. 1,Carson Sanderson,4535,78
NORTHSHORE SCHOOL DISTRICT NO. 417 Director District No. 1,Arun Sharma,4535,32
NORTHSHORE SCHOOL DISTRICT NO. 417 Director District No. 1,Brian Travis,4552,23
NORTHSHORE SCHOOL DISTRICT NO. 417 Director District No. 1,Carson Sanderson,4552,45
NORTHSHORE SCHOOL DISTRICT NO. 417 Director District No. 1,Arun Sharma,4552,15
NORTHSHORE SCHOOL DISTRICT NO. 417 Director District No. 1,Brian Travis,4596,40
NORTHSHORE SCHOOL DISTRICT NO. 417 Director District No. 1,Carson Sanderson,4596,97
NORTHSHORE SCHOOL DISTRICT NO. 417 Director District No. 1,Arun Sharma,4596,44
NORTHSHORE SCHOOL DISTRICT NO. 417 Director District No. 1,Brian Travis,4639,23
NORTHSHORE SCHOOL DISTRICT NO. 417 Director District No. 1,Carson Sanderson,4639,69
NORTHSHORE SCHOOL DISTRICT NO. 417 Director District No. 1,Arun Sharma,4639,23
NORTHSHORE SCHOOL DISTRICT NO. 417 Director District No. 1,Brian Travis,4646,19
NORTHSHORE SCHOOL DISTRICT NO. 417 Director District No. 1,Carson Sanderson,4646,72
NORTHSHORE SCHOOL DISTRICT NO. 417 Director District No. 1,Arun Sharma,4646,22
NORTHSHORE SCHOOL DISTRICT NO. 417 Director District No. 1,Brian Travis,4656,17
NORTHSHORE SCHOOL DISTRICT NO. 417 Director District No. 1,Carson Sanderson,4656,47
NORTHSHORE SCHOOL DISTRICT NO. 417 Director District No. 1,Arun Sharma,4656,51
NORTHSHORE SCHOOL DISTRICT NO. 417 Director District No. 1,Brian Travis,4685,4
NORTHSHORE SCHOOL DISTRICT NO. 417 Director District No. 1,Carson Sanderson,4685,70
NORTHSHORE SCHOOL DISTRICT NO. 417 Director District No. 1,Arun Sharma,4685,48
NORTHSHORE SCHOOL DISTRICT NO. 417 Director District No. 1,Brian Travis,4691,16
NORTHSHORE SCHOOL DISTRICT NO. 417 Director District No. 1,Carson Sanderson,4691,35
NORTHSHORE SCHOOL DISTRICT NO. 417 Director District No. 1,Arun Sharma,4691,20
NORTHSHORE SCHOOL DISTRICT NO. 417 Director District No. 1,Brian Travis,4707,24
NORTHSHORE SCHOOL DISTRICT NO. 417 Director District No. 1,Carson Sanderson,4707,53
NORTHSHORE SCHOOL DISTRICT NO. 417 Director District No. 1,Arun Sharma,4707,11
NORTHSHORE SCHOOL DISTRICT NO. 417 Director District No. 1,Brian Travis,4762,30
NORTHSHORE SCHOOL DISTRICT NO. 417 Director District No. 1,Carson Sanderson,4762,85
NORTHSHORE SCHOOL DISTRICT NO. 417 Director District No. 1,Arun Sharma,4762,61
NORTHSHORE SCHOOL DISTRICT NO. 417 Director District No. 1,Brian Travis,4803,13
NORTHSHORE SCHOOL DISTRICT NO. 417 Director District No. 1,Carson Sanderson,4803,79
NORTHSHORE SCHOOL DISTRICT NO. 417 Director District No. 1,Arun Sharma,4803,55
NORTHSHORE SCHOOL DISTRICT NO. 417 Director District No. 1,Brian Travis,4813,15
NORTHSHORE SCHOOL DISTRICT NO. 417 Director District No. 1,Carson Sanderson,4813,71
NORTHSHORE SCHOOL DISTRICT NO. 417 Director District No. 1,Arun Sharma,4813,21
NORTHSHORE SCHOOL DISTRICT NO. 417 Director District No. 1,Brian Travis,4822,15
NORTHSHORE SCHOOL DISTRICT NO. 417 Director District No. 1,Carson Sanderson,4822,68
NORTHSHORE SCHOOL DISTRICT NO. 417 Director District No. 1,Arun Sharma,4822,22
NORTHSHORE SCHOOL DISTRICT NO. 417 Director District No. 1,Brian Travis,4826,10
NORTHSHORE SCHOOL DISTRICT NO. 417 Director District No. 1,Carson Sanderson,4826,20
NORTHSHORE SCHOOL DISTRICT NO. 417 Director District No. 1,Arun Sharma,4826,20
NORTHSHORE SCHOOL DISTRICT NO. 417 Director District No. 1,Brian Travis,4841,16
NORTHSHORE SCHOOL DISTRICT NO. 417 Director District No. 1,Carson Sanderson,4841,89
NORTHSHORE SCHOOL DISTRICT NO. 417 Director District No. 1,Arun Sharma,4841,52
NORTHSHORE SCHOOL DISTRICT NO. 417 Director District No. 4,Sandy R Hayes,1180,96
NORTHSHORE SCHOOL DISTRICT NO. 417 Director District No. 4,Sehaj Dhaliwal,1180,28
NORTHSHORE SCHOOL DISTRICT NO. 417 Director District No. 4,JoAnn Tolentino,1180,41
NORTHSHORE SCHOOL DISTRICT NO. 417 Director District No. 4,Sandy R Hayes,1343,82
NORTHSHORE SCHOOL DISTRICT NO. 417 Director District No. 4,Sehaj Dhaliwal,1343,21
NORTHSHORE SCHOOL DISTRICT NO. 417 Director District No. 4,JoAnn Tolentino,1343,50
NORTHSHORE SCHOOL DISTRICT NO. 417 Director District No. 4,Sandy R Hayes,1598,126
NORTHSHORE SCHOOL DISTRICT NO. 417 Director District No. 4,Sehaj Dhaliwal,1598,31
NORTHSHORE SCHOOL DISTRICT NO. 417 Director District No. 4,JoAnn Tolentino,1598,70
NORTHSHORE SCHOOL DISTRICT NO. 417 Director District No. 4,Sandy R Hayes,1599,72
NORTHSHORE SCHOOL DISTRICT NO. 417 Director District No. 4,Sehaj Dhaliwal,1599,31
NORTHSHORE SCHOOL DISTRICT NO. 417 Director District No. 4,JoAnn Tolentino,1599,29
NORTHSHORE SCHOOL DISTRICT NO. 417 Director District No. 4,Sandy R Hayes,1600,101
NORTHSHORE SCHOOL DISTRICT NO. 417 Director District No. 4,Sehaj Dhaliwal,1600,40
NORTHSHORE SCHOOL DISTRICT NO. 417 Director District No. 4,JoAnn Tolentino,1600,52
NORTHSHORE SCHOOL DISTRICT NO. 417 Director District No. 4,Sandy R Hayes,1601,145
NORTHSHORE SCHOOL DISTRICT NO. 417 Director District No. 4,Sehaj Dhaliwal,1601,35
NORTHSHORE SCHOOL DISTRICT NO. 417 Director District No. 4,JoAnn Tolentino,1601,55
NORTHSHORE SCHOOL DISTRICT NO. 417 Director District No. 4,Sandy R Hayes,1602,82
NORTHSHORE SCHOOL DISTRICT NO. 417 Director District No. 4,Sehaj Dhaliwal,1602,27
NORTHSHORE SCHOOL DISTRICT NO. 417 Director District No. 4,JoAnn Tolentino,1602,41
NORTHSHORE SCHOOL DISTRICT NO. 417 Director District No. 4,Sandy R Hayes,1603,73
NORTHSHORE SCHOOL DISTRICT NO. 417 Director District No. 4,Sehaj Dhaliwal,1603,32
NORTHSHORE SCHOOL DISTRICT NO. 417 Director District No. 4,JoAnn Tolentino,1603,42
NORTHSHORE SCHOOL DISTRICT NO. 417 Director District No. 4,Sandy R Hayes,1604,108
NORTHSHORE SCHOOL DISTRICT NO. 417 Director District No. 4,Sehaj Dhaliwal,1604,26
NORTHSHORE SCHOOL DISTRICT NO. 417 Director District No. 4,JoAnn Tolentino,1604,48
NORTHSHORE SCHOOL DISTRICT NO. 417 Director District No. 4,Sandy R Hayes,1605,118
NORTHSHORE SCHOOL DISTRICT NO. 417 Director District No. 4,Sehaj Dhaliwal,1605,24
NORTHSHORE SCHOOL DISTRICT NO. 417 Director District No. 4,JoAnn Tolentino,1605,35
NORTHSHORE SCHOOL DISTRICT NO. 417 Director District No. 4,Sandy R Hayes,1606,79
NORTHSHORE SCHOOL DISTRICT NO. 417 Director District No. 4,Sehaj Dhaliwal,1606,21
NORTHSHORE SCHOOL DISTRICT NO. 417 Director District No. 4,JoAnn Tolentino,1606,46
NORTHSHORE SCHOOL DISTRICT NO. 417 Director District No. 4,Sandy R Hayes,1607,107
NORTHSHORE SCHOOL DISTRICT NO. 417 Director District No. 4,Sehaj Dhaliwal,1607,28
NORTHSHORE SCHOOL DISTRICT NO. 417 Director District No. 4,JoAnn Tolentino,1607,78
NORTHSHORE SCHOOL DISTRICT NO. 417 Director District No. 4,Sandy R Hayes,1608,117
NORTHSHORE SCHOOL DISTRICT NO. 417 Director District No. 4,Sehaj Dhaliwal,1608,40
NORTHSHORE SCHOOL DISTRICT NO. 417 Director District No. 4,JoAnn Tolentino,1608,49
NORTHSHORE SCHOOL DISTRICT NO. 417 Director District No. 4,Sandy R Hayes,1609,126
NORTHSHORE SCHOOL DISTRICT NO. 417 Director District No. 4,Sehaj Dhaliwal,1609,32
NORTHSHORE SCHOOL DISTRICT NO. 417 Director District No. 4,JoAnn Tolentino,1609,58
NORTHSHORE SCHOOL DISTRICT NO. 417 Director District No. 4,Sandy R Hayes,1610,87
NORTHSHORE SCHOOL DISTRICT NO. 417 Director District No. 4,Sehaj Dhaliwal,1610,43
NORTHSHORE SCHOOL DISTRICT NO. 417 Director District No. 4,JoAnn Tolentino,1610,47
NORTHSHORE SCHOOL DISTRICT NO. 417 Director District No. 4,Sandy R Hayes,1611,79
NORTHSHORE SCHOOL DISTRICT NO. 417 Director District No. 4,Sehaj Dhaliwal,1611,21
NORTHSHORE SCHOOL DISTRICT NO. 417 Director District No. 4,JoAnn Tolentino,1611,41
NORTHSHORE SCHOOL DISTRICT NO. 417 Director District No. 4,Sandy R Hayes,1612,58
NORTHSHORE SCHOOL DISTRICT NO. 417 Director District No. 4,Sehaj Dhaliwal,1612,19
NORTHSHORE SCHOOL DISTRICT NO. 417 Director District No. 4,JoAnn Tolentino,1612,23
NORTHSHORE SCHOOL DISTRICT NO. 417 Director District No. 4,Sandy R Hayes,1613,97
NORTHSHORE SCHOOL DISTRICT NO. 417 Director District No. 4,Sehaj Dhaliwal,1613,21
NORTHSHORE SCHOOL DISTRICT NO. 417 Director District No. 4,JoAnn Tolentino,1613,71
NORTHSHORE SCHOOL DISTRICT NO. 417 Director District No. 4,Sandy R Hayes,1644,106
NORTHSHORE SCHOOL DISTRICT NO. 417 Director District No. 4,Sehaj Dhaliwal,1644,29
NORTHSHORE SCHOOL DISTRICT NO. 417 Director District No. 4,JoAnn Tolentino,1644,44
NORTHSHORE SCHOOL DISTRICT NO. 417 Director District No. 4,Sandy R Hayes,1807,61
NORTHSHORE SCHOOL DISTRICT NO. 417 Director District No. 4,Sehaj Dhaliwal,1807,25
NORTHSHORE SCHOOL DISTRICT NO. 417 Director District No. 4,JoAnn Tolentino,1807,33
NORTHSHORE SCHOOL DISTRICT NO. 417 Director District No. 4,Sandy R Hayes,4009,0
NORTHSHORE SCHOOL DISTRICT NO. 417 Director District No. 4,Sehaj Dhaliwal,4009,0
NORTHSHORE SCHOOL DISTRICT NO. 417 Director District No. 4,JoAnn Tolentino,4009,0
NORTHSHORE SCHOOL DISTRICT NO. 417 Director District No. 4,Sandy R Hayes,4065,0
NORTHSHORE SCHOOL DISTRICT NO. 417 Director District No. 4,Sehaj Dhaliwal,4065,0
NORTHSHORE SCHOOL DISTRICT NO. 417 Director District No. 4,JoAnn Tolentino,4065,0
NORTHSHORE SCHOOL DISTRICT NO. 417 Director District No. 4,Sandy R Hayes,4078,86
NORTHSHORE SCHOOL DISTRICT NO. 417 Director District No. 4,Sehaj Dhaliwal,4078,26
NORTHSHORE SCHOOL DISTRICT NO. 417 Director District No. 4,JoAnn Tolentino,4078,38
NORTHSHORE SCHOOL DISTRICT NO. 417 Director District No. 4,Sandy R Hayes,4136,99
NORTHSHORE SCHOOL DISTRICT NO. 417 Director District No. 4,Sehaj Dhaliwal,4136,18
NORTHSHORE SCHOOL DISTRICT NO. 417 Director District No. 4,JoAnn Tolentino,4136,47
NORTHSHORE SCHOOL DISTRICT NO. 417 Director District No. 4,Sandy R Hayes,4165,85
NORTHSHORE SCHOOL DISTRICT NO. 417 Director District No. 4,Sehaj Dhaliwal,4165,34
NORTHSHORE SCHOOL DISTRICT NO. 417 Director District No. 4,JoAnn Tolentino,4165,33
NORTHSHORE SCHOOL DISTRICT NO. 417 Director District No. 4,Sandy R Hayes,4170,102
NORTHSHORE SCHOOL DISTRICT NO. 417 Director District No. 4,Sehaj Dhaliwal,4170,23
NORTHSHORE SCHOOL DISTRICT NO. 417 Director District No. 4,JoAnn Tolentino,4170,71
NORTHSHORE SCHOOL DISTRICT NO. 417 Director District No. 4,Sandy R Hayes,4177,116
NORTHSHORE SCHOOL DISTRICT NO. 417 Director District No. 4,Sehaj Dhaliwal,4177,40
NORTHSHORE SCHOOL DISTRICT NO. 417 Director District No. 4,JoAnn Tolentino,4177,49
NORTHSHORE SCHOOL DISTRICT NO. 417 Director District No. 4,Sandy R Hayes,4213,80
NORTHSHORE SCHOOL DISTRICT NO. 417 Director District No. 4,Sehaj Dhaliwal,4213,36
NORTHSHORE SCHOOL DISTRICT NO. 417 Director District No. 4,JoAnn Tolentino,4213,41
NORTHSHORE SCHOOL DISTRICT NO. 417 Director District No. 4,Sandy R Hayes,4266,93
NORTHSHORE SCHOOL DISTRICT NO. 417 Director District No. 4,Sehaj Dhaliwal,4266,39
NORTHSHORE SCHOOL DISTRICT NO. 417 Director District No. 4,JoAnn Tolentino,4266,51
NORTHSHORE SCHOOL DISTRICT NO. 417 Director District No. 4,Sandy R Hayes,4273,45
NORTHSHORE SCHOOL DISTRICT NO. 417 Director District No. 4,Sehaj Dhaliwal,4273,17
NORTHSHORE SCHOOL DISTRICT NO. 417 Director District No. 4,JoAnn Tolentino,4273,26
NORTHSHORE SCHOOL DISTRICT NO. 417 Director District No. 4,Sandy R Hayes,4283,95
NORTHSHORE SCHOOL DISTRICT NO. 417 Director District No. 4,Sehaj Dhaliwal,4283,16
NORTHSHORE SCHOOL DISTRICT NO. 417 Director District No. 4,JoAnn Tolentino,4283,45
NORTHSHORE SCHOOL DISTRICT NO. 417 Director District No. 4,Sandy R Hayes,4284,95
NORTHSHORE SCHOOL DISTRICT NO. 417 Director District No. 4,Sehaj Dhaliwal,4284,24
NORTHSHORE SCHOOL DISTRICT NO. 417 Director District No. 4,JoAnn Tolentino,4284,37
NORTHSHORE SCHOOL DISTRICT NO. 417 Director District No. 4,Sandy R Hayes,4324,20
NORTHSHORE SCHOOL DISTRICT NO. 417 Director District No. 4,Sehaj Dhaliwal,4324,15
NORTHSHORE SCHOOL DISTRICT NO. 417 Director District No. 4,JoAnn Tolentino,4324,9
NORTHSHORE SCHOOL DISTRICT NO. 417 Director District No. 4,Sandy R Hayes,4333,142
NORTHSHORE SCHOOL DISTRICT NO. 417 Director District No. 4,Sehaj Dhaliwal,4333,43
NORTHSHORE SCHOOL DISTRICT NO. 417 Director District No. 4,JoAnn Tolentino,4333,87
NORTHSHORE SCHOOL DISTRICT NO. 417 Director District No. 4,Sandy R Hayes,4338,61
NORTHSHORE SCHOOL DISTRICT NO. 417 Director District No. 4,Sehaj Dhaliwal,4338,45
NORTHSHORE SCHOOL DISTRICT NO. 417 Director District No. 4,JoAnn Tolentino,4338,35
NORTHSHORE SCHOOL DISTRICT NO. 417 Director District No. 4,Sandy R Hayes,4372,0
NORTHSHORE SCHOOL DISTRICT NO. 417 Director District No. 4,Sehaj Dhaliwal,4372,0
NORTHSHORE SCHOOL DISTRICT NO. 417 Director District No. 4,JoAnn Tolentino,4372,0
NORTHSHORE SCHOOL DISTRICT NO. 417 Director District No. 4,Sandy R Hayes,4387,63
NORTHSHORE SCHOOL DISTRICT NO. 417 Director District No. 4,Sehaj Dhaliwal,4387,23
NORTHSHORE SCHOOL DISTRICT NO. 417 Director District No. 4,JoAnn Tolentino,4387,49
NORTHSHORE SCHOOL DISTRICT NO. 417 Director District No. 4,Sandy R Hayes,4426,73
NORTHSHORE SCHOOL DISTRICT NO. 417 Director District No. 4,Sehaj Dhaliwal,4426,30
NORTHSHORE SCHOOL DISTRICT NO. 417 Director District No. 4,JoAnn Tolentino,4426,49
NORTHSHORE SCHOOL DISTRICT NO. 417 Director District No. 4,Sandy R Hayes,4446,132
NORTHSHORE SCHOOL DISTRICT NO. 417 Director District No. 4,Sehaj Dhaliwal,4446,39
NORTHSHORE SCHOOL DISTRICT NO. 417 Director District No. 4,JoAnn Tolentino,4446,45
NORTHSHORE SCHOOL DISTRICT NO. 417 Director District No. 4,Sandy R Hayes,4479,70
NORTHSHORE SCHOOL DISTRICT NO. 417 Director District No. 4,Sehaj Dhaliwal,4479,23
NORTHSHORE SCHOOL DISTRICT NO. 417 Director District No. 4,JoAnn Tolentino,4479,23
NORTHSHORE SCHOOL DISTRICT NO. 417 Director District No. 4,Sandy R Hayes,4484,81
NORTHSHORE SCHOOL DISTRICT NO. 417 Director District No. 4,Sehaj Dhaliwal,4484,16
NORTHSHORE SCHOOL DISTRICT NO. 417 Director District No. 4,JoAnn Tolentino,4484,38
NORTHSHORE SCHOOL DISTRICT NO. 417 Director District No. 4,Sandy R Hayes,4527,86
NORTHSHORE SCHOOL DISTRICT NO. 417 Director District No. 4,Sehaj Dhaliwal,4527,44
NORTHSHORE SCHOOL DISTRICT NO. 417 Director District No. 4,JoAnn Tolentino,4527,49
NORTHSHORE SCHOOL DISTRICT NO. 417 Director District No. 4,Sandy R Hayes,4535,73
NORTHSHORE SCHOOL DISTRICT NO. 417 Director District No. 4,Sehaj Dhaliwal,4535,18
NORTHSHORE SCHOOL DISTRICT NO. 417 Director District No. 4,JoAnn Tolentino,4535,50
NORTHSHORE SCHOOL DISTRICT NO. 417 Director District No. 4,Sandy R Hayes,4552,39
NORTHSHORE SCHOOL DISTRICT NO. 417 Director District No. 4,Sehaj Dhaliwal,4552,14
NORTHSHORE SCHOOL DISTRICT NO. 417 Director District No. 4,JoAnn Tolentino,4552,27
NORTHSHORE SCHOOL DISTRICT NO. 417 Director District No. 4,Sandy R Hayes,4596,106
NORTHSHORE SCHOOL DISTRICT NO. 417 Director District No. 4,Sehaj Dhaliwal,4596,18
NORTHSHORE SCHOOL DISTRICT NO. 417 Director District No. 4,JoAnn Tolentino,4596,61
NORTHSHORE SCHOOL DISTRICT NO. 417 Director District No. 4,Sandy R Hayes,4639,66
NORTHSHORE SCHOOL DISTRICT NO. 417 Director District No. 4,Sehaj Dhaliwal,4639,20
NORTHSHORE SCHOOL DISTRICT NO. 417 Director District No. 4,JoAnn Tolentino,4639,30
NORTHSHORE SCHOOL DISTRICT NO. 417 Director District No. 4,Sandy R Hayes,4646,57
NORTHSHORE SCHOOL DISTRICT NO. 417 Director District No. 4,Sehaj Dhaliwal,4646,25
NORTHSHORE SCHOOL DISTRICT NO. 417 Director District No. 4,JoAnn Tolentino,4646,33
NORTHSHORE SCHOOL DISTRICT NO. 417 Director District No. 4,Sandy R Hayes,4656,46
NORTHSHORE SCHOOL DISTRICT NO. 417 Director District No. 4,Sehaj Dhaliwal,4656,33
NORTHSHORE SCHOOL DISTRICT NO. 417 Director District No. 4,JoAnn Tolentino,4656,33
NORTHSHORE SCHOOL DISTRICT NO. 417 Director District No. 4,Sandy R Hayes,4685,69
NORTHSHORE SCHOOL DISTRICT NO. 417 Director District No. 4,Sehaj Dhaliwal,4685,37
NORTHSHORE SCHOOL DISTRICT NO. 417 Director District No. 4,JoAnn Tolentino,4685,16
NORTHSHORE SCHOOL DISTRICT NO. 417 Director District No. 4,Sandy R Hayes,4691,26
NORTHSHORE SCHOOL DISTRICT NO. 417 Director District No. 4,Sehaj Dhaliwal,4691,21
NORTHSHORE SCHOOL DISTRICT NO. 417 Director District No. 4,JoAnn Tolentino,4691,25
NORTHSHORE SCHOOL DISTRICT NO. 417 Director District No. 4,Sandy R Hayes,4707,51
NORTHSHORE SCHOOL DISTRICT NO. 417 Director District No. 4,Sehaj Dhaliwal,4707,11
NORTHSHORE SCHOOL DISTRICT NO. 417 Director District No. 4,JoAnn Tolentino,4707,25
NORTHSHORE SCHOOL DISTRICT NO. 417 Director District No. 4,Sandy R Hayes,4762,84
NORTHSHORE SCHOOL DISTRICT NO. 417 Director District No. 4,Sehaj Dhaliwal,4762,43
NORTHSHORE SCHOOL DISTRICT NO. 417 Director District No. 4,JoAnn Tolentino,4762,47
NORTHSHORE SCHOOL DISTRICT NO. 417 Director District No. 4,Sandy R Hayes,4803,84
NORTHSHORE SCHOOL DISTRICT NO. 417 Director District No. 4,Sehaj Dhaliwal,4803,26
NORTHSHORE SCHOOL DISTRICT NO. 417 Director District No. 4,JoAnn Tolentino,4803,37
NORTHSHORE SCHOOL DISTRICT NO. 417 Director District No. 4,Sandy R Hayes,4813,54
NORTHSHORE SCHOOL DISTRICT NO. 417 Director District No. 4,Sehaj Dhaliwal,4813,27
NORTHSHORE SCHOOL DISTRICT NO. 417 Director District No. 4,JoAnn Tolentino,4813,26
NORTHSHORE SCHOOL DISTRICT NO. 417 Director District No. 4,Sandy R Hayes,4822,69
NORTHSHORE SCHOOL DISTRICT NO. 417 Director District No. 4,Sehaj Dhaliwal,4822,16
NORTHSHORE SCHOOL DISTRICT NO. 417 Director District No. 4,JoAnn Tolentino,4822,22
NORTHSHORE SCHOOL DISTRICT NO. 417 Director District No. 4,Sandy R Hayes,4826,17
NORTHSHORE SCHOOL DISTRICT NO. 417 Director District No. 4,Sehaj Dhaliwal,4826,11
NORTHSHORE SCHOOL DISTRICT NO. 417 Director District No. 4,JoAnn Tolentino,4826,23
NORTHSHORE SCHOOL DISTRICT NO. 417 Director District No. 4,Sandy R Hayes,4841,85
NORTHSHORE SCHOOL DISTRICT NO. 417 Director District No. 4,Sehaj Dhaliwal,4841,45
NORTHSHORE SCHOOL DISTRICT NO. 417 Director District No. 4,JoAnn Tolentino,4841,25
NORTHSHORE SCHOOL DISTRICT NO. 417 Director District No. 5,Kimberlee Kelly,1180,114
NORTHSHORE SCHOOL DISTRICT NO. 417 Director District No. 5,Holly Muenchow,1180,8
NORTHSHORE SCHOOL DISTRICT NO. 417 Director District No. 5,Lynda Schram,1180,40
NORTHSHORE SCHOOL DISTRICT NO. 417 Director District No. 5,Kimberlee Kelly,1343,109
NORTHSHORE SCHOOL DISTRICT NO. 417 Director District No. 5,Holly Muenchow,1343,4
NORTHSHORE SCHOOL DISTRICT NO. 417 Director District No. 5,Lynda Schram,1343,38
NORTHSHORE SCHOOL DISTRICT NO. 417 Director District No. 5,Kimberlee Kelly,1598,130
NORTHSHORE SCHOOL DISTRICT NO. 417 Director District No. 5,Holly Muenchow,1598,29
NORTHSHORE SCHOOL DISTRICT NO. 417 Director District No. 5,Lynda Schram,1598,69
NORTHSHORE SCHOOL DISTRICT NO. 417 Director District No. 5,Kimberlee Kelly,1599,87
NORTHSHORE SCHOOL DISTRICT NO. 417 Director District No. 5,Holly Muenchow,1599,14
NORTHSHORE SCHOOL DISTRICT NO. 417 Director District No. 5,Lynda Schram,1599,29
NORTHSHORE SCHOOL DISTRICT NO. 417 Director District No. 5,Kimberlee Kelly,1600,114
NORTHSHORE SCHOOL DISTRICT NO. 417 Director District No. 5,Holly Muenchow,1600,34
NORTHSHORE SCHOOL DISTRICT NO. 417 Director District No. 5,Lynda Schram,1600,44
NORTHSHORE SCHOOL DISTRICT NO. 417 Director District No. 5,Kimberlee Kelly,1601,150
NORTHSHORE SCHOOL DISTRICT NO. 417 Director District No. 5,Holly Muenchow,1601,33
NORTHSHORE SCHOOL DISTRICT NO. 417 Director District No. 5,Lynda Schram,1601,53
NORTHSHORE SCHOOL DISTRICT NO. 417 Director District No. 5,Kimberlee Kelly,1602,90
NORTHSHORE SCHOOL DISTRICT NO. 417 Director District No. 5,Holly Muenchow,1602,16
NORTHSHORE SCHOOL DISTRICT NO. 417 Director District No. 5,Lynda Schram,1602,41
NORTHSHORE SCHOOL DISTRICT NO. 417 Director District No. 5,Kimberlee Kelly,1603,88
NORTHSHORE SCHOOL DISTRICT NO. 417 Director District No. 5,Holly Muenchow,1603,24
NORTHSHORE SCHOOL DISTRICT NO. 417 Director District No. 5,Lynda Schram,1603,35
NORTHSHORE SCHOOL DISTRICT NO. 417 Director District No. 5,Kimberlee Kelly,1604,120
NORTHSHORE SCHOOL DISTRICT NO. 417 Director District No. 5,Holly Muenchow,1604,21
NORTHSHORE SCHOOL DISTRICT NO. 417 Director District No. 5,Lynda Schram,1604,40
NORTHSHORE SCHOOL DISTRICT NO. 417 Director District No. 5,Kimberlee Kelly,1605,122
NORTHSHORE SCHOOL DISTRICT NO. 417 Director District No. 5,Holly Muenchow,1605,18
NORTHSHORE SCHOOL DISTRICT NO. 417 Director District No. 5,Lynda Schram,1605,34
NORTHSHORE SCHOOL DISTRICT NO. 417 Director District No. 5,Kimberlee Kelly,1606,104
NORTHSHORE SCHOOL DISTRICT NO. 417 Director District No. 5,Holly Muenchow,1606,8
NORTHSHORE SCHOOL DISTRICT NO. 417 Director District No. 5,Lynda Schram,1606,34
NORTHSHORE SCHOOL DISTRICT NO. 417 Director District No. 5,Kimberlee Kelly,1607,130
NORTHSHORE SCHOOL DISTRICT NO. 417 Director District No. 5,Holly Muenchow,1607,20
NORTHSHORE SCHOOL DISTRICT NO. 417 Director District No. 5,Lynda Schram,1607,60
NORTHSHORE SCHOOL DISTRICT NO. 417 Director District No. 5,Kimberlee Kelly,1608,139
NORTHSHORE SCHOOL DISTRICT NO. 417 Director District No. 5,Holly Muenchow,1608,23
NORTHSHORE SCHOOL DISTRICT NO. 417 Director District No. 5,Lynda Schram,1608,45
NORTHSHORE SCHOOL DISTRICT NO. 417 Director District No. 5,Kimberlee Kelly,1609,145
NORTHSHORE SCHOOL DISTRICT NO. 417 Director District No. 5,Holly Muenchow,1609,21
NORTHSHORE SCHOOL DISTRICT NO. 417 Director District No. 5,Lynda Schram,1609,52
NORTHSHORE SCHOOL DISTRICT NO. 417 Director District No. 5,Kimberlee Kelly,1610,107
NORTHSHORE SCHOOL DISTRICT NO. 417 Director District No. 5,Holly Muenchow,1610,18
NORTHSHORE SCHOOL DISTRICT NO. 417 Director District No. 5,Lynda Schram,1610,51
NORTHSHORE SCHOOL DISTRICT NO. 417 Director District No. 5,Kimberlee Kelly,1611,79
NORTHSHORE SCHOOL DISTRICT NO. 417 Director District No. 5,Holly Muenchow,1611,21
NORTHSHORE SCHOOL DISTRICT NO. 417 Director District No. 5,Lynda Schram,1611,43
NORTHSHORE SCHOOL DISTRICT NO. 417 Director District No. 5,Kimberlee Kelly,1612,73
NORTHSHORE SCHOOL DISTRICT NO. 417 Director District No. 5,Holly Muenchow,1612,9
NORTHSHORE SCHOOL DISTRICT NO. 417 Director District No. 5,Lynda Schram,1612,17
NORTHSHORE SCHOOL DISTRICT NO. 417 Director District No. 5,Kimberlee Kelly,1613,113
NORTHSHORE SCHOOL DISTRICT NO. 417 Director District No. 5,Holly Muenchow,1613,22
NORTHSHORE SCHOOL DISTRICT NO. 417 Director District No. 5,Lynda Schram,1613,52
NORTHSHORE SCHOOL DISTRICT NO. 417 Director District No. 5,Kimberlee Kelly,1644,113
NORTHSHORE SCHOOL DISTRICT NO. 417 Director District No. 5,Holly Muenchow,1644,19
NORTHSHORE SCHOOL DISTRICT NO. 417 Director District No. 5,Lynda Schram,1644,46
NORTHSHORE SCHOOL DISTRICT NO. 417 Director District No. 5,Kimberlee Kelly,1807,75
NORTHSHORE SCHOOL DISTRICT NO. 417 Director District No. 5,Holly Muenchow,1807,10
NORTHSHORE SCHOOL DISTRICT NO. 417 Director District No. 5,Lynda Schram,1807,33
NORTHSHORE SCHOOL DISTRICT NO. 417 Director District No. 5,Kimberlee Kelly,4009,60
NORTHSHORE SCHOOL DISTRICT NO. 417 Director District No. 5,Holly Muenchow,4009,18
NORTHSHORE SCHOOL DISTRICT NO. 417 Director District No. 5,Lynda Schram,4009,43
NORTHSHORE SCHOOL DISTRICT NO. 417 Director District No. 5,Kimberlee Kelly,4065,7
NORTHSHORE SCHOOL DISTRICT NO. 417 Director District No. 5,Holly Muenchow,4065,4
NORTHSHORE SCHOOL DISTRICT NO. 417 Director District No. 5,Lynda Schram,4065,0
NORTHSHORE SCHOOL DISTRICT NO. 417 Director District No. 5,Kimberlee Kelly,4078,99
NORTHSHORE SCHOOL DISTRICT NO. 417 Director District No. 5,Holly Muenchow,4078,18
NORTHSHORE SCHOOL DISTRICT NO. 417 Director District No. 5,Lynda Schram,4078,33
NORTHSHORE SCHOOL DISTRICT NO. 417 Director District No. 5,Kimberlee Kelly,4136,105
NORTHSHORE SCHOOL DISTRICT NO. 417 Director District No. 5,Holly Muenchow,4136,18
NORTHSHORE SCHOOL DISTRICT NO. 417 Director District No. 5,Lynda Schram,4136,40
NORTHSHORE SCHOOL DISTRICT NO. 417 Director District No. 5,Kimberlee Kelly,4165,108
NORTHSHORE SCHOOL DISTRICT NO. 417 Director District No. 5,Holly Muenchow,4165,16
NORTHSHORE SCHOOL DISTRICT NO. 417 Director District No. 5,Lynda Schram,4165,28
NORTHSHORE SCHOOL DISTRICT NO. 417 Director District No. 5,Kimberlee Kelly,4170,110
NORTHSHORE SCHOOL DISTRICT NO. 417 Director District No. 5,Holly Muenchow,4170,10
NORTHSHORE SCHOOL DISTRICT NO. 417 Director District No. 5,Lynda Schram,4170,76
NORTHSHORE SCHOOL DISTRICT NO. 417 Director District No. 5,Kimberlee Kelly,4177,129
NORTHSHORE SCHOOL DISTRICT NO. 417 Director District No. 5,Holly Muenchow,4177,31
NORTHSHORE SCHOOL DISTRICT NO. 417 Director District No. 5,Lynda Schram,4177,40
NORTHSHORE SCHOOL DISTRICT NO. 417 Director District No. 5,Kimberlee Kelly,4213,98
NORTHSHORE SCHOOL DISTRICT NO. 417 Director District No. 5,Holly Muenchow,4213,22
NORTHSHORE SCHOOL DISTRICT NO. 417 Director District No. 5,Lynda Schram,4213,35
NORTHSHORE SCHOOL DISTRICT NO. 417 Director District No. 5,Kimberlee Kelly,4266,113
NORTHSHORE SCHOOL DISTRICT NO. 417 Director District No. 5,Holly Muenchow,4266,20
NORTHSHORE SCHOOL DISTRICT NO. 417 Director District No. 5,Lynda Schram,4266,52
NORTHSHORE SCHOOL DISTRICT NO. 417 Director District No. 5,Kimberlee Kelly,4273,50
NORTHSHORE SCHOOL DISTRICT NO. 417 Director District No. 5,Holly Muenchow,4273,12
NORTHSHORE SCHOOL DISTRICT NO. 417 Director District No. 5,Lynda Schram,4273,26
NORTHSHORE SCHOOL DISTRICT NO. 417 Director District No. 5,Kimberlee Kelly,4283,102
NORTHSHORE SCHOOL DISTRICT NO. 417 Director District No. 5,Holly Muenchow,4283,16
NORTHSHORE SCHOOL DISTRICT NO. 417 Director District No. 5,Lynda Schram,4283,39
NORTHSHORE SCHOOL DISTRICT NO. 417 Director District No. 5,Kimberlee Kelly,4284,108
NORTHSHORE SCHOOL DISTRICT NO. 417 Director District No. 5,Holly Muenchow,4284,14
NORTHSHORE SCHOOL DISTRICT NO. 417 Director District No. 5,Lynda Schram,4284,35
NORTHSHORE SCHOOL DISTRICT NO. 417 Director District No. 5,Kimberlee Kelly,4324,30
NORTHSHORE SCHOOL DISTRICT NO. 417 Director District No. 5,Holly Muenchow,4324,5
NORTHSHORE SCHOOL DISTRICT NO. 417 Director District No. 5,Lynda Schram,4324,9
NORTHSHORE SCHOOL DISTRICT NO. 417 Director District No. 5,Kimberlee Kelly,4333,167
NORTHSHORE SCHOOL DISTRICT NO. 417 Director District No. 5,Holly Muenchow,4333,29
NORTHSHORE SCHOOL DISTRICT NO. 417 Director District No. 5,Lynda Schram,4333,78
NORTHSHORE SCHOOL DISTRICT NO. 417 Director District No. 5,Kimberlee Kelly,4338,0
NORTHSHORE SCHOOL DISTRICT NO. 417 Director District No. 5,Holly Muenchow,4338,0
NORTHSHORE SCHOOL DISTRICT NO. 417 Director District No. 5,Lynda Schram,4338,0
NORTHSHORE SCHOOL DISTRICT NO. 417 Director District No. 5,Kimberlee Kelly,4372,0
NORTHSHORE SCHOOL DISTRICT NO. 417 Director District No. 5,Holly Muenchow,4372,0
NORTHSHORE SCHOOL DISTRICT NO. 417 Director District No. 5,Lynda Schram,4372,0
NORTHSHORE SCHOOL DISTRICT NO. 417 Director District No. 5,Kimberlee Kelly,4387,70
NORTHSHORE SCHOOL DISTRICT NO. 417 Director District No. 5,Holly Muenchow,4387,9
NORTHSHORE SCHOOL DISTRICT NO. 417 Director District No. 5,Lynda Schram,4387,57
NORTHSHORE SCHOOL DISTRICT NO. 417 Director District No. 5,Kimberlee Kelly,4426,77
NORTHSHORE SCHOOL DISTRICT NO. 417 Director District No. 5,Holly Muenchow,4426,26
NORTHSHORE SCHOOL DISTRICT NO. 417 Director District No. 5,Lynda Schram,4426,49
NORTHSHORE SCHOOL DISTRICT NO. 417 Director District No. 5,Kimberlee Kelly,4446,138
NORTHSHORE SCHOOL DISTRICT NO. 417 Director District No. 5,Holly Muenchow,4446,32
NORTHSHORE SCHOOL DISTRICT NO. 417 Director District No. 5,Lynda Schram,4446,45
NORTHSHORE SCHOOL DISTRICT NO. 417 Director District No. 5,Kimberlee Kelly,4479,78
NORTHSHORE SCHOOL DISTRICT NO. 417 Director District No. 5,Holly Muenchow,4479,12
NORTHSHORE SCHOOL DISTRICT NO. 417 Director District No. 5,Lynda Schram,4479,25
NORTHSHORE SCHOOL DISTRICT NO. 417 Director District No. 5,Kimberlee Kelly,4484,85
NORTHSHORE SCHOOL DISTRICT NO. 417 Director District No. 5,Holly Muenchow,4484,14
NORTHSHORE SCHOOL DISTRICT NO. 417 Director District No. 5,Lynda Schram,4484,34
NORTHSHORE SCHOOL DISTRICT NO. 417 Director District No. 5,Kimberlee Kelly,4527,117
NORTHSHORE SCHOOL DISTRICT NO. 417 Director District No. 5,Holly Muenchow,4527,17
NORTHSHORE SCHOOL DISTRICT NO. 417 Director District No. 5,Lynda Schram,4527,41
NORTHSHORE SCHOOL DISTRICT NO. 417 Director District No. 5,Kimberlee Kelly,4535,79
NORTHSHORE SCHOOL DISTRICT NO. 417 Director District No. 5,Holly Muenchow,4535,13
NORTHSHORE SCHOOL DISTRICT NO. 417 Director District No. 5,Lynda Schram,4535,53
NORTHSHORE SCHOOL DISTRICT NO. 417 Director District No. 5,Kimberlee Kelly,4552,45
NORTHSHORE SCHOOL DISTRICT NO. 417 Director District No. 5,Holly Muenchow,4552,15
NORTHSHORE SCHOOL DISTRICT NO. 417 Director District No. 5,Lynda Schram,4552,22
NORTHSHORE SCHOOL DISTRICT NO. 417 Director District No. 5,Kimberlee Kelly,4596,113
NORTHSHORE SCHOOL DISTRICT NO. 417 Director District No. 5,Holly Muenchow,4596,12
NORTHSHORE SCHOOL DISTRICT NO. 417 Director District No. 5,Lynda Schram,4596,54
NORTHSHORE SCHOOL DISTRICT NO. 417 Director District No. 5,Kimberlee Kelly,4639,70
NORTHSHORE SCHOOL DISTRICT NO. 417 Director District No. 5,Holly Muenchow,4639,11
NORTHSHORE SCHOOL DISTRICT NO. 417 Director District No. 5,Lynda Schram,4639,35
NORTHSHORE SCHOOL DISTRICT NO. 417 Director District No. 5,Kimberlee Kelly,4646,70
NORTHSHORE SCHOOL DISTRICT NO. 417 Director District No. 5,Holly Muenchow,4646,17
NORTHSHORE SCHOOL DISTRICT NO. 417 Director District No. 5,Lynda Schram,4646,28
NORTHSHORE SCHOOL DISTRICT NO. 417 Director District No. 5,Kimberlee Kelly,4656,62
NORTHSHORE SCHOOL DISTRICT NO. 417 Director District No. 5,Holly Muenchow,4656,20
NORTHSHORE SCHOOL DISTRICT NO. 417 Director District No. 5,Lynda Schram,4656,33
NORTHSHORE SCHOOL DISTRICT NO. 417 Director District No. 5,Kimberlee Kelly,4685,87
NORTHSHORE SCHOOL DISTRICT NO. 417 Director District No. 5,Holly Muenchow,4685,11
NORTHSHORE SCHOOL DISTRICT NO. 417 Director District No. 5,Lynda Schram,4685,22
NORTHSHORE SCHOOL DISTRICT NO. 417 Director District No. 5,Kimberlee Kelly,4691,43
NORTHSHORE SCHOOL DISTRICT NO. 417 Director District No. 5,Holly Muenchow,4691,10
NORTHSHORE SCHOOL DISTRICT NO. 417 Director District No. 5,Lynda Schram,4691,19
NORTHSHORE SCHOOL DISTRICT NO. 417 Director District No. 5,Kimberlee Kelly,4707,57
NORTHSHORE SCHOOL DISTRICT NO. 417 Director District No. 5,Holly Muenchow,4707,8
NORTHSHORE SCHOOL DISTRICT NO. 417 Director District No. 5,Lynda Schram,4707,22
NORTHSHORE SCHOOL DISTRICT NO. 417 Director District No. 5,Kimberlee Kelly,4762,102
NORTHSHORE SCHOOL DISTRICT NO. 417 Director District No. 5,Holly Muenchow,4762,24
NORTHSHORE SCHOOL DISTRICT NO. 417 Director District No. 5,Lynda Schram,4762,44
NORTHSHORE SCHOOL DISTRICT NO. 417 Director District No. 5,Kimberlee Kelly,4803,94
NORTHSHORE SCHOOL DISTRICT NO. 417 Director District No. 5,Holly Muenchow,4803,26
NORTHSHORE SCHOOL DISTRICT NO. 417 Director District No. 5,Lynda Schram,4803,26
NORTHSHORE SCHOOL DISTRICT NO. 417 Director District No. 5,Kimberlee Kelly,4813,88
NORTHSHORE SCHOOL DISTRICT NO. 417 Director District No. 5,Holly Muenchow,4813,4
NORTHSHORE SCHOOL DISTRICT NO. 417 Director District No. 5,Lynda Schram,4813,11
NORTHSHORE SCHOOL DISTRICT NO. 417 Director District No. 5,Kimberlee Kelly,4822,75
NORTHSHORE SCHOOL DISTRICT NO. 417 Director District No. 5,Holly Muenchow,4822,13
NORTHSHORE SCHOOL DISTRICT NO. 417 Director District No. 5,Lynda Schram,4822,18
NORTHSHORE SCHOOL DISTRICT NO. 417 Director District No. 5,Kimberlee Kelly,4826,27
NORTHSHORE SCHOOL DISTRICT NO. 417 Director District No. 5,Holly Muenchow,4826,7
NORTHSHORE SCHOOL DISTRICT NO. 417 Director District No. 5,Lynda Schram,4826,16
NORTHSHORE SCHOOL DISTRICT NO. 417 Director District No. 5,Kimberlee Kelly,4841,111
NORTHSHORE SCHOOL DISTRICT NO. 417 Director District No. 5,Holly Muenchow,4841,22
NORTHSHORE SCHOOL DISTRICT NO. 417 Director District No. 5,Lynda Schram,4841,23
FIRE DISTRICT 4 Proposition No. 1,Approved,1014,138
FIRE DISTRICT 4 Proposition No. 1,Rejected,1014,76
FIRE DISTRICT 4 Proposition No. 1,Approved,1038,166
FIRE DISTRICT 4 Proposition No. 1,Rejected,1038,85
FIRE DISTRICT 4 Proposition No. 1,Approved,1056,224
FIRE DISTRICT 4 Proposition No. 1,Rejected,1056,85
FIRE DISTRICT 4 Proposition No. 1,Approved,1144,177
FIRE DISTRICT 4 Proposition No. 1,Rejected,1144,52
FIRE DISTRICT 4 Proposition No. 1,Approved,1145,154
FIRE DISTRICT 4 Proposition No. 1,Rejected,1145,94
FIRE DISTRICT 4 Proposition No. 1,Approved,1436,107
FIRE DISTRICT 4 Proposition No. 1,Rejected,1436,81
FIRE DISTRICT 4 Proposition No. 1,Approved,1437,144
FIRE DISTRICT 4 Proposition No. 1,Rejected,1437,83
FIRE DISTRICT 4 Proposition No. 1,Approved,1438,105
FIRE DISTRICT 4 Proposition No. 1,Rejected,1438,54
FIRE DISTRICT 4 Proposition No. 1,Approved,1508,84
FIRE DISTRICT 4 Proposition No. 1,Rejected,1508,63
FIRE DISTRICT 4 Proposition No. 1,Approved,1709,136
FIRE DISTRICT 4 Proposition No. 1,Rejected,1709,59
FIRE DISTRICT 4 Proposition No. 1,Approved,1857,87
FIRE DISTRICT 4 Proposition No. 1,Rejected,1857,45
FIRE DISTRICT 4 Proposition No. 1,Approved,4012,35
FIRE DISTRICT 4 Proposition No. 1,Rejected,4012,25
FIRE DISTRICT 4 Proposition No. 1,Approved,4013,129
FIRE DISTRICT 4 Proposition No. 1,Rejected,4013,81
FIRE DISTRICT 4 Proposition No. 1,Approved,4017,87
FIRE DISTRICT 4 Proposition No. 1,Rejected,4017,60
FIRE DISTRICT 4 Proposition No. 1,Approved,4018,2
FIRE DISTRICT 4 Proposition No. 1,Rejected,4018,7
FIRE DISTRICT 4 Proposition No. 1,Approved,4024,110
FIRE DISTRICT 4 Proposition No. 1,Rejected,4024,88
FIRE DISTRICT 4 Proposition No. 1,Approved,4029,133
FIRE DISTRICT 4 Proposition No. 1,Rejected,4029,117
FIRE DISTRICT 4 Proposition No. 1,Approved,4031,92
FIRE DISTRICT 4 Proposition No. 1,Rejected,4031,87
FIRE DISTRICT 4 Proposition No. 1,Approved,4036,67
FIRE DISTRICT 4 Proposition No. 1,Rejected,4036,62
FIRE DISTRICT 4 Proposition No. 1,Approved,4045,85
FIRE DISTRICT 4 Proposition No. 1,Rejected,4045,68
FIRE DISTRICT 4 Proposition No. 1,Approved,4046,79
FIRE DISTRICT 4 Proposition No. 1,Rejected,4046,56
FIRE DISTRICT 4 Proposition No. 1,Approved,4052,134
FIRE DISTRICT 4 Proposition No. 1,Rejected,4052,85
FIRE DISTRICT 4 Proposition No. 1,Approved,4066,94
FIRE DISTRICT 4 Proposition No. 1,Rejected,4066,47
FIRE DISTRICT 4 Proposition No. 1,Approved,4072,74
FIRE DISTRICT 4 Proposition No. 1,Rejected,4072,47
FIRE DISTRICT 4 Proposition No. 1,Approved,4178,78
FIRE DISTRICT 4 Proposition No. 1,Rejected,4178,48
FIRE DISTRICT 4 Proposition No. 1,Approved,4291,112
FIRE DISTRICT 4 Proposition No. 1,Rejected,4291,85
FIRE DISTRICT 4 Proposition No. 1,Approved,4311,3
FIRE DISTRICT 4 Proposition No. 1,Rejected,4311,2
FIRE DISTRICT 4 Proposition No. 1,Approved,4313,153
FIRE DISTRICT 4 Proposition No. 1,Rejected,4313,88
FIRE DISTRICT 4 Proposition No. 1,Approved,4345,96
FIRE DISTRICT 4 Proposition No. 1,Rejected,4345,89
FIRE DISTRICT 4 Proposition No. 1,Approved,4435,37
FIRE DISTRICT 4 Proposition No. 1,Rejected,4435,49
FIRE DISTRICT 4 Proposition No. 1,Approved,4464,43
FIRE DISTRICT 4 Proposition No. 1,Rejected,4464,19
FIRE DISTRICT 4 Proposition No. 1,Approved,4471,22
FIRE DISTRICT 4 Proposition No. 1,Rejected,4471,21
FIRE DISTRICT 4 Proposition No. 1,Approved,4478,104
FIRE DISTRICT 4 Proposition No. 1,Rejected,4478,91
FIRE DISTRICT 4 Proposition No. 1,Approved,4487,123
FIRE DISTRICT 4 Proposition No. 1,Rejected,4487,86
FIRE DISTRICT 4 Proposition No. 1,Approved,4507,10
FIRE DISTRICT 4 Proposition No. 1,Rejected,4507,9
FIRE DISTRICT 4 Proposition No. 1,Approved,4534,76
FIRE DISTRICT 4 Proposition No. 1,Rejected,4534,64
FIRE DISTRICT 4 Proposition No. 1,Approved,4537,72
FIRE DISTRICT 4 Proposition No. 1,Rejected,4537,60
FIRE DISTRICT 4 Proposition No. 1,Approved,4547,24
FIRE DISTRICT 4 Proposition No. 1,Rejected,4547,13
FIRE DISTRICT 4 Proposition No. 1,Approved,4549,97
FIRE DISTRICT 4 Proposition No. 1,Rejected,4549,105
FIRE DISTRICT 4 Proposition No. 1,Approved,4580,132
FIRE DISTRICT 4 Proposition No. 1,Rejected,4580,78
FIRE DISTRICT 4 Proposition No. 1,Approved,4659,0
FIRE DISTRICT 4 Proposition No. 1,Rejected,4659,0
FIRE DISTRICT 4 Proposition No. 1,Approved,4706,0
FIRE DISTRICT 4 Proposition No. 1,Rejected,4706,0
FIRE DISTRICT 4 Proposition No. 1,Approved,4782,20
FIRE DISTRICT 4 Proposition No. 1,Rejected,4782,23
FIRE DISTRICT 4 Proposition No. 1,Approved,4804,63
FIRE DISTRICT 4 Proposition No. 1,Rejected,4804,38
FIRE DISTRICT 4 Proposition No. 1,Approved,4844,48
FIRE DISTRICT 4 Proposition No. 1,Rejected,4844,52
MARYSVILLE FIRE DISTRICT RFA Proposition No. 1,Approved,1047,65
MARYSVILLE FIRE DISTRICT RFA Proposition No. 1,Rejected,1047,51
MARYSVILLE FIRE DISTRICT RFA Proposition No. 1,Approved,1048,55
MARYSVILLE FIRE DISTRICT RFA Proposition No. 1,Rejected,1048,26
MARYSVILLE FIRE DISTRICT RFA Proposition No. 1,Approved,1128,108
MARYSVILLE FIRE DISTRICT RFA Proposition No. 1,Rejected,1128,43
MARYSVILLE FIRE DISTRICT RFA Proposition No. 1,Approved,1129,109
MARYSVILLE FIRE DISTRICT RFA Proposition No. 1,Rejected,1129,61
MARYSVILLE FIRE DISTRICT RFA Proposition No. 1,Approved,1261,145
MARYSVILLE FIRE DISTRICT RFA Proposition No. 1,Rejected,1261,35
MARYSVILLE FIRE DISTRICT RFA Proposition No. 1,Approved,1299,56
MARYSVILLE FIRE DISTRICT RFA Proposition No. 1,Rejected,1299,23
MARYSVILLE FIRE DISTRICT RFA Proposition No. 1,Approved,1342,170
MARYSVILLE FIRE DISTRICT RFA Proposition No. 1,Rejected,1342,50
MARYSVILLE FIRE DISTRICT RFA Proposition No. 1,Approved,1350,112
MARYSVILLE FIRE DISTRICT RFA Proposition No. 1,Rejected,1350,60
MARYSVILLE FIRE DISTRICT RFA Proposition No. 1,Approved,1351,119
MARYSVILLE FIRE DISTRICT RFA Proposition No. 1,Rejected,1351,65
MARYSVILLE FIRE DISTRICT RFA Proposition No. 1,Approved,1428,171
MARYSVILLE FIRE DISTRICT RFA Proposition No. 1,Rejected,1428,102
MARYSVILLE FIRE DISTRICT RFA Proposition No. 1,Approved,1429,111
MARYSVILLE FIRE DISTRICT RFA Proposition No. 1,Rejected,1429,48
MARYSVILLE FIRE DISTRICT RFA Proposition No. 1,Approved,1430,114
MARYSVILLE FIRE DISTRICT RFA Proposition No. 1,Rejected,1430,64
MARYSVILLE FIRE DISTRICT RFA Proposition No. 1,Approved,1440,5
MARYSVILLE FIRE DISTRICT RFA Proposition No. 1,Rejected,1440,8
MARYSVILLE FIRE DISTRICT RFA Proposition No. 1,Approved,1465,133
MARYSVILLE FIRE DISTRICT RFA Proposition No. 1,Rejected,1465,82
MARYSVILLE FIRE DISTRICT RFA Proposition No. 1,Approved,1466,116
MARYSVILLE FIRE DISTRICT RFA Proposition No. 1,Rejected,1466,84
MARYSVILLE FIRE DISTRICT RFA Proposition No. 1,Approved,1467,146
MARYSVILLE FIRE DISTRICT RFA Proposition No. 1,Rejected,1467,70
MARYSVILLE FIRE DISTRICT RFA Proposition No. 1,Approved,1468,104
MARYSVILLE FIRE DISTRICT RFA Proposition No. 1,Rejected,1468,77
MARYSVILLE FIRE DISTRICT RFA Proposition No. 1,Approved,1494,184
MARYSVILLE FIRE DISTRICT RFA Proposition No. 1,Rejected,1494,104
MARYSVILLE FIRE DISTRICT RFA Proposition No. 1,Approved,1504,109
MARYSVILLE FIRE DISTRICT RFA Proposition No. 1,Rejected,1504,62
MARYSVILLE FIRE DISTRICT RFA Proposition No. 1,Approved,1510,73
MARYSVILLE FIRE DISTRICT RFA Proposition No. 1,Rejected,1510,41
MARYSVILLE FIRE DISTRICT RFA Proposition No. 1,Approved,1540,118
MARYSVILLE FIRE DISTRICT RFA Proposition No. 1,Rejected,1540,84
MARYSVILLE FIRE DISTRICT RFA Proposition No. 1,Approved,1541,151
MARYSVILLE FIRE DISTRICT RFA Proposition No. 1,Rejected,1541,90
MARYSVILLE FIRE DISTRICT RFA Proposition No. 1,Approved,1542,76
MARYSVILLE FIRE DISTRICT RFA Proposition No. 1,Rejected,1542,39
MARYSVILLE FIRE DISTRICT RFA Proposition No. 1,Approved,1543,117
MARYSVILLE FIRE DISTRICT RFA Proposition No. 1,Rejected,1543,60
MARYSVILLE FIRE DISTRICT RFA Proposition No. 1,Approved,1544,138
MARYSVILLE FIRE DISTRICT RFA Proposition No. 1,Rejected,1544,76
MARYSVILLE FIRE DISTRICT RFA Proposition No. 1,Approved,1571,114
MARYSVILLE FIRE DISTRICT RFA Proposition No. 1,Rejected,1571,49
MARYSVILLE FIRE DISTRICT RFA Proposition No. 1,Approved,1572,98
MARYSVILLE FIRE DISTRICT RFA Proposition No. 1,Rejected,1572,44
MARYSVILLE FIRE DISTRICT RFA Proposition No. 1,Approved,1628,83
MARYSVILLE FIRE DISTRICT RFA Proposition No. 1,Rejected,1628,43
MARYSVILLE FIRE DISTRICT RFA Proposition No. 1,Approved,1650,58
MARYSVILLE FIRE DISTRICT RFA Proposition No. 1,Rejected,1650,33
MARYSVILLE FIRE DISTRICT RFA Proposition No. 1,Approved,1651,70
MARYSVILLE FIRE DISTRICT RFA Proposition No. 1,Rejected,1651,24
MARYSVILLE FIRE DISTRICT RFA Proposition No. 1,Approved,1676,135
MARYSVILLE FIRE DISTRICT RFA Proposition No. 1,Rejected,1676,66
MARYSVILLE FIRE DISTRICT RFA Proposition No. 1,Approved,1677,102
MARYSVILLE FIRE DISTRICT RFA Proposition No. 1,Rejected,1677,59
MARYSVILLE FIRE DISTRICT RFA Proposition No. 1,Approved,1678,85
MARYSVILLE FIRE DISTRICT RFA Proposition No. 1,Rejected,1678,53
MARYSVILLE FIRE DISTRICT RFA Proposition No. 1,Approved,1679,113
MARYSVILLE FIRE DISTRICT RFA Proposition No. 1,Rejected,1679,52
MARYSVILLE FIRE DISTRICT RFA Proposition No. 1,Approved,1680,0
MARYSVILLE FIRE DISTRICT RFA Proposition No. 1,Rejected,1680,0
MARYSVILLE FIRE DISTRICT RFA Proposition No. 1,Approved,1701,94
MARYSVILLE FIRE DISTRICT RFA Proposition No. 1,Rejected,1701,44
MARYSVILLE FIRE DISTRICT RFA Proposition No. 1,Approved,1728,123
MARYSVILLE FIRE DISTRICT RFA Proposition No. 1,Rejected,1728,50
MARYSVILLE FIRE DISTRICT RFA Proposition No. 1,Approved,1729,87
MARYSVILLE FIRE DISTRICT RFA Proposition No. 1,Rejected,1729,44
MARYSVILLE FIRE DISTRICT RFA Proposition No. 1,Approved,1730,103
MARYSVILLE FIRE DISTRICT RFA Proposition No. 1,Rejected,1730,60
MARYSVILLE FIRE DISTRICT RFA Proposition No. 1,Approved,1731,74
MARYSVILLE FIRE DISTRICT RFA Proposition No. 1,Rejected,1731,54
MARYSVILLE FIRE DISTRICT RFA Proposition No. 1,Approved,1732,102
MARYSVILLE FIRE DISTRICT RFA Proposition No. 1,Rejected,1732,48
MARYSVILLE FIRE DISTRICT RFA Proposition No. 1,Approved,1733,111
MARYSVILLE FIRE DISTRICT RFA Proposition No. 1,Rejected,1733,49
MARYSVILLE FIRE DISTRICT RFA Proposition No. 1,Approved,1734,82
MARYSVILLE FIRE DISTRICT RFA Proposition No. 1,Rejected,1734,32
MARYSVILLE FIRE DISTRICT RFA Proposition No. 1,Approved,1735,123
MARYSVILLE FIRE DISTRICT RFA Proposition No. 1,Rejected,1735,44
MARYSVILLE FIRE DISTRICT RFA Proposition No. 1,Approved,1736,100
MARYSVILLE FIRE DISTRICT RFA Proposition No. 1,Rejected,1736,77
MARYSVILLE FIRE DISTRICT RFA Proposition No. 1,Approved,1737,65
MARYSVILLE FIRE DISTRICT RFA Proposition No. 1,Rejected,1737,45
MARYSVILLE FIRE DISTRICT RFA Proposition No. 1,Approved,1738,126
MARYSVILLE FIRE DISTRICT RFA Proposition No. 1,Rejected,1738,58
MARYSVILLE FIRE DISTRICT RFA Proposition No. 1,Approved,1739,150
MARYSVILLE FIRE DISTRICT RFA Proposition No. 1,Rejected,1739,101
MARYSVILLE FIRE DISTRICT RFA Proposition No. 1,Approved,1740,158
MARYSVILLE FIRE DISTRICT RFA Proposition No. 1,Rejected,1740,59
MARYSVILLE FIRE DISTRICT RFA Proposition No. 1,Approved,1741,124
MARYSVILLE FIRE DISTRICT RFA Proposition No. 1,Rejected,1741,53
MARYSVILLE FIRE DISTRICT RFA Proposition No. 1,Approved,1742,91
MARYSVILLE FIRE DISTRICT RFA Proposition No. 1,Rejected,1742,58
MARYSVILLE FIRE DISTRICT RFA Proposition No. 1,Approved,1743,124
MARYSVILLE FIRE DISTRICT RFA Proposition No. 1,Rejected,1743,51
MARYSVILLE FIRE DISTRICT RFA Proposition No. 1,Approved,1744,84
MARYSVILLE FIRE DISTRICT RFA Proposition No. 1,Rejected,1744,30
MARYSVILLE FIRE DISTRICT RFA Proposition No. 1,Approved,1745,72
MARYSVILLE FIRE DISTRICT RFA Proposition No. 1,Rejected,1745,40
MARYSVILLE FIRE DISTRICT RFA Proposition No. 1,Approved,1746,70
MARYSVILLE FIRE DISTRICT RFA Proposition No. 1,Rejected,1746,54
MARYSVILLE FIRE DISTRICT RFA Proposition No. 1,Approved,1747,81
MARYSVILLE FIRE DISTRICT RFA Proposition No. 1,Rejected,1747,45
MARYSVILLE FIRE DISTRICT RFA Proposition No. 1,Approved,1748,80
MARYSVILLE FIRE DISTRICT RFA Proposition No. 1,Rejected,1748,40
MARYSVILLE FIRE DISTRICT RFA Proposition No. 1,Approved,1766,125
MARYSVILLE FIRE DISTRICT RFA Proposition No. 1,Rejected,1766,72
MARYSVILLE FIRE DISTRICT RFA Proposition No. 1,Approved,1767,32
MARYSVILLE FIRE DISTRICT RFA Proposition No. 1,Rejected,1767,26
MARYSVILLE FIRE DISTRICT RFA Proposition No. 1,Approved,1768,53
MARYSVILLE FIRE DISTRICT RFA Proposition No. 1,Rejected,1768,35
MARYSVILLE FIRE DISTRICT RFA Proposition No. 1,Approved,1769,75
MARYSVILLE FIRE DISTRICT RFA Proposition No. 1,Rejected,1769,26
MARYSVILLE FIRE DISTRICT RFA Proposition No. 1,Approved,1770,68
MARYSVILLE FIRE DISTRICT RFA Proposition No. 1,Rejected,1770,52
MARYSVILLE FIRE DISTRICT RFA Proposition No. 1,Approved,1780,59
MARYSVILLE FIRE DISTRICT RFA Proposition No. 1,Rejected,1780,44
MARYSVILLE FIRE DISTRICT RFA Proposition No. 1,Approved,1795,114
MARYSVILLE FIRE DISTRICT RFA Proposition No. 1,Rejected,1795,8
MARYSVILLE FIRE DISTRICT RFA Proposition No. 1,Approved,1797,66
MARYSVILLE FIRE DISTRICT RFA Proposition No. 1,Rejected,1797,39
MARYSVILLE FIRE DISTRICT RFA Proposition No. 1,Approved,1799,52
MARYSVILLE FIRE DISTRICT RFA Proposition No. 1,Rejected,1799,31
MARYSVILLE FIRE DISTRICT RFA Proposition No. 1,Approved,1814,70
MARYSVILLE FIRE DISTRICT RFA Proposition No. 1,Rejected,1814,44
MARYSVILLE FIRE DISTRICT RFA Proposition No. 1,Approved,1815,46
MARYSVILLE FIRE DISTRICT RFA Proposition No. 1,Rejected,1815,41
MARYSVILLE FIRE DISTRICT RFA Proposition No. 1,Approved,1823,95
MARYSVILLE FIRE DISTRICT RFA Proposition No. 1,Rejected,1823,44
MARYSVILLE FIRE DISTRICT RFA Proposition No. 1,Approved,1825,41
MARYSVILLE FIRE DISTRICT RFA Proposition No. 1,Rejected,1825,23
MARYSVILLE FIRE DISTRICT RFA Proposition No. 1,Approved,1831,74
MARYSVILLE FIRE DISTRICT RFA Proposition No. 1,Rejected,1831,26
MARYSVILLE FIRE DISTRICT RFA Proposition No. 1,Approved,1835,0
MARYSVILLE FIRE DISTRICT RFA Proposition No. 1,Rejected,1835,0
MARYSVILLE FIRE DISTRICT RFA Proposition No. 1,Approved,1848,81
MARYSVILLE FIRE DISTRICT RFA Proposition No. 1,Rejected,1848,41
MARYSVILLE FIRE DISTRICT RFA Proposition No. 1,Approved,1849,27
MARYSVILLE FIRE DISTRICT RFA Proposition No. 1,Rejected,1849,12
MARYSVILLE FIRE DISTRICT RFA Proposition No. 1,Approved,1862,79
MARYSVILLE FIRE DISTRICT RFA Proposition No. 1,Rejected,1862,27
MARYSVILLE FIRE DISTRICT RFA Proposition No. 1,Approved,1863,65
MARYSVILLE FIRE DISTRICT RFA Proposition No. 1,Rejected,1863,38
MARYSVILLE FIRE DISTRICT RFA Proposition No. 1,Approved,4001,15
MARYSVILLE FIRE DISTRICT RFA Proposition No. 1,Rejected,4001,8
MARYSVILLE FIRE DISTRICT RFA Proposition No. 1,Approved,4019,0
MARYSVILLE FIRE DISTRICT RFA Proposition No. 1,Rejected,4019,0
MARYSVILLE FIRE DISTRICT RFA Proposition No. 1,Approved,4020,22
MARYSVILLE FIRE DISTRICT RFA Proposition No. 1,Rejected,4020,24
MARYSVILLE FIRE DISTRICT RFA Proposition No. 1,Approved,4023,0
MARYSVILLE FIRE DISTRICT RFA Proposition No. 1,Rejected,4023,0
MARYSVILLE FIRE DISTRICT RFA Proposition No. 1,Approved,4061,42
MARYSVILLE FIRE DISTRICT RFA Proposition No. 1,Rejected,4061,31
MARYSVILLE FIRE DISTRICT RFA Proposition No. 1,Approved,4087,99
MARYSVILLE FIRE DISTRICT RFA Proposition No. 1,Rejected,4087,95
MARYSVILLE FIRE DISTRICT RFA Proposition No. 1,Approved,4098,89
MARYSVILLE FIRE DISTRICT RFA Proposition No. 1,Rejected,4098,37
MARYSVILLE FIRE DISTRICT RFA Proposition No. 1,Approved,4151,20
MARYSVILLE FIRE DISTRICT RFA Proposition No. 1,Rejected,4151,8
MARYSVILLE FIRE DISTRICT RFA Proposition No. 1,Approved,4167,115
MARYSVILLE FIRE DISTRICT RFA Proposition No. 1,Rejected,4167,86
MARYSVILLE FIRE DISTRICT RFA Proposition No. 1,Approved,4169,72
MARYSVILLE FIRE DISTRICT RFA Proposition No. 1,Rejected,4169,57
MARYSVILLE FIRE DISTRICT RFA Proposition No. 1,Approved,4269,83
MARYSVILLE FIRE DISTRICT RFA Proposition No. 1,Rejected,4269,65
MARYSVILLE FIRE DISTRICT RFA Proposition No. 1,Approved,4323,98
MARYSVILLE FIRE DISTRICT RFA Proposition No. 1,Rejected,4323,69
MARYSVILLE FIRE DISTRICT RFA Proposition No. 1,Approved,4325,0
MARYSVILLE FIRE DISTRICT RFA Proposition No. 1,Rejected,4325,0
MARYSVILLE FIRE DISTRICT RFA Proposition No. 1,Approved,4335,90
MARYSVILLE FIRE DISTRICT RFA Proposition No. 1,Rejected,4335,55
MARYSVILLE FIRE DISTRICT RFA Proposition No. 1,Approved,4352,49
MARYSVILLE FIRE DISTRICT RFA Proposition No. 1,Rejected,4352,29
MARYSVILLE FIRE DISTRICT RFA Proposition No. 1,Approved,4360,6
MARYSVILLE FIRE DISTRICT RFA Proposition No. 1,Rejected,4360,12
MARYSVILLE FIRE DISTRICT RFA Proposition No. 1,Approved,4363,116
MARYSVILLE FIRE DISTRICT RFA Proposition No. 1,Rejected,4363,91
MARYSVILLE FIRE DISTRICT RFA Proposition No. 1,Approved,4441,79
MARYSVILLE FIRE DISTRICT RFA Proposition No. 1,Rejected,4441,56
MARYSVILLE FIRE DISTRICT RFA Proposition No. 1,Approved,4445,74
MARYSVILLE FIRE DISTRICT RFA Proposition No. 1,Rejected,4445,75
MARYSVILLE FIRE DISTRICT RFA Proposition No. 1,Approved,4483,124
MARYSVILLE FIRE DISTRICT RFA Proposition No. 1,Rejected,4483,143
MARYSVILLE FIRE DISTRICT RFA Proposition No. 1,Approved,4488,125
MARYSVILLE FIRE DISTRICT RFA Proposition No. 1,Rejected,4488,69
MARYSVILLE FIRE DISTRICT RFA Proposition No. 1,Approved,4545,41
MARYSVILLE FIRE DISTRICT RFA Proposition No. 1,Rejected,4545,37
MARYSVILLE FIRE DISTRICT RFA Proposition No. 1,Approved,4561,28
MARYSVILLE FIRE DISTRICT RFA Proposition No. 1,Rejected,4561,12
MARYSVILLE FIRE DISTRICT RFA Proposition No. 1,Approved,4779,53
MARYSVILLE FIRE DISTRICT RFA Proposition No. 1,Rejected,4779,52
FIRE DISTRICT 25 Commissioner Position 1,Gary Moffett,4034,0
FIRE DISTRICT 25 Commissioner Position 1,Steve Ramey,4034,0
FIRE DISTRICT 25 Commissioner Position 1,Bruce King,4034,0
FIRE DISTRICT 25 Commissioner Position 1,Gary Moffett,4060,0
FIRE DISTRICT 25 Commissioner Position 1,Steve Ramey,4060,0
FIRE DISTRICT 25 Commissioner Position 1,Bruce King,4060,0
FIRE DISTRICT 25 Commissioner Position 1,Gary Moffett,4759,7
FIRE DISTRICT 25 Commissioner Position 1,Steve Ramey,4759,20
FIRE DISTRICT 25 Commissioner Position 1,Bruce King,4759,5
NCRFA COMMISSIONER DIST 1 Commissioner District 1,Mary Elizabeth Foster,1050,20
NCRFA COMMISSIONER DIST 1 Commissioner District 1,Jeff Sinker,1050,10
NCRFA COMMISSIONER DIST 1 Commissioner District 1,Greg Oakes,1050,48
NCRFA COMMISSIONER DIST 1 Commissioner District 1,Mary Elizabeth Foster,1051,25
NCRFA COMMISSIONER DIST 1 Commissioner District 1,Jeff Sinker,1051,20
NCRFA COMMISSIONER DIST 1 Commissioner District 1,Greg Oakes,1051,67
NCRFA COMMISSIONER DIST 1 Commissioner District 1,Mary Elizabeth Foster,1130,0
NCRFA COMMISSIONER DIST 1 Commissioner District 1,Jeff Sinker,1130,0
NCRFA COMMISSIONER DIST 1 Commissioner District 1,Greg Oakes,1130,0
NCRFA COMMISSIONER DIST 1 Commissioner District 1,Mary Elizabeth Foster,1760,0
NCRFA COMMISSIONER DIST 1 Commissioner District 1,Jeff Sinker,1760,0
NCRFA COMMISSIONER DIST 1 Commissioner District 1,Greg Oakes,1760,0
NCRFA COMMISSIONER DIST 1 Commissioner District 1,Mary Elizabeth Foster,1821,4
NCRFA COMMISSIONER DIST 1 Commissioner District 1,Jeff Sinker,1821,3
NCRFA COMMISSIONER DIST 1 Commissioner District 1,Greg Oakes,1821,5
NCRFA COMMISSIONER DIST 1 Commissioner District 1,Mary Elizabeth Foster,4016,19
NCRFA COMMISSIONER DIST 1 Commissioner District 1,Jeff Sinker,4016,13
NCRFA COMMISSIONER DIST 1 Commissioner District 1,Greg Oakes,4016,69
NCRFA COMMISSIONER DIST 1 Commissioner District 1,Mary Elizabeth Foster,4021,9
NCRFA COMMISSIONER DIST 1 Commissioner District 1,Jeff Sinker,4021,8
NCRFA COMMISSIONER DIST 1 Commissioner District 1,Greg Oakes,4021,28
NCRFA COMMISSIONER DIST 1 Commissioner District 1,Mary Elizabeth Foster,4025,35
NCRFA COMMISSIONER DIST 1 Commissioner District 1,Jeff Sinker,4025,31
NCRFA COMMISSIONER DIST 1 Commissioner District 1,Greg Oakes,4025,89
NCRFA COMMISSIONER DIST 1 Commissioner District 1,Mary Elizabeth Foster,4027,18
NCRFA COMMISSIONER DIST 1 Commissioner District 1,Jeff Sinker,4027,10
NCRFA COMMISSIONER DIST 1 Commissioner District 1,Greg Oakes,4027,85
NCRFA COMMISSIONER DIST 1 Commissioner District 1,Mary Elizabeth Foster,4296,24
NCRFA COMMISSIONER DIST 1 Commissioner District 1,Jeff Sinker,4296,12
NCRFA COMMISSIONER DIST 1 Commissioner District 1,Greg Oakes,4296,83
NCRFA COMMISSIONER DIST 1 Commissioner District 1,Mary Elizabeth Foster,4326,12
NCRFA COMMISSIONER DIST 1 Commissioner District 1,Jeff Sinker,4326,30
NCRFA COMMISSIONER DIST 1 Commissioner District 1,Greg Oakes,4326,95
NCRFA COMMISSIONER DIST 1 Commissioner District 1,Mary Elizabeth Foster,4433,3
NCRFA COMMISSIONER DIST 1 Commissioner District 1,Jeff Sinker,4433,2
NCRFA COMMISSIONER DIST 1 Commissioner District 1,Greg Oakes,4433,5
NCRFA COMMISSIONER DIST 1 Commissioner District 1,Mary Elizabeth Foster,4647,30
NCRFA COMMISSIONER DIST 1 Commissioner District 1,Jeff Sinker,4647,25
NCRFA COMMISSIONER DIST 1 Commissioner District 1,Greg Oakes,4647,151
NCRFA COMMISSIONER DIST 1 Commissioner District 1,Mary Elizabeth Foster,4681,24
NCRFA COMMISSIONER DIST 1 Commissioner District 1,Jeff Sinker,4681,12
NCRFA COMMISSIONER DIST 1 Commissioner District 1,Greg Oakes,4681,92
NCRFA COMMISSIONER DIST 1 Commissioner District 1,Mary Elizabeth Foster,4708,10
NCRFA COMMISSIONER DIST 1 Commissioner District 1,Jeff Sinker,4708,16
NCRFA COMMISSIONER DIST 1 Commissioner District 1,Greg Oakes,4708,45
NCRFA COMMISSIONER DIST 1 Commissioner District 1,Mary Elizabeth Foster,4851,6
NCRFA COMMISSIONER DIST 1 Commissioner District 1,Jeff Sinker,4851,19
NCRFA COMMISSIONER DIST 1 Commissioner District 1,Greg Oakes,4851,70
NORTH COUNTY REGIONAL FIRE AUTHORITY Proposition No. 1,Yes,1049,112
NORTH COUNTY REGIONAL FIRE AUTHORITY Proposition No. 1,No,1049,48
NORTH COUNTY REGIONAL FIRE AUTHORITY Proposition No. 1,Yes,1050,74
NORTH COUNTY REGIONAL FIRE AUTHORITY Proposition No. 1,No,1050,49
NORTH COUNTY REGIONAL FIRE AUTHORITY Proposition No. 1,Yes,1051,69
NORTH COUNTY REGIONAL FIRE AUTHORITY Proposition No. 1,No,1051,51
NORTH COUNTY REGIONAL FIRE AUTHORITY Proposition No. 1,Yes,1130,55
NORTH COUNTY REGIONAL FIRE AUTHORITY Proposition No. 1,No,1130,40
NORTH COUNTY REGIONAL FIRE AUTHORITY Proposition No. 1,Yes,1199,64
NORTH COUNTY REGIONAL FIRE AUTHORITY Proposition No. 1,No,1199,34
NORTH COUNTY REGIONAL FIRE AUTHORITY Proposition No. 1,Yes,1200,111
NORTH COUNTY REGIONAL FIRE AUTHORITY Proposition No. 1,No,1200,49
NORTH COUNTY REGIONAL FIRE AUTHORITY Proposition No. 1,Yes,1386,146
NORTH COUNTY REGIONAL FIRE AUTHORITY Proposition No. 1,No,1386,93
NORTH COUNTY REGIONAL FIRE AUTHORITY Proposition No. 1,Yes,1498,75
NORTH COUNTY REGIONAL FIRE AUTHORITY Proposition No. 1,No,1498,37
NORTH COUNTY REGIONAL FIRE AUTHORITY Proposition No. 1,Yes,1499,96
NORTH COUNTY REGIONAL FIRE AUTHORITY Proposition No. 1,No,1499,83
NORTH COUNTY REGIONAL FIRE AUTHORITY Proposition No. 1,Yes,1509,137
NORTH COUNTY REGIONAL FIRE AUTHORITY Proposition No. 1,No,1509,36
NORTH COUNTY REGIONAL FIRE AUTHORITY Proposition No. 1,Yes,1518,145
NORTH COUNTY REGIONAL FIRE AUTHORITY Proposition No. 1,No,1518,73
NORTH COUNTY REGIONAL FIRE AUTHORITY Proposition No. 1,Yes,1569,59
NORTH COUNTY REGIONAL FIRE AUTHORITY Proposition No. 1,No,1569,30
NORTH COUNTY REGIONAL FIRE AUTHORITY Proposition No. 1,Yes,1570,46
NORTH COUNTY REGIONAL FIRE AUTHORITY Proposition No. 1,No,1570,49
NORTH COUNTY REGIONAL FIRE AUTHORITY Proposition No. 1,Yes,1574,67
NORTH COUNTY REGIONAL FIRE AUTHORITY Proposition No. 1,No,1574,52
NORTH COUNTY REGIONAL FIRE AUTHORITY Proposition No. 1,Yes,1636,70
NORTH COUNTY REGIONAL FIRE AUTHORITY Proposition No. 1,No,1636,29
NORTH COUNTY REGIONAL FIRE AUTHORITY Proposition No. 1,Yes,1641,221
NORTH COUNTY REGIONAL FIRE AUTHORITY Proposition No. 1,No,1641,78
NORTH COUNTY REGIONAL FIRE AUTHORITY Proposition No. 1,Yes,1643,76
NORTH COUNTY REGIONAL FIRE AUTHORITY Proposition No. 1,No,1643,94
NORTH COUNTY REGIONAL FIRE AUTHORITY Proposition No. 1,Yes,1661,108
NORTH COUNTY REGIONAL FIRE AUTHORITY Proposition No. 1,No,1661,58
NORTH COUNTY REGIONAL FIRE AUTHORITY Proposition No. 1,Yes,1669,125
NORTH COUNTY REGIONAL FIRE AUTHORITY Proposition No. 1,No,1669,80
NORTH COUNTY REGIONAL FIRE AUTHORITY Proposition No. 1,Yes,1686,122
NORTH COUNTY REGIONAL FIRE AUTHORITY Proposition No. 1,No,1686,41
NORTH COUNTY REGIONAL FIRE AUTHORITY Proposition No. 1,Yes,1687,87
NORTH COUNTY REGIONAL FIRE AUTHORITY Proposition No. 1,No,1687,46
NORTH COUNTY REGIONAL FIRE AUTHORITY Proposition No. 1,Yes,1711,119
NORTH COUNTY REGIONAL FIRE AUTHORITY Proposition No. 1,No,1711,50
NORTH COUNTY REGIONAL FIRE AUTHORITY Proposition No. 1,Yes,1712,87
NORTH COUNTY REGIONAL FIRE AUTHORITY Proposition No. 1,No,1712,27
NORTH COUNTY REGIONAL FIRE AUTHORITY Proposition No. 1,Yes,1751,0
NORTH COUNTY REGIONAL FIRE AUTHORITY Proposition No. 1,No,1751,0
NORTH COUNTY REGIONAL FIRE AUTHORITY Proposition No. 1,Yes,1760,7
NORTH COUNTY REGIONAL FIRE AUTHORITY Proposition No. 1,No,1760,9
NORTH COUNTY REGIONAL FIRE AUTHORITY Proposition No. 1,Yes,1794,66
NORTH COUNTY REGIONAL FIRE AUTHORITY Proposition No. 1,No,1794,35
NORTH COUNTY REGIONAL FIRE AUTHORITY Proposition No. 1,Yes,1821,116
NORTH COUNTY REGIONAL FIRE AUTHORITY Proposition No. 1,No,1821,53
NORTH COUNTY REGIONAL FIRE AUTHORITY Proposition No. 1,Yes,1827,0
NORTH COUNTY REGIONAL FIRE AUTHORITY Proposition No. 1,No,1827,0
NORTH COUNTY REGIONAL FIRE AUTHORITY Proposition No. 1,Yes,1850,76
NORTH COUNTY REGIONAL FIRE AUTHORITY Proposition No. 1,No,1850,43
NORTH COUNTY REGIONAL FIRE AUTHORITY Proposition No. 1,Yes,1859,13
NORTH COUNTY REGIONAL FIRE AUTHORITY Proposition No. 1,No,1859,18
NORTH COUNTY REGIONAL FIRE AUTHORITY Proposition No. 1,Yes,1860,63
NORTH COUNTY REGIONAL FIRE AUTHORITY Proposition No. 1,No,1860,30
NORTH COUNTY REGIONAL FIRE AUTHORITY Proposition No. 1,Yes,1864,35
NORTH COUNTY REGIONAL FIRE AUTHORITY Proposition No. 1,No,1864,10
NORTH COUNTY REGIONAL FIRE AUTHORITY Proposition No. 1,Yes,1870,72
NORTH COUNTY REGIONAL FIRE AUTHORITY Proposition No. 1,No,1870,41
NORTH COUNTY REGIONAL FIRE AUTHORITY Proposition No. 1,Yes,4002,28
NORTH COUNTY REGIONAL FIRE AUTHORITY Proposition No. 1,No,4002,23
NORTH COUNTY REGIONAL FIRE AUTHORITY Proposition No. 1,Yes,4004,189
NORTH COUNTY REGIONAL FIRE AUTHORITY Proposition No. 1,No,4004,104
NORTH COUNTY REGIONAL FIRE AUTHORITY Proposition No. 1,Yes,4016,52
NORTH COUNTY REGIONAL FIRE AUTHORITY Proposition No. 1,No,4016,57
NORTH COUNTY REGIONAL FIRE AUTHORITY Proposition No. 1,Yes,4021,25
NORTH COUNTY REGIONAL FIRE AUTHORITY Proposition No. 1,No,4021,30
NORTH COUNTY REGIONAL FIRE AUTHORITY Proposition No. 1,Yes,4022,130
NORTH COUNTY REGIONAL FIRE AUTHORITY Proposition No. 1,No,4022,71
NORTH COUNTY REGIONAL FIRE AUTHORITY Proposition No. 1,Yes,4025,85
NORTH COUNTY REGIONAL FIRE AUTHORITY Proposition No. 1,No,4025,84
NORTH COUNTY REGIONAL FIRE AUTHORITY Proposition No. 1,Yes,4027,65
NORTH COUNTY REGIONAL FIRE AUTHORITY Proposition No. 1,No,4027,59
NORTH COUNTY REGIONAL FIRE AUTHORITY Proposition No. 1,Yes,4030,26
NORTH COUNTY REGIONAL FIRE AUTHORITY Proposition No. 1,No,4030,17
NORTH COUNTY REGIONAL FIRE AUTHORITY Proposition No. 1,Yes,4037,0
NORTH COUNTY REGIONAL FIRE AUTHORITY Proposition No. 1,No,4037,0
NORTH COUNTY REGIONAL FIRE AUTHORITY Proposition No. 1,Yes,4073,65
NORTH COUNTY REGIONAL FIRE AUTHORITY Proposition No. 1,No,4073,58
NORTH COUNTY REGIONAL FIRE AUTHORITY Proposition No. 1,Yes,4296,65
NORTH COUNTY REGIONAL FIRE AUTHORITY Proposition No. 1,No,4296,58
NORTH COUNTY REGIONAL FIRE AUTHORITY Proposition No. 1,Yes,4319,89
NORTH COUNTY REGIONAL FIRE AUTHORITY Proposition No. 1,No,4319,43
NORTH COUNTY REGIONAL FIRE AUTHORITY Proposition No. 1,Yes,4326,78
NORTH COUNTY REGIONAL FIRE AUTHORITY Proposition No. 1,No,4326,65
NORTH COUNTY REGIONAL FIRE AUTHORITY Proposition No. 1,Yes,4332,178
NORTH COUNTY REGIONAL FIRE AUTHORITY Proposition No. 1,No,4332,77
NORTH COUNTY REGIONAL FIRE AUTHORITY Proposition No. 1,Yes,4433,4
NORTH COUNTY REGIONAL FIRE AUTHORITY Proposition No. 1,No,4433,8
NORTH COUNTY REGIONAL FIRE AUTHORITY Proposition No. 1,Yes,4502,130
NORTH COUNTY REGIONAL FIRE AUTHORITY Proposition No. 1,No,4502,70
NORTH COUNTY REGIONAL FIRE AUTHORITY Proposition No. 1,Yes,4638,113
NORTH COUNTY REGIONAL FIRE AUTHORITY Proposition No. 1,No,4638,98
NORTH COUNTY REGIONAL FIRE AUTHORITY Proposition No. 1,Yes,4647,135
NORTH COUNTY REGIONAL FIRE AUTHORITY Proposition No. 1,No,4647,90
NORTH COUNTY REGIONAL FIRE AUTHORITY Proposition No. 1,Yes,4681,62
NORTH COUNTY REGIONAL FIRE AUTHORITY Proposition No. 1,No,4681,81
NORTH COUNTY REGIONAL FIRE AUTHORITY Proposition No. 1,Yes,4700,137
NORTH COUNTY REGIONAL FIRE AUTHORITY Proposition No. 1,No,4700,79
NORTH COUNTY REGIONAL FIRE AUTHORITY Proposition No. 1,Yes,4708,70
NORTH COUNTY REGIONAL FIRE AUTHORITY Proposition No. 1,No,4708,69
NORTH COUNTY REGIONAL FIRE AUTHORITY Proposition No. 1,Yes,4714,178
NORTH COUNTY REGIONAL FIRE AUTHORITY Proposition No. 1,No,4714,79
NORTH COUNTY REGIONAL FIRE AUTHORITY Proposition No. 1,Yes,4851,52
NORTH COUNTY REGIONAL FIRE AUTHORITY Proposition No. 1,No,4851,52
NORTH COUNTY REGIONAL FIRE AUTHORITY Proposition No. 1,Yes,4867,60
NORTH COUNTY REGIONAL FIRE AUTHORITY Proposition No. 1,No,4867,49
SNOHOMISH REGIONAL FIRE &amp; RESCUE Commissioner Position 6,Seth Henderson,1054,21
SNOHOMISH REGIONAL FIRE &amp; RESCUE Commissioner Position 6,Davin Alsin,1054,65
SNOHOMISH REGIONAL FIRE &amp; RESCUE Commissioner Position 6,Steve Guptill,1054,45
SNOHOMISH REGIONAL FIRE &amp; RESCUE Commissioner Position 6,Seth Henderson,1055,19
SNOHOMISH REGIONAL FIRE &amp; RESCUE Commissioner Position 6,Davin Alsin,1055,59
SNOHOMISH REGIONAL FIRE &amp; RESCUE Commissioner Position 6,Steve Guptill,1055,33
SNOHOMISH REGIONAL FIRE &amp; RESCUE Commissioner Position 6,Seth Henderson,1134,62
SNOHOMISH REGIONAL FIRE &amp; RESCUE Commissioner Position 6,Davin Alsin,1134,109
SNOHOMISH REGIONAL FIRE &amp; RESCUE Commissioner Position 6,Steve Guptill,1134,33
SNOHOMISH REGIONAL FIRE &amp; RESCUE Commissioner Position 6,Seth Henderson,1135,37
SNOHOMISH REGIONAL FIRE &amp; RESCUE Commissioner Position 6,Davin Alsin,1135,77
SNOHOMISH REGIONAL FIRE &amp; RESCUE Commissioner Position 6,Steve Guptill,1135,27
SNOHOMISH REGIONAL FIRE &amp; RESCUE Commissioner Position 6,Seth Henderson,1187,48
SNOHOMISH REGIONAL FIRE &amp; RESCUE Commissioner Position 6,Davin Alsin,1187,85
SNOHOMISH REGIONAL FIRE &amp; RESCUE Commissioner Position 6,Steve Guptill,1187,51
SNOHOMISH REGIONAL FIRE &amp; RESCUE Commissioner Position 6,Seth Henderson,1188,42
SNOHOMISH REGIONAL FIRE &amp; RESCUE Commissioner Position 6,Davin Alsin,1188,99
SNOHOMISH REGIONAL FIRE &amp; RESCUE Commissioner Position 6,Steve Guptill,1188,43
SNOHOMISH REGIONAL FIRE &amp; RESCUE Commissioner Position 6,Seth Henderson,1349,34
SNOHOMISH REGIONAL FIRE &amp; RESCUE Commissioner Position 6,Davin Alsin,1349,66
SNOHOMISH REGIONAL FIRE &amp; RESCUE Commissioner Position 6,Steve Guptill,1349,19
SNOHOMISH REGIONAL FIRE &amp; RESCUE Commissioner Position 6,Seth Henderson,1418,48
SNOHOMISH REGIONAL FIRE &amp; RESCUE Commissioner Position 6,Davin Alsin,1418,75
SNOHOMISH REGIONAL FIRE &amp; RESCUE Commissioner Position 6,Steve Guptill,1418,28
SNOHOMISH REGIONAL FIRE &amp; RESCUE Commissioner Position 6,Seth Henderson,1431,22
SNOHOMISH REGIONAL FIRE &amp; RESCUE Commissioner Position 6,Davin Alsin,1431,30
SNOHOMISH REGIONAL FIRE &amp; RESCUE Commissioner Position 6,Steve Guptill,1431,30
SNOHOMISH REGIONAL FIRE &amp; RESCUE Commissioner Position 6,Seth Henderson,1503,36
SNOHOMISH REGIONAL FIRE &amp; RESCUE Commissioner Position 6,Davin Alsin,1503,70
SNOHOMISH REGIONAL FIRE &amp; RESCUE Commissioner Position 6,Steve Guptill,1503,16
SNOHOMISH REGIONAL FIRE &amp; RESCUE Commissioner Position 6,Seth Henderson,1506,33
SNOHOMISH REGIONAL FIRE &amp; RESCUE Commissioner Position 6,Davin Alsin,1506,65
SNOHOMISH REGIONAL FIRE &amp; RESCUE Commissioner Position 6,Steve Guptill,1506,56
SNOHOMISH REGIONAL FIRE &amp; RESCUE Commissioner Position 6,Seth Henderson,1536,40
SNOHOMISH REGIONAL FIRE &amp; RESCUE Commissioner Position 6,Davin Alsin,1536,108
SNOHOMISH REGIONAL FIRE &amp; RESCUE Commissioner Position 6,Steve Guptill,1536,53
SNOHOMISH REGIONAL FIRE &amp; RESCUE Commissioner Position 6,Seth Henderson,1548,30
SNOHOMISH REGIONAL FIRE &amp; RESCUE Commissioner Position 6,Davin Alsin,1548,91
SNOHOMISH REGIONAL FIRE &amp; RESCUE Commissioner Position 6,Steve Guptill,1548,51
SNOHOMISH REGIONAL FIRE &amp; RESCUE Commissioner Position 6,Seth Henderson,1568,39
SNOHOMISH REGIONAL FIRE &amp; RESCUE Commissioner Position 6,Davin Alsin,1568,90
SNOHOMISH REGIONAL FIRE &amp; RESCUE Commissioner Position 6,Steve Guptill,1568,48
SNOHOMISH REGIONAL FIRE &amp; RESCUE Commissioner Position 6,Seth Henderson,1586,32
SNOHOMISH REGIONAL FIRE &amp; RESCUE Commissioner Position 6,Davin Alsin,1586,79
SNOHOMISH REGIONAL FIRE &amp; RESCUE Commissioner Position 6,Steve Guptill,1586,38
SNOHOMISH REGIONAL FIRE &amp; RESCUE Commissioner Position 6,Seth Henderson,1587,9
SNOHOMISH REGIONAL FIRE &amp; RESCUE Commissioner Position 6,Davin Alsin,1587,33
SNOHOMISH REGIONAL FIRE &amp; RESCUE Commissioner Position 6,Steve Guptill,1587,15
SNOHOMISH REGIONAL FIRE &amp; RESCUE Commissioner Position 6,Seth Henderson,1625,25
SNOHOMISH REGIONAL FIRE &amp; RESCUE Commissioner Position 6,Davin Alsin,1625,52
SNOHOMISH REGIONAL FIRE &amp; RESCUE Commissioner Position 6,Steve Guptill,1625,26
SNOHOMISH REGIONAL FIRE &amp; RESCUE Commissioner Position 6,Seth Henderson,1649,17
SNOHOMISH REGIONAL FIRE &amp; RESCUE Commissioner Position 6,Davin Alsin,1649,51
SNOHOMISH REGIONAL FIRE &amp; RESCUE Commissioner Position 6,Steve Guptill,1649,16
SNOHOMISH REGIONAL FIRE &amp; RESCUE Commissioner Position 6,Seth Henderson,1653,24
SNOHOMISH REGIONAL FIRE &amp; RESCUE Commissioner Position 6,Davin Alsin,1653,55
SNOHOMISH REGIONAL FIRE &amp; RESCUE Commissioner Position 6,Steve Guptill,1653,20
SNOHOMISH REGIONAL FIRE &amp; RESCUE Commissioner Position 6,Seth Henderson,1654,16
SNOHOMISH REGIONAL FIRE &amp; RESCUE Commissioner Position 6,Davin Alsin,1654,43
SNOHOMISH REGIONAL FIRE &amp; RESCUE Commissioner Position 6,Steve Guptill,1654,28
SNOHOMISH REGIONAL FIRE &amp; RESCUE Commissioner Position 6,Seth Henderson,1663,44
SNOHOMISH REGIONAL FIRE &amp; RESCUE Commissioner Position 6,Davin Alsin,1663,92
SNOHOMISH REGIONAL FIRE &amp; RESCUE Commissioner Position 6,Steve Guptill,1663,35
SNOHOMISH REGIONAL FIRE &amp; RESCUE Commissioner Position 6,Seth Henderson,1664,32
SNOHOMISH REGIONAL FIRE &amp; RESCUE Commissioner Position 6,Davin Alsin,1664,84
SNOHOMISH REGIONAL FIRE &amp; RESCUE Commissioner Position 6,Steve Guptill,1664,17
SNOHOMISH REGIONAL FIRE &amp; RESCUE Commissioner Position 6,Seth Henderson,1671,25
SNOHOMISH REGIONAL FIRE &amp; RESCUE Commissioner Position 6,Davin Alsin,1671,33
SNOHOMISH REGIONAL FIRE &amp; RESCUE Commissioner Position 6,Steve Guptill,1671,14
SNOHOMISH REGIONAL FIRE &amp; RESCUE Commissioner Position 6,Seth Henderson,1672,44
SNOHOMISH REGIONAL FIRE &amp; RESCUE Commissioner Position 6,Davin Alsin,1672,48
SNOHOMISH REGIONAL FIRE &amp; RESCUE Commissioner Position 6,Steve Guptill,1672,16
SNOHOMISH REGIONAL FIRE &amp; RESCUE Commissioner Position 6,Seth Henderson,1673,43
SNOHOMISH REGIONAL FIRE &amp; RESCUE Commissioner Position 6,Davin Alsin,1673,73
SNOHOMISH REGIONAL FIRE &amp; RESCUE Commissioner Position 6,Steve Guptill,1673,21
SNOHOMISH REGIONAL FIRE &amp; RESCUE Commissioner Position 6,Seth Henderson,1674,47
SNOHOMISH REGIONAL FIRE &amp; RESCUE Commissioner Position 6,Davin Alsin,1674,80
SNOHOMISH REGIONAL FIRE &amp; RESCUE Commissioner Position 6,Steve Guptill,1674,23
SNOHOMISH REGIONAL FIRE &amp; RESCUE Commissioner Position 6,Seth Henderson,1675,40
SNOHOMISH REGIONAL FIRE &amp; RESCUE Commissioner Position 6,Davin Alsin,1675,80
SNOHOMISH REGIONAL FIRE &amp; RESCUE Commissioner Position 6,Steve Guptill,1675,30
SNOHOMISH REGIONAL FIRE &amp; RESCUE Commissioner Position 6,Seth Henderson,1716,37
SNOHOMISH REGIONAL FIRE &amp; RESCUE Commissioner Position 6,Davin Alsin,1716,51
SNOHOMISH REGIONAL FIRE &amp; RESCUE Commissioner Position 6,Steve Guptill,1716,12
SNOHOMISH REGIONAL FIRE &amp; RESCUE Commissioner Position 6,Seth Henderson,1717,27
SNOHOMISH REGIONAL FIRE &amp; RESCUE Commissioner Position 6,Davin Alsin,1717,30
SNOHOMISH REGIONAL FIRE &amp; RESCUE Commissioner Position 6,Steve Guptill,1717,7
SNOHOMISH REGIONAL FIRE &amp; RESCUE Commissioner Position 6,Seth Henderson,1718,20
SNOHOMISH REGIONAL FIRE &amp; RESCUE Commissioner Position 6,Davin Alsin,1718,63
SNOHOMISH REGIONAL FIRE &amp; RESCUE Commissioner Position 6,Steve Guptill,1718,25
SNOHOMISH REGIONAL FIRE &amp; RESCUE Commissioner Position 6,Seth Henderson,1719,40
SNOHOMISH REGIONAL FIRE &amp; RESCUE Commissioner Position 6,Davin Alsin,1719,73
SNOHOMISH REGIONAL FIRE &amp; RESCUE Commissioner Position 6,Steve Guptill,1719,22
SNOHOMISH REGIONAL FIRE &amp; RESCUE Commissioner Position 6,Seth Henderson,1720,32
SNOHOMISH REGIONAL FIRE &amp; RESCUE Commissioner Position 6,Davin Alsin,1720,75
SNOHOMISH REGIONAL FIRE &amp; RESCUE Commissioner Position 6,Steve Guptill,1720,27
SNOHOMISH REGIONAL FIRE &amp; RESCUE Commissioner Position 6,Seth Henderson,1721,40
SNOHOMISH REGIONAL FIRE &amp; RESCUE Commissioner Position 6,Davin Alsin,1721,101
SNOHOMISH REGIONAL FIRE &amp; RESCUE Commissioner Position 6,Steve Guptill,1721,39
SNOHOMISH REGIONAL FIRE &amp; RESCUE Commissioner Position 6,Seth Henderson,1722,36
SNOHOMISH REGIONAL FIRE &amp; RESCUE Commissioner Position 6,Davin Alsin,1722,72
SNOHOMISH REGIONAL FIRE &amp; RESCUE Commissioner Position 6,Steve Guptill,1722,17
SNOHOMISH REGIONAL FIRE &amp; RESCUE Commissioner Position 6,Seth Henderson,1723,30
SNOHOMISH REGIONAL FIRE &amp; RESCUE Commissioner Position 6,Davin Alsin,1723,65
SNOHOMISH REGIONAL FIRE &amp; RESCUE Commissioner Position 6,Steve Guptill,1723,31
SNOHOMISH REGIONAL FIRE &amp; RESCUE Commissioner Position 6,Seth Henderson,1724,20
SNOHOMISH REGIONAL FIRE &amp; RESCUE Commissioner Position 6,Davin Alsin,1724,40
SNOHOMISH REGIONAL FIRE &amp; RESCUE Commissioner Position 6,Steve Guptill,1724,15
SNOHOMISH REGIONAL FIRE &amp; RESCUE Commissioner Position 6,Seth Henderson,1725,26
SNOHOMISH REGIONAL FIRE &amp; RESCUE Commissioner Position 6,Davin Alsin,1725,47
SNOHOMISH REGIONAL FIRE &amp; RESCUE Commissioner Position 6,Steve Guptill,1725,16
SNOHOMISH REGIONAL FIRE &amp; RESCUE Commissioner Position 6,Seth Henderson,1726,46
SNOHOMISH REGIONAL FIRE &amp; RESCUE Commissioner Position 6,Davin Alsin,1726,74
SNOHOMISH REGIONAL FIRE &amp; RESCUE Commissioner Position 6,Steve Guptill,1726,16
SNOHOMISH REGIONAL FIRE &amp; RESCUE Commissioner Position 6,Seth Henderson,1727,42
SNOHOMISH REGIONAL FIRE &amp; RESCUE Commissioner Position 6,Davin Alsin,1727,61
SNOHOMISH REGIONAL FIRE &amp; RESCUE Commissioner Position 6,Steve Guptill,1727,36
SNOHOMISH REGIONAL FIRE &amp; RESCUE Commissioner Position 6,Seth Henderson,1757,19
SNOHOMISH REGIONAL FIRE &amp; RESCUE Commissioner Position 6,Davin Alsin,1757,39
SNOHOMISH REGIONAL FIRE &amp; RESCUE Commissioner Position 6,Steve Guptill,1757,8
SNOHOMISH REGIONAL FIRE &amp; RESCUE Commissioner Position 6,Seth Henderson,1774,35
SNOHOMISH REGIONAL FIRE &amp; RESCUE Commissioner Position 6,Davin Alsin,1774,75
SNOHOMISH REGIONAL FIRE &amp; RESCUE Commissioner Position 6,Steve Guptill,1774,25
SNOHOMISH REGIONAL FIRE &amp; RESCUE Commissioner Position 6,Seth Henderson,1781,21
SNOHOMISH REGIONAL FIRE &amp; RESCUE Commissioner Position 6,Davin Alsin,1781,50
SNOHOMISH REGIONAL FIRE &amp; RESCUE Commissioner Position 6,Steve Guptill,1781,24
SNOHOMISH REGIONAL FIRE &amp; RESCUE Commissioner Position 6,Seth Henderson,1796,56
SNOHOMISH REGIONAL FIRE &amp; RESCUE Commissioner Position 6,Davin Alsin,1796,60
SNOHOMISH REGIONAL FIRE &amp; RESCUE Commissioner Position 6,Steve Guptill,1796,19
SNOHOMISH REGIONAL FIRE &amp; RESCUE Commissioner Position 6,Seth Henderson,1798,20
SNOHOMISH REGIONAL FIRE &amp; RESCUE Commissioner Position 6,Davin Alsin,1798,54
SNOHOMISH REGIONAL FIRE &amp; RESCUE Commissioner Position 6,Steve Guptill,1798,32
SNOHOMISH REGIONAL FIRE &amp; RESCUE Commissioner Position 6,Seth Henderson,1801,16
SNOHOMISH REGIONAL FIRE &amp; RESCUE Commissioner Position 6,Davin Alsin,1801,85
SNOHOMISH REGIONAL FIRE &amp; RESCUE Commissioner Position 6,Steve Guptill,1801,28
SNOHOMISH REGIONAL FIRE &amp; RESCUE Commissioner Position 6,Seth Henderson,1809,18
SNOHOMISH REGIONAL FIRE &amp; RESCUE Commissioner Position 6,Davin Alsin,1809,40
SNOHOMISH REGIONAL FIRE &amp; RESCUE Commissioner Position 6,Steve Guptill,1809,11
SNOHOMISH REGIONAL FIRE &amp; RESCUE Commissioner Position 6,Seth Henderson,1811,8
SNOHOMISH REGIONAL FIRE &amp; RESCUE Commissioner Position 6,Davin Alsin,1811,16
SNOHOMISH REGIONAL FIRE &amp; RESCUE Commissioner Position 6,Steve Guptill,1811,18
SNOHOMISH REGIONAL FIRE &amp; RESCUE Commissioner Position 6,Seth Henderson,1828,43
SNOHOMISH REGIONAL FIRE &amp; RESCUE Commissioner Position 6,Davin Alsin,1828,118
SNOHOMISH REGIONAL FIRE &amp; RESCUE Commissioner Position 6,Steve Guptill,1828,36
SNOHOMISH REGIONAL FIRE &amp; RESCUE Commissioner Position 6,Seth Henderson,1829,35
SNOHOMISH REGIONAL FIRE &amp; RESCUE Commissioner Position 6,Davin Alsin,1829,79
SNOHOMISH REGIONAL FIRE &amp; RESCUE Commissioner Position 6,Steve Guptill,1829,28
SNOHOMISH REGIONAL FIRE &amp; RESCUE Commissioner Position 6,Seth Henderson,1830,42
SNOHOMISH REGIONAL FIRE &amp; RESCUE Commissioner Position 6,Davin Alsin,1830,80
SNOHOMISH REGIONAL FIRE &amp; RESCUE Commissioner Position 6,Steve Guptill,1830,20
SNOHOMISH REGIONAL FIRE &amp; RESCUE Commissioner Position 6,Seth Henderson,1847,8
SNOHOMISH REGIONAL FIRE &amp; RESCUE Commissioner Position 6,Davin Alsin,1847,28
SNOHOMISH REGIONAL FIRE &amp; RESCUE Commissioner Position 6,Steve Guptill,1847,7
SNOHOMISH REGIONAL FIRE &amp; RESCUE Commissioner Position 6,Seth Henderson,1854,28
SNOHOMISH REGIONAL FIRE &amp; RESCUE Commissioner Position 6,Davin Alsin,1854,43
SNOHOMISH REGIONAL FIRE &amp; RESCUE Commissioner Position 6,Steve Guptill,1854,13
SNOHOMISH REGIONAL FIRE &amp; RESCUE Commissioner Position 6,Seth Henderson,1855,20
SNOHOMISH REGIONAL FIRE &amp; RESCUE Commissioner Position 6,Davin Alsin,1855,61
SNOHOMISH REGIONAL FIRE &amp; RESCUE Commissioner Position 6,Steve Guptill,1855,18
SNOHOMISH REGIONAL FIRE &amp; RESCUE Commissioner Position 6,Seth Henderson,1861,36
SNOHOMISH REGIONAL FIRE &amp; RESCUE Commissioner Position 6,Davin Alsin,1861,84
SNOHOMISH REGIONAL FIRE &amp; RESCUE Commissioner Position 6,Steve Guptill,1861,23
SNOHOMISH REGIONAL FIRE &amp; RESCUE Commissioner Position 6,Seth Henderson,4003,14
SNOHOMISH REGIONAL FIRE &amp; RESCUE Commissioner Position 6,Davin Alsin,4003,33
SNOHOMISH REGIONAL FIRE &amp; RESCUE Commissioner Position 6,Steve Guptill,4003,13
SNOHOMISH REGIONAL FIRE &amp; RESCUE Commissioner Position 6,Seth Henderson,4006,45
SNOHOMISH REGIONAL FIRE &amp; RESCUE Commissioner Position 6,Davin Alsin,4006,91
SNOHOMISH REGIONAL FIRE &amp; RESCUE Commissioner Position 6,Steve Guptill,4006,19
SNOHOMISH REGIONAL FIRE &amp; RESCUE Commissioner Position 6,Seth Henderson,4007,20
SNOHOMISH REGIONAL FIRE &amp; RESCUE Commissioner Position 6,Davin Alsin,4007,60
SNOHOMISH REGIONAL FIRE &amp; RESCUE Commissioner Position 6,Steve Guptill,4007,30
SNOHOMISH REGIONAL FIRE &amp; RESCUE Commissioner Position 6,Seth Henderson,4009,22
SNOHOMISH REGIONAL FIRE &amp; RESCUE Commissioner Position 6,Davin Alsin,4009,76
SNOHOMISH REGIONAL FIRE &amp; RESCUE Commissioner Position 6,Steve Guptill,4009,21
SNOHOMISH REGIONAL FIRE &amp; RESCUE Commissioner Position 6,Seth Henderson,4013,13
SNOHOMISH REGIONAL FIRE &amp; RESCUE Commissioner Position 6,Davin Alsin,4013,30
SNOHOMISH REGIONAL FIRE &amp; RESCUE Commissioner Position 6,Steve Guptill,4013,6
SNOHOMISH REGIONAL FIRE &amp; RESCUE Commissioner Position 6,Seth Henderson,4017,0
SNOHOMISH REGIONAL FIRE &amp; RESCUE Commissioner Position 6,Davin Alsin,4017,0
SNOHOMISH REGIONAL FIRE &amp; RESCUE Commissioner Position 6,Steve Guptill,4017,0
SNOHOMISH REGIONAL FIRE &amp; RESCUE Commissioner Position 6,Seth Henderson,4018,0
SNOHOMISH REGIONAL FIRE &amp; RESCUE Commissioner Position 6,Davin Alsin,4018,0
SNOHOMISH REGIONAL FIRE &amp; RESCUE Commissioner Position 6,Steve Guptill,4018,0
SNOHOMISH REGIONAL FIRE &amp; RESCUE Commissioner Position 6,Seth Henderson,4019,0
SNOHOMISH REGIONAL FIRE &amp; RESCUE Commissioner Position 6,Davin Alsin,4019,0
SNOHOMISH REGIONAL FIRE &amp; RESCUE Commissioner Position 6,Steve Guptill,4019,0
SNOHOMISH REGIONAL FIRE &amp; RESCUE Commissioner Position 6,Seth Henderson,4026,43
SNOHOMISH REGIONAL FIRE &amp; RESCUE Commissioner Position 6,Davin Alsin,4026,92
SNOHOMISH REGIONAL FIRE &amp; RESCUE Commissioner Position 6,Steve Guptill,4026,33
SNOHOMISH REGIONAL FIRE &amp; RESCUE Commissioner Position 6,Seth Henderson,4032,27
SNOHOMISH REGIONAL FIRE &amp; RESCUE Commissioner Position 6,Davin Alsin,4032,71
SNOHOMISH REGIONAL FIRE &amp; RESCUE Commissioner Position 6,Steve Guptill,4032,28
SNOHOMISH REGIONAL FIRE &amp; RESCUE Commissioner Position 6,Seth Henderson,4033,21
SNOHOMISH REGIONAL FIRE &amp; RESCUE Commissioner Position 6,Davin Alsin,4033,28
SNOHOMISH REGIONAL FIRE &amp; RESCUE Commissioner Position 6,Steve Guptill,4033,10
SNOHOMISH REGIONAL FIRE &amp; RESCUE Commissioner Position 6,Seth Henderson,4042,4
SNOHOMISH REGIONAL FIRE &amp; RESCUE Commissioner Position 6,Davin Alsin,4042,30
SNOHOMISH REGIONAL FIRE &amp; RESCUE Commissioner Position 6,Steve Guptill,4042,10
SNOHOMISH REGIONAL FIRE &amp; RESCUE Commissioner Position 6,Seth Henderson,4044,14
SNOHOMISH REGIONAL FIRE &amp; RESCUE Commissioner Position 6,Davin Alsin,4044,13
SNOHOMISH REGIONAL FIRE &amp; RESCUE Commissioner Position 6,Steve Guptill,4044,8
SNOHOMISH REGIONAL FIRE &amp; RESCUE Commissioner Position 6,Seth Henderson,4045,4
SNOHOMISH REGIONAL FIRE &amp; RESCUE Commissioner Position 6,Davin Alsin,4045,17
SNOHOMISH REGIONAL FIRE &amp; RESCUE Commissioner Position 6,Steve Guptill,4045,8
SNOHOMISH REGIONAL FIRE &amp; RESCUE Commissioner Position 6,Seth Henderson,4059,26
SNOHOMISH REGIONAL FIRE &amp; RESCUE Commissioner Position 6,Davin Alsin,4059,53
SNOHOMISH REGIONAL FIRE &amp; RESCUE Commissioner Position 6,Steve Guptill,4059,18
SNOHOMISH REGIONAL FIRE &amp; RESCUE Commissioner Position 6,Seth Henderson,4062,39
SNOHOMISH REGIONAL FIRE &amp; RESCUE Commissioner Position 6,Davin Alsin,4062,98
SNOHOMISH REGIONAL FIRE &amp; RESCUE Commissioner Position 6,Steve Guptill,4062,46
SNOHOMISH REGIONAL FIRE &amp; RESCUE Commissioner Position 6,Seth Henderson,4064,37
SNOHOMISH REGIONAL FIRE &amp; RESCUE Commissioner Position 6,Davin Alsin,4064,115
SNOHOMISH REGIONAL FIRE &amp; RESCUE Commissioner Position 6,Steve Guptill,4064,62
SNOHOMISH REGIONAL FIRE &amp; RESCUE Commissioner Position 6,Seth Henderson,4065,39
SNOHOMISH REGIONAL FIRE &amp; RESCUE Commissioner Position 6,Davin Alsin,4065,91
SNOHOMISH REGIONAL FIRE &amp; RESCUE Commissioner Position 6,Steve Guptill,4065,16
SNOHOMISH REGIONAL FIRE &amp; RESCUE Commissioner Position 6,Seth Henderson,4066,10
SNOHOMISH REGIONAL FIRE &amp; RESCUE Commissioner Position 6,Davin Alsin,4066,12
SNOHOMISH REGIONAL FIRE &amp; RESCUE Commissioner Position 6,Steve Guptill,4066,10
SNOHOMISH REGIONAL FIRE &amp; RESCUE Commissioner Position 6,Seth Henderson,4067,17
SNOHOMISH REGIONAL FIRE &amp; RESCUE Commissioner Position 6,Davin Alsin,4067,57
SNOHOMISH REGIONAL FIRE &amp; RESCUE Commissioner Position 6,Steve Guptill,4067,18
SNOHOMISH REGIONAL FIRE &amp; RESCUE Commissioner Position 6,Seth Henderson,4069,30
SNOHOMISH REGIONAL FIRE &amp; RESCUE Commissioner Position 6,Davin Alsin,4069,71
SNOHOMISH REGIONAL FIRE &amp; RESCUE Commissioner Position 6,Steve Guptill,4069,29
SNOHOMISH REGIONAL FIRE &amp; RESCUE Commissioner Position 6,Seth Henderson,4136,16
SNOHOMISH REGIONAL FIRE &amp; RESCUE Commissioner Position 6,Davin Alsin,4136,40
SNOHOMISH REGIONAL FIRE &amp; RESCUE Commissioner Position 6,Steve Guptill,4136,9
SNOHOMISH REGIONAL FIRE &amp; RESCUE Commissioner Position 6,Seth Henderson,4165,39
SNOHOMISH REGIONAL FIRE &amp; RESCUE Commissioner Position 6,Davin Alsin,4165,84
SNOHOMISH REGIONAL FIRE &amp; RESCUE Commissioner Position 6,Steve Guptill,4165,24
SNOHOMISH REGIONAL FIRE &amp; RESCUE Commissioner Position 6,Seth Henderson,4170,47
SNOHOMISH REGIONAL FIRE &amp; RESCUE Commissioner Position 6,Davin Alsin,4170,109
SNOHOMISH REGIONAL FIRE &amp; RESCUE Commissioner Position 6,Steve Guptill,4170,36
SNOHOMISH REGIONAL FIRE &amp; RESCUE Commissioner Position 6,Seth Henderson,4171,23
SNOHOMISH REGIONAL FIRE &amp; RESCUE Commissioner Position 6,Davin Alsin,4171,40
SNOHOMISH REGIONAL FIRE &amp; RESCUE Commissioner Position 6,Steve Guptill,4171,8
SNOHOMISH REGIONAL FIRE &amp; RESCUE Commissioner Position 6,Seth Henderson,4178,26
SNOHOMISH REGIONAL FIRE &amp; RESCUE Commissioner Position 6,Davin Alsin,4178,46
SNOHOMISH REGIONAL FIRE &amp; RESCUE Commissioner Position 6,Steve Guptill,4178,21
SNOHOMISH REGIONAL FIRE &amp; RESCUE Commissioner Position 6,Seth Henderson,4198,18
SNOHOMISH REGIONAL FIRE &amp; RESCUE Commissioner Position 6,Davin Alsin,4198,50
SNOHOMISH REGIONAL FIRE &amp; RESCUE Commissioner Position 6,Steve Guptill,4198,11
SNOHOMISH REGIONAL FIRE &amp; RESCUE Commissioner Position 6,Seth Henderson,4266,32
SNOHOMISH REGIONAL FIRE &amp; RESCUE Commissioner Position 6,Davin Alsin,4266,57
SNOHOMISH REGIONAL FIRE &amp; RESCUE Commissioner Position 6,Steve Guptill,4266,14
SNOHOMISH REGIONAL FIRE &amp; RESCUE Commissioner Position 6,Seth Henderson,4271,24
SNOHOMISH REGIONAL FIRE &amp; RESCUE Commissioner Position 6,Davin Alsin,4271,73
SNOHOMISH REGIONAL FIRE &amp; RESCUE Commissioner Position 6,Steve Guptill,4271,16
SNOHOMISH REGIONAL FIRE &amp; RESCUE Commissioner Position 6,Seth Henderson,4272,12
SNOHOMISH REGIONAL FIRE &amp; RESCUE Commissioner Position 6,Davin Alsin,4272,28
SNOHOMISH REGIONAL FIRE &amp; RESCUE Commissioner Position 6,Steve Guptill,4272,13
SNOHOMISH REGIONAL FIRE &amp; RESCUE Commissioner Position 6,Seth Henderson,4273,28
SNOHOMISH REGIONAL FIRE &amp; RESCUE Commissioner Position 6,Davin Alsin,4273,38
SNOHOMISH REGIONAL FIRE &amp; RESCUE Commissioner Position 6,Steve Guptill,4273,20
SNOHOMISH REGIONAL FIRE &amp; RESCUE Commissioner Position 6,Seth Henderson,4275,19
SNOHOMISH REGIONAL FIRE &amp; RESCUE Commissioner Position 6,Davin Alsin,4275,48
SNOHOMISH REGIONAL FIRE &amp; RESCUE Commissioner Position 6,Steve Guptill,4275,19
SNOHOMISH REGIONAL FIRE &amp; RESCUE Commissioner Position 6,Seth Henderson,4278,53
SNOHOMISH REGIONAL FIRE &amp; RESCUE Commissioner Position 6,Davin Alsin,4278,80
SNOHOMISH REGIONAL FIRE &amp; RESCUE Commissioner Position 6,Steve Guptill,4278,28
SNOHOMISH REGIONAL FIRE &amp; RESCUE Commissioner Position 6,Seth Henderson,4283,44
SNOHOMISH REGIONAL FIRE &amp; RESCUE Commissioner Position 6,Davin Alsin,4283,85
SNOHOMISH REGIONAL FIRE &amp; RESCUE Commissioner Position 6,Steve Guptill,4283,22
SNOHOMISH REGIONAL FIRE &amp; RESCUE Commissioner Position 6,Seth Henderson,4292,51
SNOHOMISH REGIONAL FIRE &amp; RESCUE Commissioner Position 6,Davin Alsin,4292,131
SNOHOMISH REGIONAL FIRE &amp; RESCUE Commissioner Position 6,Steve Guptill,4292,37
SNOHOMISH REGIONAL FIRE &amp; RESCUE Commissioner Position 6,Seth Henderson,4293,33
SNOHOMISH REGIONAL FIRE &amp; RESCUE Commissioner Position 6,Davin Alsin,4293,60
SNOHOMISH REGIONAL FIRE &amp; RESCUE Commissioner Position 6,Steve Guptill,4293,19
SNOHOMISH REGIONAL FIRE &amp; RESCUE Commissioner Position 6,Seth Henderson,4300,42
SNOHOMISH REGIONAL FIRE &amp; RESCUE Commissioner Position 6,Davin Alsin,4300,67
SNOHOMISH REGIONAL FIRE &amp; RESCUE Commissioner Position 6,Steve Guptill,4300,31
SNOHOMISH REGIONAL FIRE &amp; RESCUE Commissioner Position 6,Seth Henderson,4305,22
SNOHOMISH REGIONAL FIRE &amp; RESCUE Commissioner Position 6,Davin Alsin,4305,65
SNOHOMISH REGIONAL FIRE &amp; RESCUE Commissioner Position 6,Steve Guptill,4305,18
SNOHOMISH REGIONAL FIRE &amp; RESCUE Commissioner Position 6,Seth Henderson,4309,26
SNOHOMISH REGIONAL FIRE &amp; RESCUE Commissioner Position 6,Davin Alsin,4309,95
SNOHOMISH REGIONAL FIRE &amp; RESCUE Commissioner Position 6,Steve Guptill,4309,52
SNOHOMISH REGIONAL FIRE &amp; RESCUE Commissioner Position 6,Seth Henderson,4310,40
SNOHOMISH REGIONAL FIRE &amp; RESCUE Commissioner Position 6,Davin Alsin,4310,114
SNOHOMISH REGIONAL FIRE &amp; RESCUE Commissioner Position 6,Steve Guptill,4310,26
SNOHOMISH REGIONAL FIRE &amp; RESCUE Commissioner Position 6,Seth Henderson,4324,21
SNOHOMISH REGIONAL FIRE &amp; RESCUE Commissioner Position 6,Davin Alsin,4324,14
SNOHOMISH REGIONAL FIRE &amp; RESCUE Commissioner Position 6,Steve Guptill,4324,7
SNOHOMISH REGIONAL FIRE &amp; RESCUE Commissioner Position 6,Seth Henderson,4329,39
SNOHOMISH REGIONAL FIRE &amp; RESCUE Commissioner Position 6,Davin Alsin,4329,148
SNOHOMISH REGIONAL FIRE &amp; RESCUE Commissioner Position 6,Steve Guptill,4329,28
SNOHOMISH REGIONAL FIRE &amp; RESCUE Commissioner Position 6,Seth Henderson,4330,19
SNOHOMISH REGIONAL FIRE &amp; RESCUE Commissioner Position 6,Davin Alsin,4330,73
SNOHOMISH REGIONAL FIRE &amp; RESCUE Commissioner Position 6,Steve Guptill,4330,21
SNOHOMISH REGIONAL FIRE &amp; RESCUE Commissioner Position 6,Seth Henderson,4333,55
SNOHOMISH REGIONAL FIRE &amp; RESCUE Commissioner Position 6,Davin Alsin,4333,154
SNOHOMISH REGIONAL FIRE &amp; RESCUE Commissioner Position 6,Steve Guptill,4333,42
SNOHOMISH REGIONAL FIRE &amp; RESCUE Commissioner Position 6,Seth Henderson,4334,47
SNOHOMISH REGIONAL FIRE &amp; RESCUE Commissioner Position 6,Davin Alsin,4334,96
SNOHOMISH REGIONAL FIRE &amp; RESCUE Commissioner Position 6,Steve Guptill,4334,36
SNOHOMISH REGIONAL FIRE &amp; RESCUE Commissioner Position 6,Seth Henderson,4338,44
SNOHOMISH REGIONAL FIRE &amp; RESCUE Commissioner Position 6,Davin Alsin,4338,76
SNOHOMISH REGIONAL FIRE &amp; RESCUE Commissioner Position 6,Steve Guptill,4338,16
SNOHOMISH REGIONAL FIRE &amp; RESCUE Commissioner Position 6,Seth Henderson,4340,33
SNOHOMISH REGIONAL FIRE &amp; RESCUE Commissioner Position 6,Davin Alsin,4340,101
SNOHOMISH REGIONAL FIRE &amp; RESCUE Commissioner Position 6,Steve Guptill,4340,67
SNOHOMISH REGIONAL FIRE &amp; RESCUE Commissioner Position 6,Seth Henderson,4348,38
SNOHOMISH REGIONAL FIRE &amp; RESCUE Commissioner Position 6,Davin Alsin,4348,65
SNOHOMISH REGIONAL FIRE &amp; RESCUE Commissioner Position 6,Steve Guptill,4348,28
SNOHOMISH REGIONAL FIRE &amp; RESCUE Commissioner Position 6,Seth Henderson,4357,25
SNOHOMISH REGIONAL FIRE &amp; RESCUE Commissioner Position 6,Davin Alsin,4357,49
SNOHOMISH REGIONAL FIRE &amp; RESCUE Commissioner Position 6,Steve Guptill,4357,12
SNOHOMISH REGIONAL FIRE &amp; RESCUE Commissioner Position 6,Seth Henderson,4361,0
SNOHOMISH REGIONAL FIRE &amp; RESCUE Commissioner Position 6,Davin Alsin,4361,0
SNOHOMISH REGIONAL FIRE &amp; RESCUE Commissioner Position 6,Steve Guptill,4361,0
SNOHOMISH REGIONAL FIRE &amp; RESCUE Commissioner Position 6,Seth Henderson,4369,27
SNOHOMISH REGIONAL FIRE &amp; RESCUE Commissioner Position 6,Davin Alsin,4369,52
SNOHOMISH REGIONAL FIRE &amp; RESCUE Commissioner Position 6,Steve Guptill,4369,29
SNOHOMISH REGIONAL FIRE &amp; RESCUE Commissioner Position 6,Seth Henderson,4370,37
SNOHOMISH REGIONAL FIRE &amp; RESCUE Commissioner Position 6,Davin Alsin,4370,72
SNOHOMISH REGIONAL FIRE &amp; RESCUE Commissioner Position 6,Steve Guptill,4370,19
SNOHOMISH REGIONAL FIRE &amp; RESCUE Commissioner Position 6,Seth Henderson,4371,31
SNOHOMISH REGIONAL FIRE &amp; RESCUE Commissioner Position 6,Davin Alsin,4371,107
SNOHOMISH REGIONAL FIRE &amp; RESCUE Commissioner Position 6,Steve Guptill,4371,48
SNOHOMISH REGIONAL FIRE &amp; RESCUE Commissioner Position 6,Seth Henderson,4372,53
SNOHOMISH REGIONAL FIRE &amp; RESCUE Commissioner Position 6,Davin Alsin,4372,118
SNOHOMISH REGIONAL FIRE &amp; RESCUE Commissioner Position 6,Steve Guptill,4372,25
SNOHOMISH REGIONAL FIRE &amp; RESCUE Commissioner Position 6,Seth Henderson,4375,26
SNOHOMISH REGIONAL FIRE &amp; RESCUE Commissioner Position 6,Davin Alsin,4375,84
SNOHOMISH REGIONAL FIRE &amp; RESCUE Commissioner Position 6,Steve Guptill,4375,29
SNOHOMISH REGIONAL FIRE &amp; RESCUE Commissioner Position 6,Seth Henderson,4387,32
SNOHOMISH REGIONAL FIRE &amp; RESCUE Commissioner Position 6,Davin Alsin,4387,82
SNOHOMISH REGIONAL FIRE &amp; RESCUE Commissioner Position 6,Steve Guptill,4387,16
SNOHOMISH REGIONAL FIRE &amp; RESCUE Commissioner Position 6,Seth Henderson,4388,24
SNOHOMISH REGIONAL FIRE &amp; RESCUE Commissioner Position 6,Davin Alsin,4388,72
SNOHOMISH REGIONAL FIRE &amp; RESCUE Commissioner Position 6,Steve Guptill,4388,55
SNOHOMISH REGIONAL FIRE &amp; RESCUE Commissioner Position 6,Seth Henderson,4417,21
SNOHOMISH REGIONAL FIRE &amp; RESCUE Commissioner Position 6,Davin Alsin,4417,45
SNOHOMISH REGIONAL FIRE &amp; RESCUE Commissioner Position 6,Steve Guptill,4417,29
SNOHOMISH REGIONAL FIRE &amp; RESCUE Commissioner Position 6,Seth Henderson,4426,30
SNOHOMISH REGIONAL FIRE &amp; RESCUE Commissioner Position 6,Davin Alsin,4426,86
SNOHOMISH REGIONAL FIRE &amp; RESCUE Commissioner Position 6,Steve Guptill,4426,26
SNOHOMISH REGIONAL FIRE &amp; RESCUE Commissioner Position 6,Seth Henderson,4435,0
SNOHOMISH REGIONAL FIRE &amp; RESCUE Commissioner Position 6,Davin Alsin,4435,0
SNOHOMISH REGIONAL FIRE &amp; RESCUE Commissioner Position 6,Steve Guptill,4435,0
SNOHOMISH REGIONAL FIRE &amp; RESCUE Commissioner Position 6,Seth Henderson,4442,38
SNOHOMISH REGIONAL FIRE &amp; RESCUE Commissioner Position 6,Davin Alsin,4442,59
SNOHOMISH REGIONAL FIRE &amp; RESCUE Commissioner Position 6,Steve Guptill,4442,69
SNOHOMISH REGIONAL FIRE &amp; RESCUE Commissioner Position 6,Seth Henderson,4443,2
SNOHOMISH REGIONAL FIRE &amp; RESCUE Commissioner Position 6,Davin Alsin,4443,3
SNOHOMISH REGIONAL FIRE &amp; RESCUE Commissioner Position 6,Steve Guptill,4443,5
SNOHOMISH REGIONAL FIRE &amp; RESCUE Commissioner Position 6,Seth Henderson,4454,25
SNOHOMISH REGIONAL FIRE &amp; RESCUE Commissioner Position 6,Davin Alsin,4454,64
SNOHOMISH REGIONAL FIRE &amp; RESCUE Commissioner Position 6,Steve Guptill,4454,36
SNOHOMISH REGIONAL FIRE &amp; RESCUE Commissioner Position 6,Seth Henderson,4464,27
SNOHOMISH REGIONAL FIRE &amp; RESCUE Commissioner Position 6,Davin Alsin,4464,49
SNOHOMISH REGIONAL FIRE &amp; RESCUE Commissioner Position 6,Steve Guptill,4464,18
SNOHOMISH REGIONAL FIRE &amp; RESCUE Commissioner Position 6,Seth Henderson,4471,22
SNOHOMISH REGIONAL FIRE &amp; RESCUE Commissioner Position 6,Davin Alsin,4471,55
SNOHOMISH REGIONAL FIRE &amp; RESCUE Commissioner Position 6,Steve Guptill,4471,19
SNOHOMISH REGIONAL FIRE &amp; RESCUE Commissioner Position 6,Seth Henderson,4479,32
SNOHOMISH REGIONAL FIRE &amp; RESCUE Commissioner Position 6,Davin Alsin,4479,71
SNOHOMISH REGIONAL FIRE &amp; RESCUE Commissioner Position 6,Steve Guptill,4479,12
SNOHOMISH REGIONAL FIRE &amp; RESCUE Commissioner Position 6,Seth Henderson,4481,0
SNOHOMISH REGIONAL FIRE &amp; RESCUE Commissioner Position 6,Davin Alsin,4481,8
SNOHOMISH REGIONAL FIRE &amp; RESCUE Commissioner Position 6,Steve Guptill,4481,2
SNOHOMISH REGIONAL FIRE &amp; RESCUE Commissioner Position 6,Seth Henderson,4482,31
SNOHOMISH REGIONAL FIRE &amp; RESCUE Commissioner Position 6,Davin Alsin,4482,89
SNOHOMISH REGIONAL FIRE &amp; RESCUE Commissioner Position 6,Steve Guptill,4482,43
SNOHOMISH REGIONAL FIRE &amp; RESCUE Commissioner Position 6,Seth Henderson,4484,21
SNOHOMISH REGIONAL FIRE &amp; RESCUE Commissioner Position 6,Davin Alsin,4484,82
SNOHOMISH REGIONAL FIRE &amp; RESCUE Commissioner Position 6,Steve Guptill,4484,19
SNOHOMISH REGIONAL FIRE &amp; RESCUE Commissioner Position 6,Seth Henderson,4490,33
SNOHOMISH REGIONAL FIRE &amp; RESCUE Commissioner Position 6,Davin Alsin,4490,60
SNOHOMISH REGIONAL FIRE &amp; RESCUE Commissioner Position 6,Steve Guptill,4490,16
SNOHOMISH REGIONAL FIRE &amp; RESCUE Commissioner Position 6,Seth Henderson,4507,5
SNOHOMISH REGIONAL FIRE &amp; RESCUE Commissioner Position 6,Davin Alsin,4507,38
SNOHOMISH REGIONAL FIRE &amp; RESCUE Commissioner Position 6,Steve Guptill,4507,24
SNOHOMISH REGIONAL FIRE &amp; RESCUE Commissioner Position 6,Seth Henderson,4522,12
SNOHOMISH REGIONAL FIRE &amp; RESCUE Commissioner Position 6,Davin Alsin,4522,31
SNOHOMISH REGIONAL FIRE &amp; RESCUE Commissioner Position 6,Steve Guptill,4522,18
SNOHOMISH REGIONAL FIRE &amp; RESCUE Commissioner Position 6,Seth Henderson,4526,0
SNOHOMISH REGIONAL FIRE &amp; RESCUE Commissioner Position 6,Davin Alsin,4526,0
SNOHOMISH REGIONAL FIRE &amp; RESCUE Commissioner Position 6,Steve Guptill,4526,0
SNOHOMISH REGIONAL FIRE &amp; RESCUE Commissioner Position 6,Seth Henderson,4530,33
SNOHOMISH REGIONAL FIRE &amp; RESCUE Commissioner Position 6,Davin Alsin,4530,61
SNOHOMISH REGIONAL FIRE &amp; RESCUE Commissioner Position 6,Steve Guptill,4530,20
SNOHOMISH REGIONAL FIRE &amp; RESCUE Commissioner Position 6,Seth Henderson,4532,10
SNOHOMISH REGIONAL FIRE &amp; RESCUE Commissioner Position 6,Davin Alsin,4532,33
SNOHOMISH REGIONAL FIRE &amp; RESCUE Commissioner Position 6,Steve Guptill,4532,3
SNOHOMISH REGIONAL FIRE &amp; RESCUE Commissioner Position 6,Seth Henderson,4535,42
SNOHOMISH REGIONAL FIRE &amp; RESCUE Commissioner Position 6,Davin Alsin,4535,86
SNOHOMISH REGIONAL FIRE &amp; RESCUE Commissioner Position 6,Steve Guptill,4535,12
SNOHOMISH REGIONAL FIRE &amp; RESCUE Commissioner Position 6,Seth Henderson,4547,7
SNOHOMISH REGIONAL FIRE &amp; RESCUE Commissioner Position 6,Davin Alsin,4547,22
SNOHOMISH REGIONAL FIRE &amp; RESCUE Commissioner Position 6,Steve Guptill,4547,2
SNOHOMISH REGIONAL FIRE &amp; RESCUE Commissioner Position 6,Seth Henderson,4551,27
SNOHOMISH REGIONAL FIRE &amp; RESCUE Commissioner Position 6,Davin Alsin,4551,62
SNOHOMISH REGIONAL FIRE &amp; RESCUE Commissioner Position 6,Steve Guptill,4551,24
SNOHOMISH REGIONAL FIRE &amp; RESCUE Commissioner Position 6,Seth Henderson,4553,16
SNOHOMISH REGIONAL FIRE &amp; RESCUE Commissioner Position 6,Davin Alsin,4553,45
SNOHOMISH REGIONAL FIRE &amp; RESCUE Commissioner Position 6,Steve Guptill,4553,21
SNOHOMISH REGIONAL FIRE &amp; RESCUE Commissioner Position 6,Seth Henderson,4556,11
SNOHOMISH REGIONAL FIRE &amp; RESCUE Commissioner Position 6,Davin Alsin,4556,10
SNOHOMISH REGIONAL FIRE &amp; RESCUE Commissioner Position 6,Steve Guptill,4556,2
SNOHOMISH REGIONAL FIRE &amp; RESCUE Commissioner Position 6,Seth Henderson,4559,10
SNOHOMISH REGIONAL FIRE &amp; RESCUE Commissioner Position 6,Davin Alsin,4559,23
SNOHOMISH REGIONAL FIRE &amp; RESCUE Commissioner Position 6,Steve Guptill,4559,6
SNOHOMISH REGIONAL FIRE &amp; RESCUE Commissioner Position 6,Seth Henderson,4560,38
SNOHOMISH REGIONAL FIRE &amp; RESCUE Commissioner Position 6,Davin Alsin,4560,164
SNOHOMISH REGIONAL FIRE &amp; RESCUE Commissioner Position 6,Steve Guptill,4560,33
SNOHOMISH REGIONAL FIRE &amp; RESCUE Commissioner Position 6,Seth Henderson,4579,6
SNOHOMISH REGIONAL FIRE &amp; RESCUE Commissioner Position 6,Davin Alsin,4579,15
SNOHOMISH REGIONAL FIRE &amp; RESCUE Commissioner Position 6,Steve Guptill,4579,1
SNOHOMISH REGIONAL FIRE &amp; RESCUE Commissioner Position 6,Seth Henderson,4580,13
SNOHOMISH REGIONAL FIRE &amp; RESCUE Commissioner Position 6,Davin Alsin,4580,18
SNOHOMISH REGIONAL FIRE &amp; RESCUE Commissioner Position 6,Steve Guptill,4580,9
SNOHOMISH REGIONAL FIRE &amp; RESCUE Commissioner Position 6,Seth Henderson,4581,32
SNOHOMISH REGIONAL FIRE &amp; RESCUE Commissioner Position 6,Davin Alsin,4581,62
SNOHOMISH REGIONAL FIRE &amp; RESCUE Commissioner Position 6,Steve Guptill,4581,15
SNOHOMISH REGIONAL FIRE &amp; RESCUE Commissioner Position 6,Seth Henderson,4584,28
SNOHOMISH REGIONAL FIRE &amp; RESCUE Commissioner Position 6,Davin Alsin,4584,82
SNOHOMISH REGIONAL FIRE &amp; RESCUE Commissioner Position 6,Steve Guptill,4584,19
SNOHOMISH REGIONAL FIRE &amp; RESCUE Commissioner Position 6,Seth Henderson,4592,38
SNOHOMISH REGIONAL FIRE &amp; RESCUE Commissioner Position 6,Davin Alsin,4592,85
SNOHOMISH REGIONAL FIRE &amp; RESCUE Commissioner Position 6,Steve Guptill,4592,27
SNOHOMISH REGIONAL FIRE &amp; RESCUE Commissioner Position 6,Seth Henderson,4594,40
SNOHOMISH REGIONAL FIRE &amp; RESCUE Commissioner Position 6,Davin Alsin,4594,98
SNOHOMISH REGIONAL FIRE &amp; RESCUE Commissioner Position 6,Steve Guptill,4594,19
SNOHOMISH REGIONAL FIRE &amp; RESCUE Commissioner Position 6,Seth Henderson,4597,21
SNOHOMISH REGIONAL FIRE &amp; RESCUE Commissioner Position 6,Davin Alsin,4597,53
SNOHOMISH REGIONAL FIRE &amp; RESCUE Commissioner Position 6,Steve Guptill,4597,17
SNOHOMISH REGIONAL FIRE &amp; RESCUE Commissioner Position 6,Seth Henderson,4635,25
SNOHOMISH REGIONAL FIRE &amp; RESCUE Commissioner Position 6,Davin Alsin,4635,59
SNOHOMISH REGIONAL FIRE &amp; RESCUE Commissioner Position 6,Steve Guptill,4635,27
SNOHOMISH REGIONAL FIRE &amp; RESCUE Commissioner Position 6,Seth Henderson,4639,28
SNOHOMISH REGIONAL FIRE &amp; RESCUE Commissioner Position 6,Davin Alsin,4639,73
SNOHOMISH REGIONAL FIRE &amp; RESCUE Commissioner Position 6,Steve Guptill,4639,7
SNOHOMISH REGIONAL FIRE &amp; RESCUE Commissioner Position 6,Seth Henderson,4646,22
SNOHOMISH REGIONAL FIRE &amp; RESCUE Commissioner Position 6,Davin Alsin,4646,54
SNOHOMISH REGIONAL FIRE &amp; RESCUE Commissioner Position 6,Steve Guptill,4646,29
SNOHOMISH REGIONAL FIRE &amp; RESCUE Commissioner Position 6,Seth Henderson,4648,34
SNOHOMISH REGIONAL FIRE &amp; RESCUE Commissioner Position 6,Davin Alsin,4648,83
SNOHOMISH REGIONAL FIRE &amp; RESCUE Commissioner Position 6,Steve Guptill,4648,28
SNOHOMISH REGIONAL FIRE &amp; RESCUE Commissioner Position 6,Seth Henderson,4656,31
SNOHOMISH REGIONAL FIRE &amp; RESCUE Commissioner Position 6,Davin Alsin,4656,61
SNOHOMISH REGIONAL FIRE &amp; RESCUE Commissioner Position 6,Steve Guptill,4656,15
SNOHOMISH REGIONAL FIRE &amp; RESCUE Commissioner Position 6,Seth Henderson,4657,19
SNOHOMISH REGIONAL FIRE &amp; RESCUE Commissioner Position 6,Davin Alsin,4657,46
SNOHOMISH REGIONAL FIRE &amp; RESCUE Commissioner Position 6,Steve Guptill,4657,30
SNOHOMISH REGIONAL FIRE &amp; RESCUE Commissioner Position 6,Seth Henderson,4660,34
SNOHOMISH REGIONAL FIRE &amp; RESCUE Commissioner Position 6,Davin Alsin,4660,62
SNOHOMISH REGIONAL FIRE &amp; RESCUE Commissioner Position 6,Steve Guptill,4660,14
SNOHOMISH REGIONAL FIRE &amp; RESCUE Commissioner Position 6,Seth Henderson,4684,41
SNOHOMISH REGIONAL FIRE &amp; RESCUE Commissioner Position 6,Davin Alsin,4684,69
SNOHOMISH REGIONAL FIRE &amp; RESCUE Commissioner Position 6,Steve Guptill,4684,16
SNOHOMISH REGIONAL FIRE &amp; RESCUE Commissioner Position 6,Seth Henderson,4685,40
SNOHOMISH REGIONAL FIRE &amp; RESCUE Commissioner Position 6,Davin Alsin,4685,62
SNOHOMISH REGIONAL FIRE &amp; RESCUE Commissioner Position 6,Steve Guptill,4685,15
SNOHOMISH REGIONAL FIRE &amp; RESCUE Commissioner Position 6,Seth Henderson,4691,13
SNOHOMISH REGIONAL FIRE &amp; RESCUE Commissioner Position 6,Davin Alsin,4691,44
SNOHOMISH REGIONAL FIRE &amp; RESCUE Commissioner Position 6,Steve Guptill,4691,13
SNOHOMISH REGIONAL FIRE &amp; RESCUE Commissioner Position 6,Seth Henderson,4693,25
SNOHOMISH REGIONAL FIRE &amp; RESCUE Commissioner Position 6,Davin Alsin,4693,68
SNOHOMISH REGIONAL FIRE &amp; RESCUE Commissioner Position 6,Steve Guptill,4693,20
SNOHOMISH REGIONAL FIRE &amp; RESCUE Commissioner Position 6,Seth Henderson,4698,0
SNOHOMISH REGIONAL FIRE &amp; RESCUE Commissioner Position 6,Davin Alsin,4698,0
SNOHOMISH REGIONAL FIRE &amp; RESCUE Commissioner Position 6,Steve Guptill,4698,0
SNOHOMISH REGIONAL FIRE &amp; RESCUE Commissioner Position 6,Seth Henderson,4705,18
SNOHOMISH REGIONAL FIRE &amp; RESCUE Commissioner Position 6,Davin Alsin,4705,46
SNOHOMISH REGIONAL FIRE &amp; RESCUE Commissioner Position 6,Steve Guptill,4705,4
SNOHOMISH REGIONAL FIRE &amp; RESCUE Commissioner Position 6,Seth Henderson,4707,0
SNOHOMISH REGIONAL FIRE &amp; RESCUE Commissioner Position 6,Davin Alsin,4707,0
SNOHOMISH REGIONAL FIRE &amp; RESCUE Commissioner Position 6,Steve Guptill,4707,0
SNOHOMISH REGIONAL FIRE &amp; RESCUE Commissioner Position 6,Seth Henderson,4710,17
SNOHOMISH REGIONAL FIRE &amp; RESCUE Commissioner Position 6,Davin Alsin,4710,38
SNOHOMISH REGIONAL FIRE &amp; RESCUE Commissioner Position 6,Steve Guptill,4710,33
SNOHOMISH REGIONAL FIRE &amp; RESCUE Commissioner Position 6,Seth Henderson,4715,22
SNOHOMISH REGIONAL FIRE &amp; RESCUE Commissioner Position 6,Davin Alsin,4715,51
SNOHOMISH REGIONAL FIRE &amp; RESCUE Commissioner Position 6,Steve Guptill,4715,13
SNOHOMISH REGIONAL FIRE &amp; RESCUE Commissioner Position 6,Seth Henderson,4753,4
SNOHOMISH REGIONAL FIRE &amp; RESCUE Commissioner Position 6,Davin Alsin,4753,6
SNOHOMISH REGIONAL FIRE &amp; RESCUE Commissioner Position 6,Steve Guptill,4753,2
SNOHOMISH REGIONAL FIRE &amp; RESCUE Commissioner Position 6,Seth Henderson,4754,14
SNOHOMISH REGIONAL FIRE &amp; RESCUE Commissioner Position 6,Davin Alsin,4754,44
SNOHOMISH REGIONAL FIRE &amp; RESCUE Commissioner Position 6,Steve Guptill,4754,19
SNOHOMISH REGIONAL FIRE &amp; RESCUE Commissioner Position 6,Seth Henderson,4762,51
SNOHOMISH REGIONAL FIRE &amp; RESCUE Commissioner Position 6,Davin Alsin,4762,86
SNOHOMISH REGIONAL FIRE &amp; RESCUE Commissioner Position 6,Steve Guptill,4762,25
SNOHOMISH REGIONAL FIRE &amp; RESCUE Commissioner Position 6,Seth Henderson,4763,16
SNOHOMISH REGIONAL FIRE &amp; RESCUE Commissioner Position 6,Davin Alsin,4763,52
SNOHOMISH REGIONAL FIRE &amp; RESCUE Commissioner Position 6,Steve Guptill,4763,16
SNOHOMISH REGIONAL FIRE &amp; RESCUE Commissioner Position 6,Seth Henderson,4803,29
SNOHOMISH REGIONAL FIRE &amp; RESCUE Commissioner Position 6,Davin Alsin,4803,82
SNOHOMISH REGIONAL FIRE &amp; RESCUE Commissioner Position 6,Steve Guptill,4803,19
SNOHOMISH REGIONAL FIRE &amp; RESCUE Commissioner Position 6,Seth Henderson,4806,20
SNOHOMISH REGIONAL FIRE &amp; RESCUE Commissioner Position 6,Davin Alsin,4806,29
SNOHOMISH REGIONAL FIRE &amp; RESCUE Commissioner Position 6,Steve Guptill,4806,10
SNOHOMISH REGIONAL FIRE &amp; RESCUE Commissioner Position 6,Seth Henderson,4813,4
SNOHOMISH REGIONAL FIRE &amp; RESCUE Commissioner Position 6,Davin Alsin,4813,18
SNOHOMISH REGIONAL FIRE &amp; RESCUE Commissioner Position 6,Steve Guptill,4813,1
SNOHOMISH REGIONAL FIRE &amp; RESCUE Commissioner Position 6,Seth Henderson,4816,6
SNOHOMISH REGIONAL FIRE &amp; RESCUE Commissioner Position 6,Davin Alsin,4816,8
SNOHOMISH REGIONAL FIRE &amp; RESCUE Commissioner Position 6,Steve Guptill,4816,6
SNOHOMISH REGIONAL FIRE &amp; RESCUE Commissioner Position 6,Seth Henderson,4818,4
SNOHOMISH REGIONAL FIRE &amp; RESCUE Commissioner Position 6,Davin Alsin,4818,4
SNOHOMISH REGIONAL FIRE &amp; RESCUE Commissioner Position 6,Steve Guptill,4818,3
SNOHOMISH REGIONAL FIRE &amp; RESCUE Commissioner Position 6,Seth Henderson,4820,17
SNOHOMISH REGIONAL FIRE &amp; RESCUE Commissioner Position 6,Davin Alsin,4820,23
SNOHOMISH REGIONAL FIRE &amp; RESCUE Commissioner Position 6,Steve Guptill,4820,5
SNOHOMISH REGIONAL FIRE &amp; RESCUE Commissioner Position 6,Seth Henderson,4841,25
SNOHOMISH REGIONAL FIRE &amp; RESCUE Commissioner Position 6,Davin Alsin,4841,97
SNOHOMISH REGIONAL FIRE &amp; RESCUE Commissioner Position 6,Steve Guptill,4841,22
SNOHOMISH REGIONAL FIRE &amp; RESCUE Commissioner Position 6,Seth Henderson,4842,20
SNOHOMISH REGIONAL FIRE &amp; RESCUE Commissioner Position 6,Davin Alsin,4842,80
SNOHOMISH REGIONAL FIRE &amp; RESCUE Commissioner Position 6,Steve Guptill,4842,44
SNOHOMISH REGIONAL FIRE &amp; RESCUE Commissioner Position 6,Seth Henderson,4843,39
SNOHOMISH REGIONAL FIRE &amp; RESCUE Commissioner Position 6,Davin Alsin,4843,72
SNOHOMISH REGIONAL FIRE &amp; RESCUE Commissioner Position 6,Steve Guptill,4843,49
SNOHOMISH REGIONAL FIRE &amp; RESCUE Commissioner Position 6,Seth Henderson,4845,9
SNOHOMISH REGIONAL FIRE &amp; RESCUE Commissioner Position 6,Davin Alsin,4845,9
SNOHOMISH REGIONAL FIRE &amp; RESCUE Commissioner Position 6,Steve Guptill,4845,3
